age,income,debt_to_income_ratio,credit_utilization,late_payments,credit_history_years,loan_amount,months_employed,savings_balance,existing_loans,monthly_debt_payment,employment_status,risk_flag,credit_score
25,55868.34,0.2915,0.2341,0,16,30970.96,160,2721.08,2,288.43,Full-time,1,837.36
57,53844.91,0.4778,0.2719,2,9,23518.01,169,12518.01,3,659.5,Full-time,1,729.52
51,93529.73,0.5856,0.206,1,15,16619.56,47,3133.65,2,465.17,Self-employed,1,636.99
41,95663.96,0.3114,0.2757,3,1,14509.85,75,8614.35,2,732.2,Full-time,1,675.16
41,52011.01,0.4067,0.5586,0,10,49314.68,28,47709.57,5,93.55,Full-time,1,611.67
61,55192.19,0.3547,0.5169,0,14,29818.29,15,6760.13,1,651.73,Full-time,1,626.86
25,84415.72,0.2073,0.147,0,3,8722.43,62,5491.1,0,309.99,Full-time,1,802.73
53,45596.54,0.4854,0.3713,1,16,18317.98,153,27707.05,0,798.88,Full-time,1,714.06
30,55009.42,0.4559,0.3716,1,14,43116.45,74,11099.22,2,328.58,Self-employed,1,657.0
25,68893.47,0.272,0.1179,1,9,26278.83,40,37362.46,1,369.85,Part-time,1,747.26
45,103587.55,0.4671,0.1424,2,16,21669.28,45,10537.07,0,713.36,Full-time,1,661.77
66,50409.28,0.2428,0.4294,2,15,7243.28,126,23119.34,1,464.39,Full-time,1,724.81
55,28880.65,0.2318,0.0996,6,4,91066.78,100,3600.7,0,523.84,Full-time,1,688.89
56,27932.08,0.3381,0.2158,1,1,29881.79,84,6035.25,2,413.66,Self-employed,1,739.62
54,37543.82,0.3327,0.3062,1,5,62844.89,67,11417.89,1,314.66,Part-time,1,704.47
57,36646.55,0.3692,0.0926,0,8,22267.8,169,9477.84,0,363.32,Full-time,1,850.0
45,61723.82,0.3854,0.2506,0,12,17805.01,28,111682.18,2,505.75,Unemployed,1,695.06
27,38754.57,0.4943,0.2821,2,3,11486.61,139,31682.64,0,614.86,Full-time,1,697.02
60,48231.15,0.3576,0.3158,1,6,35691.13,179,30976.23,3,169.14,Full-time,1,787.94
42,46707.56,0.4837,0.1919,2,7,51447.26,144,11554.74,2,310.24,Self-employed,1,726.92
44,54272.42,0.6093,0.1991,1,9,37381.39,98,4088.52,1,168.76,Full-time,1,674.1
38,119985.59,0.4871,0.3822,1,8,87462.69,109,55396.36,1,288.68,Part-time,1,674.15
29,89132.24,0.412,0.38,2,8,19766.42,154,3368.84,0,320.64,Part-time,1,709.73
64,66653.19,0.3574,0.2545,0,12,11677.06,27,8369.25,3,588.4,Full-time,1,701.66
57,53773.61,0.5556,0.0961,2,12,21592.52,146,21750.45,0,499.66,Full-time,1,730.96
51,54450.39,0.3512,0.1615,1,14,31661.45,32,122659.1,0,322.47,Full-time,1,705.93
39,76686.88,0.4187,0.4205,0,17,15003.86,28,58652.66,2,117.05,Full-time,1,642.6
59,86066.55,0.4906,0.2807,2,17,17493.74,10,22685.76,4,227.63,Part-time,1,590.98
46,43983.6,0.3078,0.1909,1,15,20945.56,21,83011.16,2,314.86,Full-time,1,702.44
41,67266.41,0.1767,0.4157,1,6,25476.25,114,8780.52,1,920.8,Unemployed,1,763.06
42,26523.1,0.3639,0.3419,2,12,19818.25,19,19598.35,1,468.51,Unemployed,1,621.19
31,72785.44,0.4273,0.2767,0,12,20902.88,125,46175.96,1,210.25,Self-employed,1,756.8
25,93243.27,0.3527,0.1135,2,12,28145.29,19,4055.69,2,193.77,Part-time,1,681.65
47,58335.68,0.6585,0.2778,2,15,30885.9,39,18393.54,1,352.15,Self-employed,1,565.5
62,149857.05,0.3889,0.1861,1,14,12752.68,67,19457.51,4,250.29,Self-employed,1,717.64
23,44508.82,0.4682,0.3963,3,7,4987.02,155,18942.81,1,205.75,Full-time,1,664.63
61,72973.25,0.4328,0.2977,2,4,8718.84,30,5503.33,2,250.46,Full-time,1,620.73
59,65112.96,0.1823,0.3882,0,10,24902.65,65,19354.8,2,314.85,Full-time,1,752.43
34,63250.99,0.1862,0.7317,4,11,10812.14,22,17159.68,3,689.47,Self-employed,1,529.55
50,62853.07,0.5682,0.2843,0,12,21717.75,41,8373.55,2,593.3,Unemployed,1,642.63
28,69438.54,0.3895,0.1836,2,1,17325.39,97,25928.25,0,516.0,Full-time,1,718.08
56,96914.21,0.3488,0.2337,2,2,18898.96,135,42109.62,3,610.78,Self-employed,1,749.44
53,123005.13,0.3379,0.5489,0,13,25436.69,96,7348.82,2,507.79,Self-employed,1,691.4
37,66104.19,0.2955,0.2685,5,11,41481.23,113,20351.35,2,668.87,Part-time,1,663.39
24,95501.02,0.5427,0.2428,3,13,17824.82,65,43204.09,5,215.61,Full-time,1,605.66
66,48252.59,0.5214,0.3371,2,10,8695.15,38,43888.43,7,156.52,Full-time,1,590.97
41,93403.11,0.2985,0.167,1,14,22419.46,119,11711.77,1,418.75,Full-time,1,792.87
62,46962.46,0.4107,0.1881,0,6,29704.9,150,33233.51,0,568.31,Full-time,1,804.76
52,108098.38,0.5421,0.2315,0,9,3723.57,109,10867.67,1,382.92,Full-time,1,720.33
57,178936.88,0.3771,0.3737,1,17,10876.62,21,26768.24,1,224.55,Full-time,1,635.95
56,62633.92,0.2307,0.2916,1,17,18406.64,179,7128.14,0,519.35,Part-time,1,832.06
30,24670.3,0.3978,0.1705,0,2,12884.62,36,3664.9,2,422.11,Full-time,1,718.04
38,51707.97,0.2859,0.7291,0,3,19813.56,99,21012.18,3,270.87,Part-time,1,664.46
42,115190.64,0.5518,0.3266,1,17,11650.97,138,28218.28,1,276.89,Self-employed,1,692.81
44,84870.73,0.5514,0.2913,4,10,34750.67,176,24350.59,3,95.62,Unemployed,1,658.42
23,74014.12,0.4764,0.4735,1,11,18694.27,98,6669.43,2,152.96,Self-employed,1,645.37
46,104182.64,0.4027,0.228,0,1,5116.16,165,1632.57,2,143.47,Self-employed,1,809.69
28,82289.93,0.3418,0.3005,4,2,30090.7,79,28071.56,4,128.83,Full-time,1,638.17
55,114459.5,0.628,0.1551,0,12,31458.72,17,46161.28,1,553.6,Self-employed,1,636.99
53,100081.55,0.163,0.241,1,4,17568.54,29,2669.08,2,73.17,Part-time,1,740.02
64,131237.67,0.2946,0.2218,2,14,4976.29,165,10304.83,0,61.79,Full-time,1,793.67
56,77765.89,0.3598,0.3605,1,14,33906.77,18,6027.24,1,1105.26,Unemployed,1,641.93
38,99445.67,0.4307,0.3758,2,17,8818.33,166,16468.49,2,293.83,Full-time,1,715.17
66,57629.67,0.3529,0.3696,1,4,14003.9,79,41615.04,2,167.73,Self-employed,1,692.56
40,50480.51,0.4176,0.1828,0,7,12065.3,171,10959.68,1,1152.16,Part-time,1,821.52
36,142635.18,0.1926,0.1456,1,1,6583.57,177,8688.15,3,209.91,Full-time,1,850.0
63,72932.68,0.3738,0.2741,2,10,18111.32,16,18626.45,0,574.6,Unemployed,1,632.67
38,95053.6,0.6321,0.1665,1,10,20783.67,113,2196.4,0,301.85,Full-time,1,687.91
24,69960.29,0.6136,0.1404,2,2,19523.56,8,27230.89,3,120.91,Full-time,1,587.49
43,50821.15,0.4067,0.3029,1,17,15575.72,59,32829.56,1,48.9,Unemployed,1,676.43
58,66499.01,0.2338,0.3728,3,10,10705.55,170,13413.01,2,321.94,Full-time,1,753.33
29,126272.47,0.3152,0.3479,0,7,50431.39,179,9192.92,2,203.09,Full-time,1,817.63
42,84953.39,0.261,0.3612,2,14,20531.95,27,10516.1,2,322.79,Full-time,1,653.9
27,30633.12,0.3822,0.5109,3,8,9368.96,179,10553.61,3,583.22,Full-time,1,681.78
53,60062.44,0.2794,0.1862,2,13,24546.33,35,12722.53,1,438.52,Self-employed,1,698.8
43,147566.21,0.2071,0.5105,5,14,23274.14,62,3546.13,1,730.33,Full-time,1,586.91
36,60101.58,0.3781,0.113,0,14,27742.89,95,18992.96,2,121.83,Full-time,1,787.49
31,29430.43,0.6028,0.4567,1,11,17631.59,41,9777.49,2,306.07,Unemployed,1,564.15
47,155107.24,0.2133,0.589,2,6,11662.82,14,13595.92,2,105.34,Self-employed,1,600.43
52,89956.06,0.5054,0.3016,0,5,6914.62,37,8173.8,0,943.78,Full-time,1,653.81
65,64118.88,0.3977,0.2092,1,17,12441.49,14,18466.37,2,106.42,Unemployed,1,665.06
41,55986.28,0.5947,0.217,0,10,5656.54,107,41355.62,2,221.04,Unemployed,1,706.51
28,107694.99,0.2079,0.3412,1,10,22260.31,116,15952.41,3,344.97,Part-time,1,774.0
60,51849.86,0.3511,0.4549,1,8,5858.74,58,3323.31,1,48.65,Part-time,1,654.28
50,110936.74,0.5312,0.3086,3,10,14061.29,151,13408.84,2,648.28,Full-time,1,664.32
53,84456.16,0.4741,0.4392,1,1,30039.68,141,15967.67,0,1018.21,Part-time,1,690.47
25,73873.31,0.4221,0.4227,1,11,15222.68,62,12752.86,1,298.21,Full-time,1,644.36
35,70649.17,0.315,0.1425,2,2,17302.98,65,6966.84,2,408.55,Unemployed,1,724.04
57,61160.96,0.6156,0.2176,0,10,24598.33,73,12850.36,2,303.86,Full-time,1,671.75
60,105930.45,0.4192,0.1398,0,11,25830.58,110,27319.18,1,538.61,Full-time,1,780.96
41,44828.34,0.4976,0.6393,1,17,37292.03,152,10388.76,3,395.31,Self-employed,1,642.56
58,31892.74,0.5498,0.5437,0,3,26751.22,47,43170.06,4,948.3,Part-time,1,588.3
60,87246.97,0.4237,0.2008,0,15,23166.73,61,7686.66,2,355.55,Full-time,1,723.52
39,87908.98,0.534,0.4941,1,14,4568.7,88,5561.12,0,602.84,Full-time,1,614.61
63,82134.1,0.3696,0.412,1,14,21357.58,47,10970.86,1,371.15,Part-time,1,650.29
34,79497.25,0.5325,0.1067,0,9,57583.93,119,2373.24,2,153.97,Part-time,1,762.74
32,57282.87,0.1632,0.4212,0,15,28372.74,17,13262.56,2,631.0,Full-time,1,709.91
53,94312.33,0.6091,0.148,1,2,35551.98,178,10075.3,1,131.13,Self-employed,1,753.6
50,64828.39,0.2071,0.2741,0,9,11248.66,52,23956.73,0,510.16,Full-time,1,762.68
27,53146.04,0.3503,0.1881,0,17,17185.1,56,3124.75,0,343.4,Self-employed,1,744.55
60,57506.25,0.6744,0.1748,1,11,26774.35,51,25603.58,3,337.68,Part-time,1,621.48
30,164273.48,0.2634,0.2889,3,15,24590.56,136,15233.19,4,606.21,Full-time,1,737.09
58,30310.84,0.5841,0.2878,2,10,31353.25,32,51404.77,0,696.94,Full-time,1,579.49
21,82859.75,0.3136,0.3259,0,11,8151.64,110,11562.82,3,511.8,Part-time,1,766.11
58,31082.5,0.2633,0.4775,1,13,10350.91,121,17854.76,1,787.49,Full-time,1,727.47
57,63025.52,0.382,0.2652,1,13,7290.62,136,22909.88,1,291.07,Full-time,1,757.43
57,54440.72,0.3917,0.4135,4,8,21613.13,96,2371.52,1,300.7,Self-employed,1,609.12
52,25893.24,0.3692,0.1133,0,12,15817.92,111,34345.86,1,107.22,Full-time,1,803.42
43,78831.42,0.6744,0.4419,2,6,15737.45,83,11971.94,3,301.61,Part-time,1,556.37
54,55769.53,0.1694,0.5651,2,1,11198.56,22,4535.19,4,260.36,Full-time,1,626.24
34,25728.57,0.347,0.466,1,2,9992.43,5,12530.86,2,354.12,Full-time,1,608.57
57,96548.97,0.2181,0.6008,1,11,18057.1,45,36150.73,0,392.66,Full-time,1,646.87
47,126216.35,0.4993,0.3467,1,11,39149.84,129,9986.16,1,381.03,Unemployed,1,696.04
42,129386.06,0.2416,0.2028,0,5,54023.86,129,14595.65,6,253.14,Self-employed,1,834.32
44,77771.51,0.4393,0.4595,0,8,54157.09,108,2438.09,0,376.51,Full-time,1,693.34
47,67556.95,0.5065,0.0929,2,17,12992.18,134,6456.03,1,385.69,Full-time,1,736.49
22,120291.17,0.2866,0.2101,1,14,7878.44,144,24382.67,1,634.9,Self-employed,1,806.5
27,141078.62,0.4976,0.1426,1,7,33476.22,114,32853.35,3,137.94,Full-time,1,735.07
32,110205.92,0.2684,0.1832,0,10,44012.63,87,15983.6,2,277.89,Full-time,1,796.18
26,43317.33,0.1765,0.3918,2,12,24156.91,38,21943.63,1,209.85,Full-time,1,680.77
41,72446.61,0.2074,0.2191,0,13,17746.21,23,9505.72,4,651.33,Part-time,1,752.17
52,80642.6,0.243,0.2611,1,3,11628.22,22,13593.61,1,93.03,Part-time,1,705.16
51,29309.66,0.397,0.2731,2,5,27553.51,22,5423.3,2,684.3,Part-time,1,630.96
43,81732.93,0.537,0.1442,1,9,26983.99,133,8803.27,2,176.74,Self-employed,1,738.68
61,184028.57,0.266,0.3532,1,16,21984.43,123,13041.9,2,703.41,Full-time,1,759.4
47,88253.73,0.5087,0.2485,1,2,8312.22,115,3537.2,4,216.07,Self-employed,1,706.1
24,128416.72,0.1573,0.437,1,13,8995.63,92,102249.77,1,506.31,Part-time,1,745.23
56,71848.26,0.4957,0.3049,1,7,16886.36,101,7340.66,2,205.38,Unemployed,1,684.23
48,64026.46,0.2936,0.2736,0,7,37395.87,48,15973.99,2,425.04,Part-time,1,733.52
50,78556.4,0.3031,0.2732,0,10,34090.52,6,4615.23,1,410.27,Self-employed,1,695.77
47,45838.43,0.3521,0.4709,1,4,13638.24,150,1022.56,3,231.66,Full-time,1,726.64
47,42886.02,0.3955,0.4485,1,11,5020.01,112,57271.55,1,344.39,Full-time,1,687.56
25,116989.22,0.3931,0.4604,2,9,45921.0,170,14014.97,0,258.92,Full-time,1,708.64
47,122706.92,0.2422,0.1544,1,7,42986.19,140,2105.01,4,195.54,Full-time,1,830.41
58,42361.79,0.3792,0.5035,1,3,19667.98,71,5584.41,3,1321.28,Self-employed,1,644.53
35,102293.3,0.2543,0.1047,0,3,13346.51,85,77515.75,2,47.98,Full-time,1,818.37
49,63631.76,0.1803,0.2587,1,4,14544.43,71,20129.66,1,444.47,Full-time,1,765.4
22,77104.26,0.3751,0.2202,0,12,34606.38,12,1490.19,2,279.22,Full-time,1,692.42
37,81397.38,0.3655,0.1731,1,7,26260.63,39,8645.27,1,273.23,Full-time,1,704.58
41,103513.54,0.1857,0.3597,5,1,13364.99,54,11435.96,1,287.96,Part-time,1,624.36
67,68680.68,0.2764,0.193,2,15,84215.26,160,20877.87,2,398.59,Full-time,1,802.16
31,124813.13,0.1636,0.322,2,14,6179.61,33,13257.02,3,1006.22,Full-time,1,697.92
33,76056.81,0.5675,0.2827,4,12,11835.87,11,3058.71,2,439.55,Full-time,1,518.24
40,87630.37,0.2131,0.2425,1,12,12022.51,112,7795.22,1,252.63,Unemployed,1,793.78
67,45480.18,0.3488,0.3008,0,12,19423.56,56,6178.84,2,259.69,Full-time,1,716.83
61,174799.79,0.3435,0.3478,2,14,39841.41,24,25241.58,1,113.28,Part-time,1,630.0
22,81750.01,0.5605,0.4648,2,16,32211.15,71,8420.75,3,219.18,Part-time,1,574.82
31,91203.53,0.141,0.107,1,17,19706.17,10,8335.74,0,442.66,Full-time,0,764.28
59,32090.53,0.6087,0.1045,3,5,7122.52,81,10703.52,2,507.9,Part-time,1,633.76
23,45696.82,0.501,0.1718,1,6,35193.24,147,6420.49,1,1163.17,Full-time,1,754.25
61,115502.52,0.3927,0.27,0,3,8146.45,102,48160.77,1,468.55,Full-time,1,749.69
34,75289.88,0.4098,0.2189,3,10,13612.27,166,34688.22,1,276.47,Full-time,1,735.67
64,27967.52,0.3804,0.2535,2,8,17104.85,179,36094.99,0,368.95,Unemployed,1,771.67
34,105580.66,0.2101,0.5374,1,11,10247.31,152,4682.36,1,663.92,Part-time,1,754.29
41,51807.89,0.3758,0.0782,1,11,10108.49,138,18021.01,2,565.78,Full-time,1,807.71
52,124878.01,0.4467,0.1775,0,10,33548.83,106,26107.82,2,281.29,Full-time,1,759.95
26,63606.69,0.4672,0.2855,2,1,49908.36,18,5584.52,2,280.95,Part-time,1,603.46
47,72556.29,0.3211,0.0977,1,11,17123.66,66,4927.69,3,718.15,Full-time,1,759.24
44,112479.87,0.3343,0.5195,1,3,5191.01,164,5748.89,2,306.56,Full-time,1,731.5
57,44184.45,0.2974,0.7233,1,17,21946.79,17,3856.36,3,213.89,Full-time,1,569.12
67,42328.63,0.1432,0.1223,1,1,11077.88,140,32543.46,2,517.46,Full-time,1,850.0
52,60571.25,0.4288,0.174,1,9,23211.63,72,30066.2,3,639.64,Full-time,1,712.86
40,96011.93,0.1929,0.3019,2,7,22177.68,167,10145.74,1,229.04,Full-time,1,805.82
40,36355.66,0.2439,0.3957,2,15,4831.34,35,12654.27,3,673.09,Part-time,1,657.07
40,31237.81,0.135,0.2398,0,1,13721.71,78,7487.1,4,889.36,Self-employed,1,814.55
59,95862.91,0.2128,0.5063,4,11,27762.75,146,95523.06,3,552.79,Part-time,1,681.25
36,50446.05,0.2887,0.5096,2,15,16894.94,76,9225.35,2,96.03,Self-employed,1,649.32
28,55464.49,0.1866,0.3649,1,14,8371.12,150,8521.37,4,348.27,Part-time,1,802.8
36,28693.77,0.5459,0.3538,1,5,28549.9,67,11981.96,2,778.39,Part-time,1,628.61
22,48749.94,0.1402,0.1828,1,6,5620.47,86,4369.47,2,649.55,Unemployed,1,808.91
25,65946.21,0.2863,0.2281,2,4,21243.91,128,16771.43,1,32.42,Self-employed,1,763.75
25,100576.11,0.2043,0.2465,0,6,12365.48,57,44896.58,2,431.0,Full-time,1,774.58
57,46767.62,0.3133,0.1814,1,8,24436.63,146,11521.42,1,458.42,Part-time,1,807.33
54,139499.91,0.3906,0.3953,3,16,15372.1,126,26396.44,2,648.52,Full-time,1,663.99
53,48627.76,0.3606,0.2199,0,16,25344.65,157,2524.16,1,199.92,Full-time,1,817.68
42,48659.81,0.4474,0.1349,1,15,46759.97,114,5944.24,1,523.79,Full-time,1,752.06
54,132165.59,0.5887,0.1915,2,7,29317.83,155,14505.56,3,592.35,Full-time,1,704.68
28,72777.13,0.1466,0.3126,1,9,28948.1,105,2777.11,1,325.55,Unemployed,1,790.37
63,51616.1,0.3926,0.577,1,9,27120.42,84,17658.77,2,315.46,Self-employed,1,632.97
44,61709.31,0.5907,0.4933,0,8,5422.25,166,10281.9,2,746.21,Part-time,1,687.8
65,121647.54,0.2378,0.4581,0,4,19079.47,79,17185.57,0,319.53,Full-time,1,729.97
28,128000.73,0.2779,0.2161,1,5,21781.2,52,10963.48,1,251.19,Full-time,1,730.94
44,45818.49,0.2858,0.2371,3,10,26556.02,146,11619.44,4,140.83,Full-time,1,751.65
53,64919.6,0.3457,0.1787,0,4,16997.7,61,1459.11,4,420.8,Part-time,1,752.45
44,68910.96,0.2263,0.3811,0,2,29759.21,7,5281.13,0,292.4,Part-time,1,692.67
41,42454.66,0.379,0.1321,1,4,9217.39,12,20565.73,1,296.92,Full-time,1,688.28
28,64533.63,0.3292,0.2449,1,16,72763.05,131,4009.04,4,390.45,Self-employed,1,774.18
38,66329.85,0.4819,0.1453,1,17,26655.87,41,5801.34,2,692.37,Full-time,1,678.27
32,110535.75,0.3548,0.336,1,1,9468.91,70,9215.28,2,632.11,Self-employed,1,692.89
35,113930.2,0.6177,0.448,1,5,46575.43,86,9965.8,1,571.62,Unemployed,1,599.36
53,57059.84,0.2445,0.2221,3,14,8256.99,71,24555.67,2,260.69,Full-time,1,705.29
50,60097.35,0.5652,0.1071,3,8,18153.41,148,16237.88,0,500.76,Self-employed,1,702.0
49,89226.34,0.1843,0.4449,0,4,19550.2,152,7615.4,1,119.38,Unemployed,1,810.15
38,50851.52,0.2685,0.2448,3,12,13535.38,36,3111.72,2,436.0,Full-time,1,663.25
66,86239.89,0.408,0.27,2,12,16556.56,13,150000.0,0,238.8,Full-time,1,620.93
25,63604.66,0.2429,0.2479,2,11,18850.17,95,13795.9,1,412.51,Full-time,1,744.32
37,42777.63,0.3994,0.3894,0,7,8507.3,153,29046.27,0,290.65,Unemployed,1,760.33
26,43020.13,0.2719,0.2009,0,14,21836.91,57,1761.39,0,364.34,Part-time,1,765.7
36,126902.76,0.196,0.139,1,5,18071.59,73,9741.78,1,76.65,Full-time,1,792.28
66,61673.54,0.3526,0.4472,2,7,70315.66,142,9432.35,2,1243.27,Full-time,1,700.75
38,138435.44,0.1791,0.1341,1,16,50956.67,79,9002.11,3,416.58,Full-time,1,803.58
63,52515.5,0.315,0.1995,0,6,10794.34,115,25887.54,0,684.19,Full-time,1,801.46
44,75436.18,0.2854,0.285,2,3,16338.53,159,10666.37,0,468.69,Self-employed,1,775.63
53,194211.79,0.5499,0.2652,3,9,11097.22,12,9273.81,1,75.87,Unemployed,1,553.73
42,41116.96,0.345,0.5237,1,12,15085.5,12,13208.42,3,428.0,Unemployed,1,600.58
33,28169.17,0.5419,0.3252,0,11,32913.7,31,13650.07,1,96.97,Full-time,1,631.96
56,118062.04,0.231,0.5194,0,5,16783.98,95,4774.02,4,256.54,Unemployed,1,730.02
66,45612.45,0.5893,0.455,0,17,12717.13,138,30992.91,4,368.71,Full-time,1,674.46
33,65557.45,0.4017,0.397,0,13,27550.88,25,8172.16,3,306.67,Full-time,1,651.07
57,50834.82,0.2575,0.3452,1,10,4648.66,123,12237.75,1,142.93,Full-time,1,763.95
33,74658.02,0.2809,0.1476,0,13,13760.21,17,47681.68,2,142.96,Self-employed,1,743.0
54,43142.28,0.368,0.0809,0,14,47051.08,23,150000.0,3,619.32,Full-time,1,738.54
58,61024.27,0.4338,0.3973,1,10,48645.29,167,19888.45,1,693.96,Full-time,1,734.7
42,81017.21,0.2229,0.1528,1,16,44969.47,56,3040.09,2,522.73,Full-time,1,766.6
55,42035.13,0.5751,0.4109,2,5,7616.81,76,10470.16,2,724.96,Full-time,1,588.08
33,48289.15,0.2198,0.3703,2,1,7576.97,51,57426.0,1,1242.51,Full-time,1,683.98
24,56595.1,0.1659,0.1465,1,10,12764.18,63,10982.75,0,441.46,Full-time,1,791.1
25,34788.18,0.2481,0.4673,2,5,18192.7,86,27118.99,0,630.52,Full-time,1,680.41
42,54712.5,0.6435,0.1942,0,15,10795.31,39,26788.88,1,339.58,Full-time,1,640.9
63,69804.83,0.3036,0.0871,0,1,5561.23,7,7344.66,2,198.24,Full-time,1,742.98
26,55282.02,0.3125,0.2577,1,14,34526.59,126,66756.54,3,104.24,Full-time,1,771.82
42,58564.3,0.4541,0.1969,1,16,30724.64,96,19237.81,2,883.84,Part-time,1,719.54
54,65581.19,0.3518,0.3973,4,16,11926.1,98,13061.78,2,208.47,Full-time,1,626.8
30,49262.35,0.5278,0.3039,2,7,29684.64,32,11624.78,1,30.88,Full-time,1,592.35
54,90307.71,0.2245,0.0727,1,14,34906.56,130,4933.18,2,253.22,Unemployed,0,847.81
35,126271.57,0.5455,0.1732,0,10,3408.67,133,6829.15,1,356.94,Full-time,1,753.88
59,53692.51,0.4413,0.585,0,1,28294.43,88,5599.89,0,1235.54,Full-time,1,644.69
48,82317.52,0.0982,0.2,2,9,17281.44,100,92308.0,0,434.27,Full-time,1,803.87
46,59407.29,0.3931,0.2688,0,13,3104.94,70,32255.99,1,287.86,Unemployed,1,723.2
29,78000.41,0.2921,0.1078,0,13,36780.47,142,5664.19,1,643.82,Self-employed,1,850.0
42,133866.83,0.3796,0.0936,0,7,19064.89,165,64010.48,0,369.89,Full-time,1,850.0
61,83191.2,0.2139,0.3095,0,7,5899.78,114,42626.67,4,333.8,Full-time,1,803.46
21,29791.05,0.5106,0.188,0,11,23819.26,21,7736.63,0,520.7,Full-time,1,667.32
56,81169.76,0.5739,0.2248,0,1,20469.75,163,20982.62,2,303.09,Full-time,1,757.46
44,115241.9,0.2383,0.2649,3,15,26333.29,99,7484.6,2,924.63,Full-time,1,719.78
54,59891.01,0.4142,0.1781,4,7,4656.88,172,31931.49,1,891.82,Part-time,1,724.55
52,103573.38,0.368,0.299,0,10,14612.92,131,20300.0,1,671.39,Unemployed,1,774.02
41,48506.25,0.2705,0.553,0,8,9076.7,113,9320.79,2,221.87,Full-time,1,724.77
35,33911.43,0.347,0.3084,2,7,16089.57,59,4665.89,0,323.67,Self-employed,1,667.97
50,70511.14,0.3557,0.1994,3,7,5493.12,114,12644.02,4,591.01,Full-time,1,713.44
27,30018.99,0.2893,0.0995,2,14,8250.24,43,20287.88,0,319.12,Self-employed,1,724.17
48,59403.18,0.5287,0.4279,1,5,52979.08,65,40347.86,2,298.01,Self-employed,1,613.58
25,118075.44,0.3516,0.0757,2,17,40662.54,116,22804.11,2,452.99,Part-time,1,772.26
51,28018.12,0.4468,0.1294,0,2,35601.24,168,29360.73,3,211.11,Self-employed,1,823.61
50,37206.04,0.3871,0.3652,0,8,50488.68,98,7051.81,2,344.9,Self-employed,1,724.24
24,41588.77,0.2425,0.444,2,1,4872.22,147,2486.39,0,264.76,Unemployed,1,738.75
56,64312.29,0.4332,0.2642,1,7,17332.92,80,3170.37,3,164.76,Part-time,1,695.66
40,56130.1,0.3285,0.3826,2,16,21391.63,47,10426.86,3,490.58,Full-time,1,644.97
57,124195.4,0.5729,0.1745,1,10,13750.24,19,6925.24,1,182.34,Full-time,1,625.34
22,101666.87,0.4553,0.1093,0,2,4902.06,49,12032.57,2,133.66,Full-time,1,726.92
29,82691.56,0.6493,0.2847,1,12,33474.64,23,24928.61,2,109.4,Unemployed,1,578.2
44,70652.84,0.5867,0.5038,1,7,27791.34,134,22775.31,6,504.15,Full-time,1,634.71
29,78980.27,0.2662,0.2835,3,3,11678.85,21,1819.85,3,175.87,Part-time,1,641.76
36,44896.18,0.2575,0.3925,0,2,32594.96,65,119715.87,1,209.97,Full-time,1,728.79
52,97318.53,0.1694,0.6302,1,8,19673.61,158,18631.97,3,653.52,Full-time,1,748.3
27,40117.99,0.2579,0.1699,1,2,28104.18,148,17086.08,1,96.33,Full-time,1,828.49
52,96367.05,0.3758,0.1511,2,12,9508.28,150,11776.35,0,295.63,Full-time,1,774.48
25,112844.28,0.3606,0.2736,1,12,21312.82,165,10531.66,3,222.82,Full-time,1,785.92
29,72757.63,0.2172,0.2502,0,15,21471.21,93,34037.95,1,613.37,Full-time,1,799.79
48,61126.71,0.3697,0.2987,2,16,15335.68,23,5839.91,5,279.28,Full-time,1,633.58
58,79232.31,0.4034,0.1711,2,16,2774.59,42,17338.84,4,212.87,Self-employed,1,671.2
29,20000.0,0.3475,0.0767,1,6,20337.74,95,48465.31,1,314.73,Full-time,1,780.74
35,75812.33,0.2388,0.1971,1,5,21330.21,38,15699.9,0,377.42,Full-time,1,735.75
64,62880.46,0.5199,0.226,0,13,9302.7,160,20666.26,0,113.73,Full-time,1,770.86
67,64680.65,0.3625,0.4867,0,8,26918.93,79,4048.2,0,217.84,Part-time,1,685.41
48,90938.58,0.3211,0.2487,0,14,21402.53,100,26972.67,1,618.7,Full-time,1,774.83
42,63981.8,0.2359,0.5988,1,15,24020.28,23,18287.15,0,290.42,Self-employed,1,623.7
37,39612.77,0.6792,0.4578,1,11,13846.36,28,12268.38,2,688.53,Self-employed,1,530.12
49,62091.77,0.4179,0.3379,0,9,5452.74,144,24675.58,1,871.59,Full-time,1,760.16
48,68213.65,0.2465,0.3801,0,15,5537.95,143,5054.62,3,697.61,Unemployed,1,800.19
34,69683.6,0.3647,0.5794,1,9,29180.24,109,61762.0,3,735.93,Part-time,1,661.57
22,71172.64,0.4044,0.1577,1,4,8385.71,39,150000.0,1,374.47,Full-time,1,696.76
28,105631.94,0.3381,0.3718,0,2,10315.37,85,8015.03,0,178.93,Full-time,1,726.45
66,40590.3,0.4166,0.4357,0,2,32459.14,90,36294.27,1,648.63,Part-time,1,691.1
40,71615.39,0.2273,0.3171,4,2,4042.03,48,11822.45,0,778.44,Full-time,1,642.54
43,118239.6,0.2876,0.2441,2,8,5857.19,174,4694.12,1,471.81,Part-time,1,797.7
42,30315.82,0.4082,0.4213,3,11,31331.75,79,40239.98,1,259.48,Full-time,1,613.05
57,71742.67,0.5451,0.3469,0,10,19129.83,160,10495.39,3,259.97,Full-time,1,733.08
24,50847.17,0.265,0.4069,1,7,4467.36,95,22472.34,2,754.53,Part-time,1,722.94
24,56004.11,0.4172,0.3224,0,7,13257.0,110,67769.04,1,153.44,Full-time,1,735.91
33,44039.25,0.469,0.3146,0,9,20398.0,175,20923.37,3,75.46,Self-employed,1,776.48
43,61310.24,0.4167,0.3108,2,16,8338.61,30,15954.33,1,495.47,Self-employed,1,622.29
52,151533.96,0.2579,0.3019,1,13,6553.91,106,5907.71,0,352.43,Full-time,1,760.49
44,37459.15,0.7142,0.3468,1,3,5530.14,71,5924.44,3,628.85,Full-time,1,583.21
41,39092.09,0.2436,0.2474,0,5,32612.58,37,11898.66,0,396.05,Full-time,1,745.9
65,36832.26,0.3637,0.1297,1,16,37432.99,44,9680.2,2,501.98,Full-time,1,720.13
28,143966.83,0.2578,0.4006,2,15,30585.68,35,23816.41,0,637.11,Unemployed,1,651.68
47,53741.84,0.3345,0.4941,2,8,42728.14,122,5294.43,2,590.12,Self-employed,1,677.79
46,65412.09,0.3376,0.3274,4,5,44191.86,114,6912.13,1,419.25,Full-time,1,661.87
43,55201.63,0.2168,0.1991,1,15,6240.26,137,11744.21,2,924.68,Part-time,1,824.35
58,43261.13,0.587,0.3659,0,15,36348.44,146,14499.67,4,796.74,Full-time,1,704.09
33,59526.82,0.6336,0.5201,0,7,19507.32,113,14039.5,2,711.92,Self-employed,1,624.06
65,200027.4,0.3776,0.0764,0,2,68165.0,59,11314.98,1,337.41,Unemployed,1,766.79
36,123801.15,0.282,0.191,2,9,150000.0,110,6858.33,4,311.11,Part-time,1,759.32
46,45079.28,0.4423,0.1766,2,11,15725.87,111,21862.61,5,152.04,Full-time,1,715.66
45,88557.59,0.2986,0.1296,2,12,14566.94,58,36506.36,0,511.71,Full-time,1,726.35
60,45515.8,0.4516,0.3905,1,16,13785.96,159,17391.3,2,358.21,Part-time,1,724.4
41,29751.49,0.2599,0.5075,2,9,18964.87,83,8159.43,2,940.51,Part-time,1,664.32
34,104692.2,0.3127,0.2395,3,16,21213.15,88,2622.06,1,851.09,Unemployed,1,694.65
22,111529.21,0.2494,0.1268,2,15,114308.39,176,54780.44,0,185.59,Full-time,1,840.15
38,105950.1,0.3798,0.2837,2,1,19934.71,84,11515.38,1,112.75,Full-time,1,685.14
59,53560.15,0.3389,0.3898,1,10,13349.83,163,41097.61,1,218.88,Part-time,1,761.71
21,61386.85,0.2968,0.2383,1,3,18199.81,65,53938.87,2,981.53,Part-time,1,730.55
63,92725.1,0.4671,0.37,2,1,10122.65,129,26453.04,3,1239.16,Part-time,1,674.87
46,78918.68,0.3261,0.2772,1,1,5571.0,171,30077.02,0,588.54,Self-employed,1,800.37
27,55429.27,0.3011,0.3921,4,14,16259.02,156,28110.31,2,619.41,Part-time,1,691.64
35,31933.72,0.351,0.445,2,15,92354.46,34,11070.38,2,149.87,Full-time,1,611.78
47,69650.41,0.5053,0.453,0,9,33585.82,128,5033.65,1,395.19,Full-time,1,691.83
35,107533.14,0.579,0.4038,3,17,12890.14,40,26325.95,2,976.41,Self-employed,1,533.68
26,38603.0,0.2697,0.5705,3,12,23054.97,116,3640.24,0,233.17,Part-time,1,648.13
52,88207.01,0.711,0.2743,5,1,104811.44,134,9567.77,0,553.3,Self-employed,1,554.79
52,76817.96,0.3983,0.2812,0,6,20727.99,136,7756.96,6,619.3,Full-time,1,773.54
26,92741.07,0.2741,0.2466,3,12,9671.12,156,21743.92,2,222.04,Full-time,1,761.12
34,97967.29,0.3842,0.2703,0,12,18919.68,46,16283.08,0,519.59,Self-employed,1,705.5
32,48411.4,0.1944,0.5278,0,13,28263.48,29,7743.47,3,99.21,Unemployed,1,683.9
51,31964.09,0.2974,0.3148,1,13,24140.6,173,9336.9,1,290.44,Full-time,1,801.25
55,52047.72,0.4296,0.4238,2,11,49857.64,118,70582.37,2,8.16,Full-time,1,663.5
55,98726.36,0.5669,0.2031,0,17,19338.69,79,6857.52,1,317.21,Full-time,1,694.99
65,51849.38,0.2036,0.4268,2,11,3497.8,78,11432.11,1,314.72,Full-time,1,697.22
57,48420.59,0.1687,0.3694,0,7,25090.47,10,21854.28,5,316.25,Self-employed,1,715.37
36,29155.31,0.3548,0.1729,0,4,23924.68,177,14183.72,0,774.44,Part-time,1,847.83
26,145610.63,0.3358,0.4743,4,4,22858.93,36,22419.65,0,275.01,Full-time,1,560.68
49,95948.91,0.4813,0.161,1,8,9956.77,127,33991.21,1,1588.86,Full-time,1,746.19
64,93568.89,0.1784,0.1574,1,9,72788.51,120,45405.62,4,303.24,Self-employed,1,832.13
66,102280.72,0.4197,0.4338,0,2,8423.37,173,13882.0,2,153.97,Self-employed,1,759.81
31,85778.08,0.3987,0.2316,0,12,9073.73,120,18854.15,0,250.17,Self-employed,1,772.49
32,59281.47,0.651,0.3324,0,7,15364.44,167,15972.4,0,672.17,Full-time,1,710.77
22,61470.1,0.422,0.1506,0,9,45636.86,98,6241.91,4,401.72,Part-time,1,767.42
27,54589.46,0.221,0.1639,2,12,47042.81,96,15768.47,1,457.25,Full-time,1,772.72
47,216562.26,0.2672,0.2441,0,15,28229.96,91,3293.59,0,287.44,Full-time,1,784.65
46,84979.08,0.2526,0.1706,2,10,33703.16,167,18374.09,2,135.01,Full-time,1,820.74
38,53706.53,0.3699,0.1905,4,17,7246.32,115,2181.44,1,68.15,Full-time,1,687.24
35,81590.94,0.628,0.3228,0,13,5487.03,164,5761.76,3,228.01,Unemployed,1,717.57
60,41986.73,0.2239,0.497,3,17,13899.48,130,27641.51,4,324.27,Part-time,1,691.91
42,130226.17,0.3332,0.2448,0,8,33521.63,100,19838.93,5,308.87,Full-time,1,772.17
58,49144.44,0.0991,0.2438,2,3,34137.85,38,13166.12,1,265.82,Self-employed,1,740.99
66,82908.13,0.5766,0.4044,1,5,9814.61,119,9109.57,2,353.62,Part-time,1,650.09
35,106904.37,0.4933,0.2941,0,5,9099.45,39,6407.36,1,653.11,Full-time,1,660.98
30,78680.12,0.4093,0.2671,0,6,40865.63,133,8221.13,0,261.93,Full-time,1,771.27
65,69044.84,0.2545,0.1766,0,6,20602.16,9,23918.85,2,538.45,Self-employed,1,737.0
50,66493.6,0.2117,0.2242,1,9,4229.4,77,10765.52,1,342.96,Full-time,1,769.61
34,64511.68,0.2847,0.3908,0,16,8209.85,109,2270.88,1,1047.92,Full-time,1,757.72
50,51046.16,0.5124,0.2712,2,2,25326.27,67,4690.21,2,484.15,Self-employed,1,634.31
45,54053.66,0.4227,0.1594,3,14,7860.27,69,6699.9,0,152.26,Self-employed,1,665.84
63,128774.19,0.1683,0.4272,0,10,9054.05,12,10671.49,1,286.6,Self-employed,1,702.71
33,63016.92,0.4585,0.2993,1,3,9287.54,168,10409.93,1,403.45,Part-time,1,752.62
67,46462.08,0.3763,0.1786,0,14,33271.2,9,5445.21,1,542.82,Self-employed,1,699.96
64,52452.65,0.2427,0.2257,0,8,17913.87,62,22531.34,2,411.46,Self-employed,1,772.43
29,108571.78,0.1889,0.4026,2,12,58305.61,161,2482.77,3,171.45,Self-employed,1,776.85
28,89681.79,0.5277,0.1772,1,16,13356.14,102,7085.31,2,278.02,Full-time,1,707.39
46,85148.16,0.3544,0.2721,0,3,15558.45,89,26028.38,0,401.07,Full-time,1,749.82
23,58930.58,0.0994,0.3741,0,4,22792.83,64,21140.92,0,605.22,Unemployed,1,779.99
35,85649.02,0.4629,0.2973,1,4,11646.17,13,10620.09,1,972.73,Self-employed,1,622.64
41,49533.15,0.1567,0.2929,1,10,5890.29,66,29671.23,1,559.51,Self-employed,1,759.76
66,58875.11,0.1929,0.1679,1,17,14089.84,98,16670.98,3,645.17,Part-time,1,806.82
67,102376.45,0.2209,0.3405,1,12,10678.06,67,14185.54,2,216.03,Full-time,1,729.44
28,98068.84,0.5122,0.3186,0,10,16502.34,86,22262.39,1,650.97,Full-time,1,688.36
62,42537.47,0.4693,0.101,1,2,11864.21,111,18870.23,2,588.44,Self-employed,1,751.46
25,45026.8,0.3442,0.3395,0,6,24723.27,81,41437.07,2,420.34,Part-time,1,729.36
56,69488.46,0.2628,0.4922,1,8,14096.0,67,10568.44,1,764.03,Full-time,1,678.94
60,143883.55,0.38,0.4993,2,9,5818.63,155,10867.88,1,422.32,Part-time,1,690.34
62,27945.06,0.3359,0.3104,0,16,11662.82,29,15792.9,1,400.85,Full-time,1,695.8
31,75000.48,0.3763,0.2227,1,6,7773.06,97,13604.11,0,371.26,Self-employed,1,737.27
62,35624.2,0.387,0.423,1,1,69226.64,32,64753.77,4,639.24,Self-employed,1,629.82
26,49739.32,0.3923,0.2479,3,8,18624.57,27,20863.28,2,251.25,Part-time,1,617.83
45,56162.65,0.4041,0.2119,0,11,28767.95,96,7224.98,2,445.3,Full-time,1,755.8
43,54763.06,0.2431,0.5674,0,7,16863.2,10,3761.59,1,726.17,Self-employed,1,643.55
35,52041.24,0.1605,0.1113,0,15,65102.36,79,50786.68,0,172.54,Unemployed,0,839.86
22,66386.11,0.2926,0.4727,2,14,7460.28,54,9712.79,4,332.2,Full-time,1,639.05
57,52007.07,0.194,0.2441,1,8,10361.84,157,17694.95,5,252.43,Self-employed,1,836.61
36,34265.5,0.3333,0.3696,1,16,39301.32,40,13150.5,2,299.44,Full-time,1,665.94
52,93989.78,0.3558,0.2928,1,5,12551.98,10,26516.45,3,191.04,Full-time,1,653.39
40,92854.82,0.2088,0.4065,0,16,10681.13,14,8349.35,0,174.6,Unemployed,1,697.4
38,96705.78,0.3617,0.2671,4,13,12173.11,49,14780.04,0,256.98,Full-time,1,615.55
62,33079.51,0.2206,0.2434,1,3,69722.41,6,8402.33,4,140.17,Full-time,1,702.97
25,75698.47,0.3848,0.3349,0,7,75447.44,125,142107.22,0,280.81,Full-time,1,755.0
55,89696.81,0.2342,0.3831,2,12,24024.03,10,7045.96,4,866.15,Part-time,1,642.3
56,41604.31,0.3891,0.227,1,6,20695.88,124,21507.03,1,78.81,Part-time,1,754.85
38,66444.88,0.1966,0.2183,2,14,31207.5,45,150000.0,6,449.5,Full-time,1,723.94
33,62798.09,0.3499,0.4322,2,5,23735.91,16,33990.0,2,176.95,Unemployed,1,600.31
21,151595.0,0.224,0.234,4,16,20394.17,71,13120.4,5,273.26,Full-time,1,683.47
65,157317.8,0.2855,0.2703,0,17,13155.25,46,15396.78,3,196.87,Unemployed,1,735.11
65,31289.56,0.3996,0.4055,1,2,11719.75,94,6695.37,1,156.28,Full-time,1,682.08
32,203265.27,0.2191,0.3798,0,13,25522.2,43,55709.09,3,329.65,Full-time,1,725.15
22,43833.27,0.1306,0.4748,1,12,19878.36,167,11026.63,0,204.33,Full-time,1,806.29
26,102878.4,0.1244,0.2141,1,3,50410.32,172,12550.64,3,583.82,Self-employed,1,850.0
24,102408.41,0.363,0.2965,1,12,15043.44,64,6332.76,4,245.73,Part-time,1,695.31
60,42274.5,0.4874,0.3171,1,6,9436.83,165,10244.67,2,1300.29,Part-time,1,737.0
62,82616.98,0.5371,0.4343,0,14,6484.88,175,14122.66,0,292.77,Full-time,1,726.13
28,63045.36,0.5082,0.1322,0,16,10533.21,176,33727.16,2,474.36,Part-time,1,811.16
56,84918.61,0.2772,0.135,1,1,6590.49,59,16752.81,5,646.02,Full-time,1,757.26
29,73409.05,0.7032,0.1267,2,15,40267.99,28,33883.86,1,318.8,Unemployed,1,580.7
38,113363.28,0.5663,0.3912,4,17,13392.0,118,1915.99,2,562.91,Part-time,1,580.64
49,68454.86,0.5627,0.4058,1,6,10535.72,126,43940.11,1,237.56,Full-time,1,659.74
54,61356.52,0.2501,0.2925,1,17,25231.17,88,4271.82,1,271.8,Full-time,1,750.18
62,108361.58,0.4822,0.1237,1,13,70568.97,95,25688.57,3,483.41,Unemployed,1,728.58
23,85920.54,0.3812,0.5732,0,10,13376.27,68,951.43,1,352.24,Self-employed,1,649.01
30,91979.04,0.2583,0.3051,0,2,8153.21,135,14126.95,0,713.6,Self-employed,1,808.74
34,49066.71,0.6015,0.2853,1,9,13671.54,150,29896.11,2,340.38,Self-employed,1,698.22
35,41341.9,0.2057,0.4041,3,3,4909.22,40,6534.62,3,1070.1,Unemployed,1,645.6
67,51252.77,0.2133,0.2627,0,5,25855.33,159,13773.52,1,526.55,Full-time,1,850.0
57,50042.62,0.4161,0.2205,0,16,27006.9,8,29360.43,0,906.19,Unemployed,1,676.71
36,94257.88,0.2657,0.1744,2,2,13258.69,121,24938.34,1,176.35,Unemployed,1,777.52
66,102661.54,0.2646,0.3977,0,10,8231.32,23,3548.67,2,276.03,Self-employed,1,690.36
44,61709.39,0.2732,0.2797,1,17,96781.63,37,31228.14,2,299.36,Part-time,1,703.95
44,125984.42,0.4738,0.3612,3,3,7626.86,92,57088.94,2,335.96,Full-time,1,619.23
41,122493.25,0.642,0.3863,3,4,10666.54,48,37526.53,1,369.25,Part-time,1,525.83
27,73830.67,0.4063,0.3864,0,9,18469.63,176,4694.61,2,1535.4,Self-employed,1,778.18
64,45713.49,0.383,0.4893,2,9,32944.11,133,5309.74,2,646.58,Full-time,1,673.61
21,134446.21,0.3592,0.3221,1,8,16228.5,9,14252.47,0,169.77,Self-employed,1,644.22
29,64378.96,0.3538,0.341,3,4,18485.79,58,21975.37,2,885.57,Self-employed,1,631.94
31,70036.68,0.4609,0.5066,0,17,27678.01,106,28009.01,4,284.49,Full-time,1,673.41
34,56793.53,0.1675,0.1962,3,2,150000.0,29,6815.08,3,17.61,Full-time,1,699.87
27,44337.87,0.308,0.1505,2,1,12022.96,37,12541.18,1,351.48,Part-time,1,700.81
21,34170.3,0.2129,0.4197,2,5,12620.28,9,6664.27,2,271.9,Full-time,1,638.7
52,87973.49,0.3306,0.3867,6,13,16724.97,15,5677.56,3,509.61,Part-time,1,516.64
66,46512.18,0.3996,0.1077,1,3,29007.27,172,18871.61,2,156.21,Full-time,1,821.53
26,250000.0,0.3764,0.2514,0,13,105623.01,113,12551.44,1,1178.82,Self-employed,1,768.4
34,40589.59,0.6056,0.2834,1,7,16688.99,55,19675.36,0,231.17,Unemployed,1,618.3
44,37578.14,0.4894,0.4224,0,14,26589.55,69,8217.79,2,356.68,Unemployed,1,655.08
64,83246.59,0.1328,0.3508,2,4,3978.35,96,23605.2,2,244.34,Part-time,1,752.46
53,131688.04,0.4065,0.1757,2,14,18868.17,134,5123.53,4,123.51,Unemployed,1,745.79
57,68122.67,0.5513,0.4708,1,1,17856.59,54,9071.47,1,95.59,Full-time,1,586.91
48,85605.87,0.4478,0.437,1,13,36804.79,68,5214.98,4,619.57,Unemployed,1,638.08
40,28865.54,0.5503,0.169,1,1,12555.01,90,17014.83,2,473.42,Full-time,1,692.66
30,48782.15,0.4328,0.5942,0,8,7664.25,20,62356.47,4,282.95,Self-employed,1,588.28
61,40817.77,0.5254,0.3489,2,12,21179.32,39,18276.34,2,467.84,Part-time,1,587.66
58,28204.29,0.4009,0.4142,1,1,6055.05,132,12253.34,1,215.51,Self-employed,1,711.18
22,69747.8,0.3865,0.3259,0,16,10274.3,148,11295.46,0,267.05,Part-time,1,775.91
54,24118.33,0.4289,0.3325,0,17,18741.57,118,8159.84,1,196.03,Unemployed,1,736.54
24,36497.97,0.2826,0.3726,0,12,3368.74,166,34180.02,6,146.96,Self-employed,1,810.4
55,51961.73,0.2459,0.3876,0,5,15078.24,162,18960.99,2,190.96,Full-time,1,814.33
59,45520.65,0.3838,0.458,2,13,54521.08,118,3221.18,0,185.27,Part-time,1,668.69
27,79093.33,0.2901,0.3662,1,6,5839.06,126,33693.21,2,454.89,Full-time,1,751.42
41,75925.74,0.5186,0.3057,1,12,11177.01,61,6374.28,3,354.9,Full-time,1,643.83
26,98934.12,0.6198,0.2255,2,3,27225.85,5,7649.95,2,303.59,Full-time,1,561.85
47,92834.41,0.2246,0.1368,1,11,31914.03,52,18806.28,0,413.83,Unemployed,1,766.75
64,110565.76,0.145,0.4091,0,6,18780.26,149,8034.45,2,227.37,Self-employed,1,828.39
24,66114.06,0.2172,0.4098,1,10,15828.93,134,89895.35,2,162.89,Full-time,1,769.06
39,75853.57,0.3009,0.4649,3,6,57377.95,100,10908.09,2,216.14,Full-time,1,651.84
66,83298.11,0.5811,0.5395,3,5,20929.53,101,22883.77,1,394.18,Full-time,1,549.96
35,70526.62,0.5324,0.2536,2,7,8600.89,5,3594.58,3,229.29,Full-time,1,581.05
27,55340.63,0.2059,0.1113,2,15,19616.09,36,7912.19,3,352.11,Self-employed,1,740.4
43,56976.88,0.4675,0.2269,1,7,16408.71,145,11952.85,0,317.45,Full-time,1,748.86
44,45802.72,0.295,0.2106,3,12,13265.82,166,31172.65,2,272.39,Part-time,1,772.18
52,79995.65,0.3029,0.5039,3,12,5558.91,139,5351.96,2,117.86,Unemployed,1,673.99
35,63430.06,0.2867,0.2731,3,11,17944.5,40,37031.11,2,244.3,Part-time,1,654.05
65,49097.91,0.3679,0.7003,1,17,27112.77,179,14886.74,5,422.61,Unemployed,1,688.72
45,49118.44,0.4231,0.3115,0,1,30495.34,91,17647.15,1,607.88,Full-time,1,721.03
34,38381.11,0.3595,0.3791,3,9,18174.72,88,7090.15,1,585.29,Unemployed,1,645.71
66,102793.62,0.3071,0.4305,2,17,18488.19,76,5881.7,1,554.46,Unemployed,1,663.58
64,68554.06,0.7066,0.0994,0,17,12185.96,140,2099.03,1,146.5,Full-time,1,729.84
44,44879.66,0.5711,0.0698,0,8,35510.38,127,17235.6,1,723.53,Self-employed,1,767.05
22,95210.59,0.525,0.1925,0,1,7845.03,129,22769.27,2,201.87,Unemployed,1,751.88
49,51420.8,0.512,0.3726,0,7,12522.46,3,9822.15,0,258.94,Unemployed,1,605.75
47,35139.27,0.3499,0.2545,2,7,10258.83,90,3477.33,0,386.62,Part-time,1,706.4
27,104772.86,0.296,0.2365,4,7,16677.32,26,8327.34,1,686.03,Unemployed,1,623.74
50,51964.0,0.5835,0.468,1,1,45204.15,33,18345.46,1,187.61,Full-time,1,560.45
60,55049.9,0.4748,0.2109,0,16,7852.59,132,15621.86,5,1507.13,Part-time,1,764.83
25,67408.81,0.1545,0.1107,0,11,21927.14,81,23651.22,2,328.91,Unemployed,0,843.48
54,110654.18,0.2316,0.2568,1,7,22271.81,164,3378.56,1,324.56,Unemployed,1,827.99
27,66770.51,0.561,0.1741,2,17,9183.42,30,9468.7,3,366.16,Self-employed,1,613.18
56,38576.45,0.3113,0.3294,1,15,15759.35,171,12269.36,1,595.89,Full-time,1,791.76
40,84520.1,0.5228,0.1807,1,4,9626.46,56,22883.61,4,547.07,Unemployed,1,669.65
21,53196.86,0.342,0.4733,1,4,19350.85,116,7999.46,1,168.95,Self-employed,1,700.74
66,154749.94,0.4718,0.4458,2,13,16601.21,157,21050.19,0,481.1,Unemployed,1,677.84
28,66137.83,0.2745,0.1651,1,15,51708.03,28,5961.19,4,488.46,Self-employed,1,724.71
49,24203.05,0.4329,0.1373,1,13,10554.27,47,16065.77,0,761.32,Full-time,1,699.97
29,77715.83,0.1714,0.3587,1,15,15988.48,56,10412.5,2,85.69,Self-employed,1,730.57
64,158747.32,0.5084,0.1421,1,2,13883.65,149,9909.26,1,810.13,Full-time,1,761.12
55,134479.11,0.4561,0.3084,2,3,46616.2,166,103898.44,1,706.36,Full-time,1,724.4
58,150833.13,0.5095,0.1227,2,8,12776.54,8,10067.27,3,664.31,Full-time,1,623.14
41,41819.08,0.2301,0.3398,0,11,9664.19,143,9326.49,0,905.47,Full-time,1,815.19
42,99754.61,0.4397,0.4892,0,3,10475.87,89,3980.08,3,721.13,Full-time,1,669.96
50,47815.37,0.3342,0.3104,1,2,10355.33,127,30995.05,2,510.28,Full-time,1,752.97
57,73198.5,0.2516,0.1592,2,6,12005.69,134,8416.41,7,329.93,Full-time,1,796.39
60,37315.77,0.4137,0.1304,1,13,9906.67,120,13000.85,0,164.68,Full-time,1,768.29
21,49513.22,0.2394,0.336,2,14,18230.21,156,6518.21,0,200.72,Full-time,1,774.18
52,48809.93,0.3412,0.1064,1,14,7266.05,41,19022.46,2,835.35,Self-employed,1,730.21
26,99146.11,0.1355,0.2215,2,5,27000.68,7,29509.76,3,292.68,Full-time,1,709.81
34,94875.77,0.5205,0.1235,1,5,18561.19,95,40633.38,1,327.24,Full-time,1,717.14
59,74949.43,0.3415,0.1001,1,16,56119.57,143,12099.09,0,463.81,Full-time,1,816.69
32,36037.32,0.312,0.0614,0,3,25004.48,40,8067.29,0,296.15,Part-time,1,774.38
58,57512.77,0.4086,0.3554,1,14,23298.07,160,7632.87,3,453.68,Unemployed,1,746.9
42,47299.15,0.5118,0.152,0,1,73621.4,24,13561.68,0,318.85,Self-employed,1,678.46
31,97865.96,0.1946,0.2912,2,5,24443.19,30,16574.04,1,397.5,Full-time,1,693.82
36,112440.92,0.4544,0.3548,2,4,15516.58,159,21218.81,3,456.65,Part-time,1,707.48
45,106443.92,0.2405,0.31,5,8,9813.86,12,6504.1,3,243.4,Part-time,1,585.35
56,47105.79,0.399,0.3658,0,2,49862.49,175,14976.6,0,462.62,Full-time,1,784.68
49,20000.0,0.2454,0.2363,1,11,8902.97,39,5617.41,1,294.46,Full-time,1,724.8
64,29877.68,0.1653,0.3104,1,8,8121.89,32,11967.24,1,963.91,Part-time,1,724.48
61,125458.73,0.2405,0.5636,3,11,8147.36,44,43751.28,2,82.06,Self-employed,1,598.62
56,55239.6,0.2542,0.4872,0,13,10649.63,149,11005.85,3,724.61,Full-time,1,776.11
49,47201.17,0.4419,0.3322,0,10,18590.38,36,6299.12,2,298.06,Full-time,1,664.38
34,138579.18,0.2892,0.1542,4,9,15010.94,112,17996.49,4,578.37,Full-time,1,718.02
40,116928.97,0.491,0.361,1,7,26049.73,107,28575.15,1,321.26,Part-time,1,676.62
26,66903.19,0.3152,0.2447,0,12,8408.31,119,6950.17,2,514.49,Full-time,1,793.43
38,57986.68,0.2888,0.2089,2,17,9796.23,47,4222.75,3,462.75,Self-employed,1,700.3
64,62352.21,0.5373,0.2129,2,3,20080.0,142,6699.68,0,321.86,Full-time,1,703.92
41,73293.21,0.1815,0.3577,1,2,9182.69,130,9193.61,4,209.64,Self-employed,1,789.46
26,135947.12,0.3643,0.2669,2,14,6949.91,117,48553.36,3,109.69,Self-employed,1,721.48
51,80026.28,0.2366,0.3642,1,11,6180.21,94,4050.39,1,478.75,Full-time,1,741.3
66,91739.94,0.3804,0.2231,3,10,17431.51,87,3165.14,3,603.12,Part-time,1,677.6
61,111990.75,0.5125,0.4225,1,1,17185.5,83,16833.49,2,115.76,Part-time,1,634.79
33,39090.93,0.3925,0.1532,1,8,16627.76,157,7295.24,0,365.04,Self-employed,1,799.78
42,92938.0,0.3176,0.373,0,10,42271.48,156,5751.92,2,167.86,Unemployed,1,791.47
45,57956.27,0.1781,0.3761,1,13,22282.21,46,23208.14,0,552.41,Self-employed,1,715.88
32,21327.6,0.3552,0.492,3,4,18038.07,108,14436.41,2,83.91,Self-employed,1,635.44
33,25395.41,0.5097,0.2012,2,11,46333.07,133,31399.09,2,209.79,Full-time,1,707.62
32,41850.0,0.3253,0.4201,0,2,35685.8,49,24943.0,2,295.79,Self-employed,1,688.22
67,84040.19,0.3362,0.4448,3,14,10818.97,35,4783.99,3,404.04,Unemployed,1,592.11
56,69648.04,0.3425,0.2181,1,1,32344.01,18,3205.53,2,361.01,Full-time,1,682.72
60,71895.22,0.5501,0.2192,4,10,62384.16,29,34587.46,1,732.0,Part-time,1,554.34
59,159201.28,0.1754,0.3723,3,17,62546.07,98,12020.27,2,820.37,Self-employed,1,710.97
66,37380.69,0.4821,0.2392,0,6,35728.83,87,150000.0,2,612.48,Self-employed,1,718.07
25,65359.3,0.5939,0.5756,1,3,23661.12,135,30392.55,0,303.11,Part-time,1,615.43
62,75886.64,0.6649,0.1964,3,12,22096.23,146,42853.83,2,382.6,Full-time,1,648.1
24,47509.13,0.4045,0.4009,1,7,50012.96,122,5986.94,4,271.38,Part-time,1,705.09
43,67020.05,0.2632,0.1454,1,12,7070.05,81,12441.29,4,323.81,Full-time,1,777.19
48,32209.7,0.5175,0.3504,2,8,43797.67,145,26565.81,1,796.19,Unemployed,1,677.98
37,124798.76,0.3133,0.3146,4,6,19757.49,161,12437.25,1,935.26,Self-employed,1,711.53
27,48692.17,0.1117,0.3815,0,1,9453.24,140,14011.17,1,662.78,Full-time,1,837.78
30,165070.85,0.3939,0.27,3,7,7884.08,117,16431.09,1,455.32,Full-time,1,686.83
59,65211.2,0.3303,0.4808,2,16,5464.71,94,7220.25,4,388.45,Full-time,1,659.04
35,105095.43,0.6471,0.4936,2,17,26772.86,54,6304.69,0,429.95,Self-employed,1,527.47
35,64602.84,0.2259,0.1403,1,1,69266.66,49,11432.5,3,398.27,Part-time,1,762.99
64,65262.0,0.2563,0.4252,1,4,12715.4,164,9392.28,2,665.96,Unemployed,1,778.48
27,50878.05,0.6529,0.1086,2,16,9919.09,148,6336.62,1,481.84,Self-employed,1,700.31
64,69815.11,0.3309,0.148,2,15,42021.07,157,11995.05,5,351.09,Part-time,1,794.56
64,76351.23,0.4454,0.1862,0,1,19524.98,80,4402.67,0,580.9,Part-time,1,736.5
49,46494.24,0.5465,0.2218,2,8,43393.06,136,25541.15,2,370.1,Unemployed,1,693.93
28,62550.53,0.2502,0.32,2,7,9108.0,27,22052.59,2,244.18,Full-time,1,667.44
28,50284.67,0.4112,0.2142,1,17,28475.74,162,23888.03,3,219.0,Part-time,1,783.09
34,186250.69,0.3544,0.2433,2,14,64255.67,161,6549.57,2,116.55,Self-employed,1,767.02
48,63552.47,0.3715,0.4503,0,14,8647.75,111,5880.86,2,1250.99,Full-time,1,718.47
28,132634.76,0.4882,0.3617,2,1,14406.97,39,41072.15,1,502.62,Full-time,1,595.62
42,60595.14,0.3575,0.3348,0,12,14001.04,142,11312.55,1,442.77,Self-employed,1,777.38
26,74360.45,0.4819,0.3352,3,14,30475.27,32,21689.87,1,163.92,Self-employed,1,573.3
46,36511.63,0.4223,0.1497,2,8,43584.38,12,5015.95,2,189.93,Unemployed,1,645.88
21,54112.33,0.3559,0.2711,0,8,11189.86,36,10478.01,1,440.37,Self-employed,1,705.46
54,72746.83,0.2828,0.0897,0,5,103635.74,84,36791.93,3,332.72,Full-time,1,812.74
23,135090.71,0.3692,0.0794,4,9,18761.01,39,14967.06,3,164.08,Self-employed,1,651.89
30,73122.56,0.3545,0.325,2,6,12120.42,123,10804.05,2,200.67,Part-time,1,714.9
29,123336.81,0.3391,0.2725,0,4,48989.88,51,21620.89,1,268.38,Full-time,1,722.64
60,88285.23,0.4462,0.0626,1,17,19891.46,140,17476.81,2,437.29,Full-time,1,792.16
23,137630.88,0.4158,0.1867,2,4,13858.38,103,78576.83,1,252.71,Full-time,1,714.42
41,64436.21,0.3543,0.3749,0,4,12336.91,113,13832.07,1,287.54,Unemployed,1,744.15
48,193997.44,0.2548,0.4887,2,14,78554.28,40,23165.23,1,89.41,Full-time,1,634.72
45,53187.13,0.3595,0.3868,1,3,8993.68,109,11913.09,4,437.2,Part-time,1,711.28
52,46868.08,0.5363,0.3537,3,1,39659.28,156,5765.19,0,243.74,Full-time,1,655.68
58,38387.08,0.4158,0.2865,5,10,10217.5,102,19120.78,2,793.03,Full-time,1,613.64
39,188897.74,0.5128,0.3389,4,6,11661.95,79,3841.54,2,759.06,Self-employed,1,577.27
59,95678.74,0.6994,0.1007,1,12,17028.44,107,30902.46,4,453.1,Self-employed,1,679.17
35,56933.87,0.3491,0.3596,1,6,24979.16,86,4362.55,1,545.91,Self-employed,1,702.04
67,116082.94,0.4208,0.2291,2,2,5702.65,4,6294.11,1,853.65,Self-employed,1,619.82
44,90170.85,0.3097,0.414,3,5,12318.98,125,5863.07,2,571.43,Self-employed,1,682.76
55,160292.79,0.663,0.4799,0,7,37062.58,91,22646.6,3,403.24,Self-employed,1,606.96
62,32974.02,0.6869,0.3417,2,6,36945.15,12,5158.1,1,216.12,Part-time,1,518.51
58,58723.07,0.3277,0.5179,2,11,14717.17,157,20599.02,2,481.15,Full-time,1,703.05
61,53737.45,0.2609,0.3498,1,3,7921.15,58,7535.32,1,203.99,Part-time,1,707.61
46,27223.69,0.311,0.1205,1,12,20970.49,139,12094.61,1,849.26,Full-time,1,817.41
23,106632.89,0.3989,0.3813,2,3,32321.03,124,8465.88,5,198.59,Part-time,1,688.34
44,58590.13,0.3228,0.2606,1,11,20477.61,100,96566.15,4,329.6,Unemployed,1,746.34
29,92303.2,0.4228,0.4615,0,10,48231.48,70,3247.65,1,157.33,Full-time,1,666.12
62,191357.25,0.3278,0.1078,1,3,14930.59,159,20254.84,2,102.09,Full-time,1,832.21
32,56446.04,0.3582,0.0956,2,10,7168.27,19,13251.31,3,792.52,Full-time,1,684.47
31,54747.18,0.4756,0.1826,1,17,11892.28,35,6885.92,2,338.85,Self-employed,1,665.84
32,69800.67,0.4627,0.1211,0,16,18053.13,89,18686.86,0,984.43,Part-time,1,755.08
51,103183.2,0.4428,0.4377,0,13,11021.34,5,5905.44,1,544.65,Self-employed,1,611.9
47,51276.05,0.6433,0.4273,1,10,12535.02,41,5363.4,0,186.76,Self-employed,1,559.35
65,49814.79,0.3136,0.1907,4,14,35355.19,24,5041.3,5,1290.32,Full-time,1,628.24
40,106482.42,0.3606,0.4285,1,8,10212.46,159,14328.86,1,356.15,Part-time,1,742.2
34,78463.41,0.2105,0.1209,1,6,7092.7,10,8025.49,3,791.22,Full-time,1,739.96
23,26367.1,0.3699,0.4993,0,2,31792.2,24,6394.45,2,386.61,Full-time,1,634.2
21,38123.02,0.3073,0.3852,1,9,28332.77,155,17881.97,4,223.5,Full-time,1,765.68
38,130034.64,0.23,0.479,0,13,8725.2,16,33408.0,3,457.51,Full-time,1,674.58
64,79290.03,0.4666,0.2714,1,15,29590.34,51,3999.82,3,803.76,Self-employed,1,659.67
45,46958.14,0.396,0.0997,0,8,8172.9,102,17699.3,3,426.72,Full-time,1,791.28
62,61286.55,0.7641,0.2929,0,12,10867.47,15,20851.89,2,351.17,Part-time,1,560.04
25,66566.49,0.6111,0.2087,3,13,8324.09,38,39444.94,2,491.87,Full-time,1,571.16
25,92141.43,0.1662,0.2778,3,5,13083.66,166,10445.97,2,668.15,Unemployed,1,794.02
60,35910.37,0.4427,0.3777,0,4,26764.74,155,49664.75,4,648.29,Part-time,1,751.93
26,45323.14,0.3307,0.4994,1,10,21783.38,117,21942.57,4,481.46,Self-employed,1,698.44
23,74819.22,0.1632,0.1781,3,11,10202.54,34,2704.81,2,478.87,Self-employed,1,709.85
39,63264.17,0.2639,0.4629,1,1,20591.13,172,17244.61,0,295.18,Full-time,1,773.44
64,85591.1,0.3293,0.1469,1,13,23563.83,86,13162.6,1,357.16,Full-time,1,761.15
53,38052.49,0.6394,0.281,0,9,35200.5,71,30836.29,3,332.11,Full-time,1,647.1
25,77707.57,0.3278,0.3479,2,7,23190.33,136,36418.33,1,566.8,Full-time,1,728.02
60,108143.32,0.3102,0.0753,0,8,30223.92,125,5849.6,1,654.75,Part-time,1,842.28
60,82377.56,0.2268,0.59,3,9,18870.65,12,28863.36,1,290.06,Part-time,1,569.46
58,70445.9,0.6385,0.4496,0,13,10194.41,113,11970.43,1,470.54,Self-employed,1,640.22
63,63376.75,0.179,0.2646,1,2,20196.65,179,7311.6,0,146.85,Unemployed,1,850.0
32,45447.68,0.4082,0.3407,0,15,42231.69,123,45778.5,1,448.5,Full-time,1,744.86
67,64061.61,0.3349,0.4032,2,5,43803.97,138,8913.99,1,53.38,Full-time,1,713.73
36,116642.34,0.376,0.1912,1,15,2960.1,122,13730.11,1,201.89,Full-time,1,766.07
58,62720.1,0.249,0.1035,1,3,28008.18,62,12537.87,2,156.88,Full-time,1,776.09
48,44337.59,0.4785,0.4386,1,7,12759.68,38,20692.37,1,66.15,Part-time,1,603.47
57,53023.41,0.267,0.3855,0,7,23871.23,86,41014.29,1,270.66,Full-time,1,745.19
50,72430.49,0.2822,0.2013,2,3,6931.75,54,52472.08,3,665.94,Full-time,1,710.02
51,55933.5,0.4617,0.2305,1,2,13344.95,30,28828.12,2,104.12,Full-time,1,653.86
49,82321.41,0.3808,0.2884,1,1,5866.98,113,3177.23,1,487.85,Self-employed,1,732.83
57,83723.89,0.4562,0.3756,2,15,13321.71,72,46109.2,2,729.44,Part-time,1,629.24
55,98719.96,0.3892,0.3209,1,2,27592.7,125,22262.06,1,799.82,Unemployed,1,732.18
27,125567.88,0.1368,0.0773,2,13,24625.37,58,33953.23,2,274.29,Unemployed,0,787.97
59,103583.82,0.2733,0.1682,2,1,80994.84,40,10341.08,2,263.96,Self-employed,1,709.29
46,43459.83,0.2015,0.3161,1,15,12575.1,57,13219.28,0,212.03,Self-employed,1,733.02
36,44064.49,0.4868,0.2936,0,5,9751.58,4,29952.45,2,705.28,Full-time,1,633.89
45,63952.94,0.1112,0.2133,2,17,47578.93,139,73851.99,4,384.92,Self-employed,1,829.15
66,54012.52,0.4033,0.2273,0,9,5423.94,124,15749.57,2,228.57,Part-time,1,775.52
61,39646.3,0.1355,0.0766,2,10,20645.15,144,4624.67,4,180.47,Self-employed,1,850.0
60,54243.51,0.2451,0.6597,0,9,25642.64,122,22186.5,6,452.46,Full-time,1,713.21
42,53448.25,0.2338,0.3862,1,13,3579.07,67,11401.51,1,214.49,Self-employed,1,714.14
57,48906.64,0.401,0.3341,4,4,8406.79,159,5445.73,1,468.11,Full-time,1,678.68
39,57405.46,0.3525,0.3997,0,9,6934.89,23,11942.45,3,344.5,Self-employed,1,663.49
53,112454.38,0.6378,0.3622,3,5,32312.84,114,20040.9,3,1132.13,Full-time,1,588.11
51,72377.96,0.2331,0.212,1,14,11501.93,10,32691.04,1,247.0,Unemployed,1,710.4
32,201252.19,0.3463,0.1132,2,15,15029.08,134,8861.35,2,417.27,Unemployed,1,779.48
33,71448.25,0.194,0.1569,0,10,5828.49,171,9190.21,0,426.65,Full-time,0,850.0
23,58073.83,0.6508,0.0876,0,11,10230.06,112,12253.82,1,437.99,Unemployed,1,726.19
27,66294.34,0.493,0.4116,1,13,10372.6,21,59434.08,5,212.79,Full-time,1,591.7
41,74266.96,0.5226,0.5248,1,7,15479.96,17,41808.66,1,152.39,Part-time,1,551.19
43,80488.07,0.3032,0.3872,2,5,14557.43,118,21587.49,1,382.25,Self-employed,1,710.57
28,168471.2,0.366,0.1728,0,17,50470.23,87,20907.23,3,660.82,Self-employed,1,769.5
40,45234.07,0.5667,0.4025,2,12,29265.92,19,10222.26,0,415.55,Full-time,1,545.2
49,97398.95,0.6349,0.3207,0,1,5200.51,111,25754.75,2,237.54,Full-time,1,671.86
31,72655.75,0.5066,0.4609,1,10,36763.96,143,5740.66,1,859.16,Full-time,1,676.96
36,32630.61,0.7513,0.6021,1,8,33391.34,115,20076.22,3,278.79,Full-time,1,544.92
38,93602.69,0.5119,0.2346,3,5,18914.62,66,2375.25,0,502.33,Full-time,1,617.78
44,117058.68,0.3026,0.1357,0,14,35954.8,177,3313.03,3,214.55,Self-employed,1,850.0
38,44993.38,0.3016,0.295,0,12,41847.63,61,2580.98,2,562.21,Full-time,1,736.6
55,65905.67,0.2313,0.2545,2,8,12835.12,179,66143.82,3,241.77,Full-time,1,816.15
36,30442.37,0.346,0.2077,5,7,7678.41,7,11678.29,1,185.69,Full-time,1,575.11
41,37554.07,0.3396,0.2654,2,4,26779.48,19,4231.54,2,509.23,Full-time,1,647.6
38,106044.42,0.2703,0.367,2,11,10189.87,173,106061.27,1,255.58,Part-time,1,771.33
29,53643.34,0.3947,0.099,1,15,21698.96,26,6912.89,2,354.06,Full-time,1,703.51
53,40176.55,0.4011,0.2712,1,12,8720.13,88,20890.78,2,232.49,Self-employed,1,710.2
32,73369.03,0.3433,0.3661,2,1,35661.42,121,6864.93,0,173.73,Full-time,1,706.32
34,52308.51,0.2648,0.5074,1,12,10597.79,29,26232.06,2,334.11,Unemployed,1,642.88
58,53537.11,0.4815,0.2793,0,8,15558.06,32,13191.3,1,314.2,Self-employed,1,662.39
65,92290.52,0.1562,0.2641,1,12,14874.01,25,7081.24,2,425.05,Full-time,1,732.95
52,39230.9,0.6913,0.2105,1,7,6691.63,127,4292.64,4,386.89,Full-time,1,670.82
64,44028.2,0.4191,0.0706,2,8,38394.23,123,7310.5,1,472.62,Part-time,1,759.12
61,70922.0,0.2438,0.1217,0,8,44337.24,133,5685.76,5,131.29,Unemployed,1,850.0
43,102358.27,0.2318,0.4409,1,11,16310.94,39,2989.08,0,256.78,Full-time,1,677.74
57,115516.9,0.2628,0.3688,4,15,10596.9,161,24939.65,2,482.87,Full-time,1,713.13
36,49056.22,0.3844,0.1509,0,16,15309.03,90,34502.58,3,642.71,Full-time,1,771.96
42,100893.38,0.3451,0.3091,1,4,12654.73,49,7490.31,2,757.11,Part-time,1,685.03
46,46496.67,0.3551,0.2382,0,2,17749.02,37,2275.12,1,634.25,Unemployed,1,714.75
66,150511.41,0.1788,0.0645,1,15,14498.51,74,18189.34,2,208.64,Full-time,0,816.9
60,39727.66,0.4501,0.254,0,14,9556.34,70,15244.23,2,395.92,Full-time,1,709.8
43,120308.61,0.5556,0.3912,0,5,39814.37,150,5708.14,3,214.51,Full-time,1,710.52
51,49245.89,0.4637,0.3471,1,3,15523.88,138,12703.78,2,430.35,Self-employed,1,714.12
30,163727.85,0.5585,0.5285,1,3,69713.91,117,1281.82,3,420.19,Unemployed,1,622.83
58,86343.98,0.2351,0.2376,1,8,19398.95,7,13453.93,0,70.32,Self-employed,1,700.9
46,41889.59,0.1779,0.318,1,5,13583.86,85,11730.4,3,633.36,Self-employed,1,762.96
46,52312.61,0.5413,0.2729,2,3,14801.84,43,41357.21,0,409.54,Full-time,1,605.22
57,94045.27,0.5898,0.2339,0,14,13945.64,105,16577.52,1,202.88,Full-time,1,702.08
50,106264.87,0.366,0.1535,1,14,16742.43,166,14432.46,0,79.63,Full-time,1,815.16
24,64098.61,0.5143,0.2629,1,9,21095.03,161,70934.58,2,1109.78,Full-time,1,739.15
34,67514.4,0.3161,0.3463,1,1,8222.47,119,6805.02,4,440.79,Full-time,1,742.76
29,93084.12,0.164,0.5003,0,3,8822.42,39,3746.03,0,406.38,Self-employed,1,708.22
55,70214.44,0.2522,0.32,2,12,31136.06,159,29027.79,1,461.0,Full-time,1,776.84
22,36972.25,0.2866,0.5612,1,7,25819.05,114,32484.93,3,383.22,Full-time,1,693.72
30,45897.31,0.3604,0.2876,1,7,5987.65,7,33150.32,2,166.76,Full-time,1,650.81
49,73556.12,0.3899,0.3777,0,14,25998.79,8,10960.17,1,324.61,Unemployed,1,645.27
53,114344.04,0.2144,0.2266,1,5,32476.42,158,7299.41,2,246.0,Full-time,1,835.7
44,136925.48,0.5419,0.1994,2,17,21519.31,22,4644.13,3,652.37,Part-time,1,605.91
61,93975.39,0.3249,0.5343,2,17,5665.47,141,6283.76,1,525.17,Unemployed,1,686.46
64,75303.42,0.2648,0.2772,0,11,7072.93,7,3717.31,1,554.93,Part-time,1,707.09
27,92685.4,0.2537,0.1555,0,5,17450.03,25,9192.63,1,87.24,Part-time,1,755.85
65,49018.94,0.1707,0.5787,1,17,67349.14,4,54739.68,2,783.6,Full-time,1,632.45
49,61762.15,0.5205,0.2861,2,4,12371.25,81,8408.16,1,155.38,Part-time,1,639.83
50,45667.45,0.1974,0.2513,3,15,27552.04,146,14900.5,0,1094.34,Part-time,1,774.62
25,37724.53,0.325,0.1105,3,8,11489.81,71,21270.67,0,232.64,Part-time,1,709.04
50,76887.38,0.4977,0.0706,0,15,59275.96,60,9829.74,2,427.23,Part-time,1,733.04
55,71932.32,0.1629,0.6476,1,6,18565.04,155,9765.18,4,267.78,Unemployed,1,743.4
48,90169.24,0.3238,0.4731,1,13,7716.75,101,39855.44,0,28.45,Self-employed,1,693.75
24,84605.14,0.3559,0.4258,1,13,10189.54,120,15653.65,1,144.4,Full-time,1,711.78
45,73805.6,0.3151,0.339,2,7,9629.63,132,34886.38,1,670.09,Self-employed,1,730.72
64,85006.03,0.4436,0.2559,1,1,19563.83,133,101685.31,3,365.29,Full-time,1,738.78
55,64912.31,0.2533,0.3222,4,6,11076.44,31,6377.84,7,562.19,Full-time,1,619.29
27,79682.17,0.3166,0.2359,1,12,12750.97,164,11704.67,2,43.76,Full-time,1,807.71
66,47726.16,0.4864,0.3072,1,14,70432.51,115,11591.54,5,192.41,Full-time,1,698.11
66,78148.62,0.4446,0.3653,1,8,11962.47,58,8767.14,2,480.06,Full-time,1,648.63
28,89392.13,0.3141,0.3374,0,16,20404.65,116,9257.68,3,224.37,Unemployed,1,768.09
58,48954.34,0.4107,0.3916,3,14,14897.11,15,44022.92,2,984.67,Part-time,1,566.39
40,67732.71,0.198,0.1367,1,2,17423.32,151,14535.66,2,1635.25,Full-time,1,850.0
48,49980.03,0.3615,0.0982,2,6,28761.5,80,110862.08,1,328.43,Part-time,1,733.67
41,52212.23,0.3619,0.4634,0,9,3870.95,13,9458.08,4,340.13,Part-time,1,636.41
57,39886.04,0.7319,0.5293,2,1,20034.64,169,48058.19,3,269.6,Unemployed,1,588.94
67,116961.34,0.1781,0.342,2,5,13858.93,80,59581.93,1,558.41,Full-time,1,727.74
58,106890.3,0.5129,0.2736,0,13,20391.36,122,12450.08,1,380.64,Self-employed,1,729.4
64,84275.4,0.4458,0.3443,1,15,15640.66,135,19538.39,0,1041.18,Full-time,1,717.68
65,160731.12,0.1499,0.3855,0,3,15739.36,9,28294.2,2,218.96,Full-time,1,716.16
25,60769.27,0.3591,0.4166,2,11,22178.69,70,8321.77,1,466.7,Full-time,1,646.45
32,250000.0,0.5432,0.2143,1,9,12269.42,177,54948.77,1,637.73,Unemployed,1,755.96
54,59731.32,0.3785,0.2497,1,15,71465.08,100,6703.28,2,517.58,Full-time,1,732.36
48,74223.57,0.5577,0.2776,1,15,9196.19,98,8582.15,1,1037.43,Full-time,1,669.96
23,55326.09,0.4254,0.5368,1,17,49385.05,174,8662.79,1,562.93,Full-time,1,708.18
25,78240.8,0.3333,0.4778,2,16,7563.78,73,16178.94,0,1148.99,Full-time,1,641.39
45,96377.37,0.1221,0.3069,0,13,14995.32,83,17652.96,2,258.34,Full-time,1,805.81
49,62864.55,0.4702,0.24,0,5,22416.11,90,7777.99,3,960.1,Full-time,1,723.94
28,147196.53,0.4368,0.1546,0,5,9386.67,158,12134.64,1,323.87,Self-employed,1,811.98
29,73689.62,0.6418,0.4359,1,15,8944.17,98,5180.63,1,178.39,Unemployed,1,605.15
27,74736.09,0.579,0.1051,2,12,14814.92,115,35949.03,0,704.49,Full-time,1,695.86
47,43956.29,0.2872,0.5803,0,14,33760.39,165,24118.85,4,164.55,Unemployed,1,756.26
21,79883.5,0.4736,0.3552,0,5,19098.68,37,9944.93,2,298.15,Full-time,1,649.95
47,62298.2,0.3678,0.4574,2,16,67936.08,67,11345.97,5,485.61,Full-time,1,631.14
43,50326.75,0.2822,0.4697,0,3,26776.26,111,7603.31,2,83.68,Full-time,1,740.42
42,46657.39,0.3648,0.5312,2,14,13093.59,120,6063.94,1,234.4,Full-time,1,657.76
52,220200.44,0.3911,0.2566,1,6,2735.68,38,5331.03,2,129.55,Full-time,1,675.19
45,58772.85,0.2746,0.2842,2,2,6090.03,23,6081.52,1,384.44,Self-employed,1,665.74
55,34349.97,0.4544,0.4504,0,14,14976.64,80,30173.81,1,320.27,Part-time,1,667.75
56,48329.64,0.3814,0.3531,1,17,6030.29,78,32221.63,2,588.46,Full-time,1,687.3
64,64653.3,0.581,0.3415,3,17,15759.04,59,4171.23,5,949.68,Full-time,1,564.49
58,84626.28,0.3568,0.1391,1,1,21085.1,167,24194.21,1,301.29,Full-time,1,822.35
45,84936.44,0.2005,0.3111,3,8,14693.4,38,4732.31,2,605.83,Full-time,1,668.74
44,89722.47,0.4209,0.098,1,6,14914.45,138,25587.22,0,168.97,Full-time,1,789.23
32,49504.2,0.4369,0.1088,1,6,70993.63,163,14349.31,2,729.24,Full-time,1,802.56
49,77126.19,0.2858,0.4287,1,7,18883.15,167,8581.13,1,1004.12,Full-time,1,771.25
27,44612.67,0.3681,0.3114,1,1,16375.92,157,19515.81,2,332.13,Full-time,1,767.55
64,50069.17,0.2146,0.3461,0,9,8991.11,25,42037.82,3,237.57,Self-employed,1,719.93
60,43784.32,0.3112,0.3591,2,2,17992.77,133,2714.87,4,276.13,Part-time,1,727.7
26,38763.14,0.2742,0.5134,2,4,12900.7,85,35145.84,1,202.15,Full-time,1,660.22
57,106819.34,0.3245,0.2752,0,13,63653.0,179,6795.12,0,531.07,Full-time,1,833.02
26,90208.17,0.4285,0.199,2,3,26864.38,95,44806.08,2,445.14,Self-employed,1,700.87
54,102693.02,0.6273,0.4392,1,12,48741.05,33,27905.59,1,183.43,Full-time,1,554.51
25,67352.2,0.1927,0.1456,2,15,20867.15,19,5150.62,3,367.31,Full-time,1,721.62
43,93860.36,0.1088,0.3821,1,17,43135.68,124,8145.77,1,356.32,Full-time,1,800.17
51,29954.05,0.3576,0.2267,2,11,8950.86,95,20097.0,1,236.35,Self-employed,1,715.21
55,97576.25,0.2489,0.1934,5,15,21476.73,61,29877.37,2,672.89,Full-time,1,652.81
40,71661.14,0.5525,0.3444,1,9,9813.77,70,20023.99,0,413.11,Part-time,1,631.48
64,87745.8,0.5631,0.2673,2,16,13256.73,140,18611.89,1,478.44,Full-time,1,680.91
57,78512.29,0.6312,0.1708,2,14,18567.0,4,7762.15,1,534.75,Full-time,1,571.27
30,42439.09,0.6101,0.1889,1,16,9227.79,34,13749.14,1,619.88,Full-time,1,623.08
52,33721.2,0.1653,0.2906,3,16,6480.12,22,12552.04,1,1026.35,Self-employed,1,671.09
55,48029.74,0.4103,0.609,3,12,35903.07,96,3729.42,1,485.16,Self-employed,1,579.66
36,85324.15,0.377,0.2245,1,4,5561.25,89,17768.56,1,396.12,Self-employed,1,729.94
55,90268.26,0.5359,0.2988,3,1,58868.36,140,9779.5,0,777.91,Full-time,1,656.2
63,35754.31,0.3567,0.327,1,6,10188.73,22,43024.7,0,378.09,Part-time,1,654.57
59,42552.99,0.4125,0.2012,1,6,26810.71,89,36108.64,1,861.63,Full-time,1,725.12
56,47788.67,0.2409,0.4391,0,16,27932.64,73,15624.95,2,204.72,Full-time,1,728.79
50,56342.97,0.5283,0.2753,0,1,8317.01,138,34152.06,0,644.58,Unemployed,1,737.68
33,35849.22,0.1115,0.2894,2,10,24886.4,177,22538.08,1,239.2,Full-time,1,841.7
58,34894.23,0.308,0.4286,1,17,20336.11,38,13108.04,2,194.32,Part-time,1,657.12
38,45714.65,0.2241,0.2853,0,5,28053.98,80,4010.27,1,229.31,Full-time,1,778.11
46,68790.04,0.386,0.5571,0,10,42053.73,95,11665.37,3,112.15,Full-time,1,674.09
35,38899.34,0.191,0.3429,1,3,31875.07,103,10059.65,1,86.55,Unemployed,1,767.81
35,62811.18,0.2059,0.3808,1,8,9819.64,41,12160.94,1,124.25,Full-time,1,702.2
28,106547.78,0.2732,0.6226,2,17,16395.87,76,10998.22,0,218.85,Part-time,1,625.72
66,36834.83,0.4414,0.5826,1,12,10129.24,131,34128.42,3,435.84,Self-employed,1,656.1
27,60300.73,0.4097,0.0879,2,10,12051.21,21,37491.36,0,215.05,Self-employed,1,672.62
25,104939.63,0.3723,0.316,0,17,25376.23,133,8822.72,1,1055.02,Full-time,1,770.14
64,54818.29,0.3233,0.353,0,15,27544.59,146,4333.62,3,94.03,Full-time,1,786.43
47,51115.79,0.5614,0.0664,0,5,27103.66,173,5854.11,2,690.77,Full-time,1,809.15
41,111700.13,0.3174,0.1273,0,11,22058.7,132,38385.32,3,499.22,Part-time,1,832.96
55,57653.66,0.5354,0.1503,0,12,24549.35,48,30134.81,0,235.64,Part-time,1,691.8
39,108773.47,0.2682,0.137,0,8,13117.38,81,5071.27,1,328.8,Part-time,1,802.79
27,80260.62,0.4365,0.3219,0,4,46434.48,144,3839.88,1,907.07,Full-time,1,758.58
55,56710.8,0.2667,0.3001,1,15,28785.61,36,8082.33,1,347.79,Full-time,1,699.96
29,82113.75,0.5296,0.395,2,3,17770.27,134,61478.33,4,182.32,Full-time,1,654.04
46,76435.48,0.4569,0.2949,0,7,39671.32,132,19078.83,0,206.34,Unemployed,1,749.2
65,104756.85,0.5361,0.2041,2,5,12573.89,16,10928.01,4,311.06,Full-time,1,601.48
64,51701.63,0.2339,0.3743,1,14,19608.17,61,12006.21,2,1069.26,Full-time,1,712.09
37,67409.6,0.2805,0.3165,2,2,33739.5,59,2699.64,3,228.33,Self-employed,1,685.89
57,64364.53,0.2533,0.2689,1,8,7687.46,89,10424.17,2,754.58,Unemployed,1,755.95
49,90841.06,0.1749,0.4561,0,15,85466.17,134,38336.11,2,262.84,Full-time,1,795.17
43,41717.22,0.2076,0.2297,1,16,11941.77,48,9554.72,1,208.02,Full-time,1,745.3
27,104572.9,0.3582,0.2524,2,4,13137.63,12,10856.22,2,336.59,Self-employed,1,639.44
38,81621.5,0.2798,0.2905,1,9,18289.38,77,17672.15,5,90.97,Self-employed,1,732.6
51,36584.64,0.342,0.2727,1,9,30273.33,168,5138.6,0,517.98,Part-time,1,794.22
67,113973.16,0.2827,0.4196,2,6,32367.91,164,17729.83,1,360.82,Self-employed,1,746.96
21,180835.29,0.276,0.2105,2,14,51503.63,77,6610.31,3,440.19,Self-employed,1,728.74
54,103862.72,0.3939,0.4818,1,13,17245.4,55,8739.44,2,808.88,Full-time,1,632.21
60,125761.58,0.2554,0.2739,2,2,22721.08,68,9686.58,1,311.87,Full-time,1,711.57
65,68762.73,0.3025,0.5012,0,15,6144.24,71,9692.23,2,334.78,Full-time,1,693.12
40,31329.73,0.188,0.1268,0,7,8522.48,51,14571.44,2,570.03,Full-time,0,804.4
26,28858.09,0.2509,0.4175,0,15,16917.05,92,12549.36,1,164.25,Part-time,1,747.02
33,74219.85,0.4329,0.4193,2,14,23167.45,98,11445.42,3,94.42,Full-time,1,646.97
60,50696.37,0.5302,0.2604,1,9,17460.37,53,14818.15,1,143.57,Self-employed,1,645.01
62,43846.08,0.4526,0.1326,2,12,26029.28,127,6175.97,0,176.46,Full-time,1,736.9
50,64328.88,0.5156,0.2628,1,8,17331.17,174,2134.37,6,724.85,Self-employed,1,749.62
26,87291.94,0.1437,0.4053,1,14,15309.47,134,13262.15,3,344.38,Part-time,1,792.23
26,34415.39,0.2898,0.243,1,3,96777.69,21,7447.13,1,394.56,Full-time,1,694.81
43,54068.39,0.2097,0.1694,2,11,14999.35,79,19661.88,1,434.98,Full-time,1,760.57
48,130540.89,0.2761,0.287,2,1,36633.21,24,8356.92,2,755.46,Full-time,1,665.42
22,40787.06,0.1276,0.4434,2,13,7230.01,63,2661.94,4,371.1,Full-time,1,703.37
53,97869.72,0.2519,0.1117,2,16,19659.02,114,12065.68,1,148.28,Self-employed,1,791.5
46,53203.06,0.318,0.1994,2,13,11246.7,169,32657.0,1,389.42,Full-time,1,795.58
21,84593.03,0.3899,0.3308,0,13,72114.35,110,17429.42,5,1043.91,Full-time,1,742.0
25,108423.2,0.4287,0.1741,3,14,12205.98,43,3993.84,0,281.18,Part-time,1,638.7
42,92371.78,0.2352,0.3018,1,10,17647.85,53,7851.04,2,827.65,Full-time,1,723.16
54,99620.36,0.55,0.6567,1,11,10133.05,93,8758.8,2,457.02,Full-time,1,573.33
59,39410.32,0.5866,0.6999,3,10,9715.19,16,11426.45,1,836.67,Full-time,1,437.38
41,109222.99,0.6365,0.3756,1,9,17097.28,41,8111.64,5,240.31,Full-time,1,574.32
34,45084.24,0.5945,0.2899,3,1,23243.75,26,3002.62,2,212.04,Full-time,1,545.84
66,74368.95,0.3367,0.5073,0,2,37810.22,179,11886.06,2,55.86,Unemployed,1,771.33
42,74325.6,0.3239,0.2903,1,8,12023.93,42,45138.05,3,292.52,Full-time,1,690.26
35,82314.71,0.1915,0.3282,0,5,11883.97,91,7665.98,2,186.16,Full-time,1,786.33
41,77005.38,0.4715,0.073,2,16,44337.28,73,4642.22,0,255.53,Full-time,1,701.13
21,45264.82,0.3603,0.4962,1,17,55035.27,131,44842.48,1,474.98,Unemployed,1,702.03
35,36046.31,0.6352,0.2063,0,8,17002.1,102,68377.22,1,54.46,Full-time,1,692.86
45,97983.75,0.2511,0.4998,1,12,24983.95,50,9446.66,1,39.67,Full-time,1,666.39
64,71942.72,0.3731,0.1766,0,10,58029.28,112,16350.67,1,499.14,Self-employed,1,787.25
55,110992.69,0.3063,0.238,0,5,115171.71,149,16116.97,0,250.54,Full-time,1,822.78
57,64852.46,0.3513,0.2016,1,7,24178.09,126,28437.75,3,692.19,Part-time,1,774.21
46,35160.41,0.6228,0.1673,2,7,30556.16,47,5169.57,2,699.64,Full-time,1,610.5
26,102207.3,0.2197,0.2826,0,2,19791.69,11,13024.82,0,302.68,Full-time,1,722.61
39,56012.67,0.2913,0.4852,3,1,6399.04,129,5289.67,3,231.67,Self-employed,1,673.81
67,77180.46,0.3409,0.1039,0,6,22984.18,99,17917.23,1,383.9,Full-time,1,804.26
23,49446.34,0.4063,0.2631,0,16,47090.68,15,48342.97,4,684.21,Part-time,1,674.84
62,138681.58,0.266,0.3624,1,2,10644.44,10,17735.62,1,586.82,Full-time,1,662.93
53,44602.53,0.4325,0.2795,1,9,4923.96,27,6486.94,1,1097.95,Part-time,1,647.88
34,56849.15,0.3076,0.276,1,10,27271.26,118,31142.85,1,216.37,Full-time,1,762.05
57,69449.28,0.5093,0.3779,0,12,5274.3,47,7947.38,1,236.69,Unemployed,1,641.9
60,40478.16,0.1798,0.1876,3,17,6000.15,59,19978.97,1,716.26,Full-time,1,723.33
23,76782.64,0.122,0.1224,1,7,5743.41,179,6905.17,3,305.52,Unemployed,0,850.0
26,136674.81,0.2962,0.4769,1,7,4438.08,110,4318.88,1,177.1,Full-time,1,708.58
52,53066.02,0.3771,0.4038,2,9,37803.58,17,7003.8,2,231.7,Full-time,1,600.09
67,79048.29,0.2008,0.1049,1,15,19866.93,87,1343.18,0,411.19,Full-time,1,811.04
22,20000.0,0.4885,0.1567,2,10,76090.59,62,5317.54,3,1010.4,Full-time,1,665.94
52,65022.06,0.4961,0.2788,0,1,30160.14,147,82464.59,5,944.32,Part-time,1,753.97
27,57476.47,0.2,0.3014,2,8,76344.13,102,1216.51,2,672.38,Full-time,1,749.65
51,45783.36,0.3662,0.1168,1,9,11489.74,20,3515.36,1,285.75,Unemployed,1,702.61
50,107651.31,0.2245,0.4824,0,15,23241.48,59,58711.64,2,277.26,Unemployed,1,711.22
25,57136.04,0.4299,0.1435,2,12,7391.57,97,5910.29,1,989.28,Full-time,1,715.99
52,61091.93,0.1716,0.1142,0,12,14851.78,59,9482.5,1,253.33,Self-employed,0,819.14
63,55840.98,0.2118,0.2081,4,6,49227.63,58,13186.85,2,725.41,Self-employed,1,682.77
61,27929.34,0.2182,0.2491,2,13,17529.33,178,3291.28,1,469.37,Full-time,1,820.6
22,39759.58,0.3528,0.416,1,2,15300.17,5,32441.47,3,237.26,Self-employed,1,619.33
32,101975.93,0.2283,0.4104,1,4,17756.11,59,12058.61,1,535.42,Self-employed,1,703.08
32,25604.47,0.4298,0.4421,1,4,19940.13,98,7787.7,1,488.54,Full-time,1,667.2
42,46871.17,0.4396,0.2824,0,8,19957.88,139,29804.35,4,78.61,Part-time,1,763.35
27,55277.76,0.6071,0.3027,2,2,45850.58,141,4310.62,3,319.66,Full-time,1,659.7
61,145020.42,0.29,0.3072,0,9,10886.4,43,13802.93,1,405.07,Part-time,1,722.03
57,93514.49,0.3952,0.2633,3,16,15604.29,111,5638.3,3,447.28,Part-time,1,683.12
58,51496.71,0.5488,0.1851,2,7,19313.42,127,4595.01,1,226.55,Full-time,1,694.92
30,119018.14,0.1626,0.0807,1,1,9581.19,11,73287.04,2,326.17,Unemployed,0,765.21
21,47418.51,0.273,0.5143,0,5,13191.12,102,14870.26,0,278.19,Unemployed,1,724.53
63,104202.87,0.5422,0.1635,2,2,30837.79,117,29895.44,3,290.07,Unemployed,1,693.96
34,35900.45,0.4069,0.3088,1,11,10128.71,33,8587.93,2,908.69,Part-time,1,653.23
51,107255.17,0.2978,0.2853,1,14,125698.15,129,5570.96,1,860.8,Full-time,1,771.83
63,55118.45,0.1784,0.2878,0,5,56705.69,74,944.67,4,145.0,Self-employed,1,786.2
22,41654.85,0.3109,0.2265,0,6,20411.26,15,10204.2,1,364.77,Part-time,1,712.6
21,60011.13,0.195,0.3405,1,6,26982.33,80,3263.07,1,600.29,Self-employed,1,748.04
21,74967.12,0.4988,0.5085,1,7,30926.73,71,14476.75,2,217.83,Self-employed,1,607.4
28,52963.76,0.383,0.3663,3,12,26689.34,134,4452.53,3,360.72,Full-time,1,680.19
23,84904.22,0.3208,0.386,0,6,19279.6,55,19884.49,1,169.23,Part-time,1,703.09
59,50901.76,0.3936,0.1269,4,7,123784.94,137,76860.75,2,149.76,Full-time,1,714.36
49,87480.18,0.2106,0.547,0,16,10906.99,135,147577.54,1,375.07,Unemployed,1,762.57
67,80740.85,0.4095,0.3421,2,13,13754.21,113,17544.3,0,146.93,Full-time,1,685.79
58,64381.69,0.2967,0.4239,2,16,18974.68,68,13231.47,1,426.22,Full-time,1,661.68
66,54251.07,0.4823,0.2638,1,7,28325.57,23,7362.39,1,394.16,Full-time,1,633.53
32,70841.01,0.3469,0.7024,0,16,73736.49,39,6875.28,3,476.9,Full-time,1,602.83
34,84762.98,0.3836,0.357,2,6,18012.95,56,6119.13,4,139.34,Full-time,1,642.34
60,167344.46,0.6077,0.1882,2,6,27037.36,96,47106.45,2,100.7,Unemployed,1,650.64
32,100986.2,0.1292,0.1424,2,17,23621.63,168,9574.28,1,1179.63,Part-time,0,850.0
23,102661.81,0.1675,0.0983,3,4,17019.76,137,83806.28,4,336.09,Full-time,1,814.34
52,250000.0,0.2146,0.3863,1,14,43011.57,158,6066.58,2,521.04,Full-time,1,795.71
58,83464.89,0.1554,0.2422,1,15,24340.38,72,11852.23,2,382.69,Full-time,1,777.83
66,82296.97,0.2601,0.4285,2,16,36027.88,13,4545.78,2,319.19,Self-employed,1,625.68
64,90835.62,0.1287,0.4699,0,15,14688.54,161,21003.33,3,390.7,Part-time,1,828.08
26,42022.7,0.2086,0.2429,1,15,12351.38,169,11243.97,0,218.97,Full-time,1,842.53
57,54189.6,0.5079,0.1295,0,7,14182.66,118,12985.11,1,359.19,Full-time,1,763.59
60,52692.26,0.2101,0.5529,2,10,22231.63,88,10266.12,2,647.94,Self-employed,1,672.08
53,88559.18,0.4362,0.251,2,10,39434.01,23,21442.88,2,321.81,Unemployed,1,625.56
59,61182.8,0.5942,0.4418,1,5,78252.09,141,23621.24,2,960.82,Unemployed,1,653.79
60,70417.74,0.3494,0.2053,2,7,20383.71,175,27075.87,1,487.11,Full-time,1,789.69
41,107942.57,0.1628,0.1347,0,15,66456.33,89,6005.38,1,188.35,Full-time,0,841.65
22,97579.02,0.4416,0.3416,0,1,27954.94,131,17550.25,2,532.26,Full-time,1,741.29
42,61526.64,0.2029,0.2872,4,2,11295.03,19,8753.52,2,699.94,Unemployed,1,633.16
30,48947.43,0.2908,0.3415,1,7,19598.96,44,41328.63,1,274.69,Full-time,1,689.05
26,110290.56,0.6018,0.184,1,14,30899.31,113,16486.01,4,436.69,Unemployed,1,692.63
26,93737.26,0.1837,0.2135,1,16,32618.56,57,17243.61,2,139.44,Full-time,1,764.02
53,32118.4,0.3841,0.5687,1,12,12890.79,21,10558.76,3,412.71,Full-time,1,585.1
44,57473.58,0.3147,0.5433,0,15,14055.2,86,6691.14,1,265.9,Full-time,1,691.43
46,71287.91,0.3398,0.2741,0,3,14262.41,130,14220.39,1,148.95,Unemployed,1,787.87
56,93945.81,0.2476,0.1143,2,2,15703.92,6,37841.44,2,277.41,Self-employed,1,702.14
46,99662.59,0.5291,0.2143,2,9,22331.67,66,6946.28,2,427.45,Full-time,1,642.69
50,75188.81,0.3792,0.283,0,6,67619.35,161,41020.19,0,1083.0,Full-time,1,799.66
25,86108.33,0.4592,0.445,1,15,13429.22,11,21676.02,3,627.89,Full-time,1,585.16
61,68108.79,0.1557,0.2651,3,2,5723.26,17,2378.63,2,826.99,Full-time,1,676.18
42,48862.56,0.1013,0.3261,0,7,5471.14,166,6134.75,1,708.34,Full-time,1,850.0
28,58831.4,0.4708,0.2305,2,6,31945.01,33,93445.01,1,559.08,Part-time,1,628.64
59,66739.08,0.3694,0.1848,1,11,12312.93,99,12050.16,2,299.37,Part-time,1,750.48
55,65146.53,0.1612,0.4705,1,6,21779.67,97,6195.56,4,451.59,Full-time,1,739.85
23,28324.78,0.4536,0.714,2,16,10989.64,109,6365.91,3,180.97,Unemployed,1,576.25
30,55333.43,0.5066,0.5375,1,1,16256.35,144,11900.81,1,444.97,Full-time,1,658.64
21,67866.14,0.2686,0.2865,0,2,14363.77,117,29155.78,3,448.37,Part-time,1,795.3
33,58301.52,0.4997,0.3767,4,16,11150.35,169,10026.3,1,336.8,Part-time,1,646.75
25,59214.95,0.5271,0.1231,2,9,42849.73,116,6910.56,1,339.18,Self-employed,1,707.76
54,82421.05,0.2752,0.2424,1,15,45112.76,23,1947.53,0,316.8,Unemployed,1,701.01
45,40719.78,0.5286,0.1984,0,8,28222.05,108,6164.8,0,514.08,Self-employed,1,731.82
67,31805.07,0.3489,0.3594,4,16,75410.4,5,7379.58,1,448.28,Full-time,1,559.65
56,56575.06,0.4878,0.2274,1,9,7180.34,70,17556.96,1,774.51,Unemployed,1,680.14
49,93325.76,0.6081,0.2821,0,13,15557.91,126,18857.8,1,871.44,Full-time,1,702.04
44,141407.19,0.2046,0.2939,1,17,14123.39,172,45388.11,2,407.54,Full-time,1,833.48
23,94085.36,0.2448,0.1132,2,13,29630.81,50,4857.02,0,292.02,Full-time,1,739.93
24,34176.08,0.6436,0.2627,0,5,7461.97,20,14964.91,1,301.82,Unemployed,1,607.91
49,59601.42,0.3278,0.1566,4,14,28773.29,26,15313.05,1,176.17,Unemployed,1,634.18
21,74271.71,0.3967,0.2647,2,7,6567.79,74,5710.41,3,249.06,Unemployed,1,676.48
22,71676.34,0.3562,0.4184,4,12,30439.72,3,29025.63,1,605.73,Self-employed,1,541.04
31,84346.37,0.218,0.2279,1,12,40474.59,59,56874.3,1,528.63,Part-time,1,751.79
62,43797.32,0.4814,0.3314,1,3,8165.34,173,13633.3,2,326.96,Self-employed,1,741.9
42,68133.51,0.4118,0.2227,1,5,13946.54,66,8903.44,1,748.27,Full-time,1,700.79
54,79949.08,0.3548,0.1139,1,4,41488.17,132,47562.3,2,372.86,Part-time,1,800.08
40,95947.07,0.1867,0.2752,0,2,47777.79,29,19364.77,2,497.32,Unemployed,1,749.36
29,46047.41,0.2136,0.185,0,9,6638.47,63,4756.08,4,217.24,Full-time,1,792.17
38,56651.82,0.2917,0.1645,1,4,23473.54,86,11329.87,2,554.5,Part-time,1,768.03
25,20000.0,0.5756,0.1406,3,12,28496.51,108,9821.24,0,109.96,Full-time,1,657.17
57,50028.2,0.5907,0.3337,0,5,17917.35,98,6509.66,2,353.15,Part-time,1,671.03
29,52261.4,0.3292,0.5233,2,1,49279.02,160,6772.81,0,315.15,Unemployed,1,703.75
38,41822.38,0.1683,0.5697,0,3,12297.42,174,7562.72,2,423.42,Self-employed,1,802.08
67,71291.01,0.3603,0.1975,1,10,13488.24,164,26611.56,1,1069.08,Full-time,1,804.2
48,64526.07,0.334,0.1662,2,3,11368.27,135,10402.41,3,255.21,Part-time,1,770.75
42,23941.14,0.4636,0.3834,2,16,21415.92,97,14373.31,1,496.78,Part-time,1,645.9
46,72909.82,0.503,0.3413,1,13,14942.59,123,30407.26,1,548.72,Full-time,1,691.28
57,43575.67,0.2351,0.3142,2,3,33209.97,169,10363.0,1,567.34,Full-time,1,791.75
32,82335.7,0.1815,0.4349,1,15,14139.58,120,4806.53,1,325.05,Full-time,1,761.82
50,37166.64,0.4809,0.4556,2,6,16057.82,137,29808.84,2,161.94,Full-time,1,656.0
62,67070.73,0.4249,0.2674,0,16,21525.59,115,9668.51,3,439.28,Full-time,1,751.51
47,58254.49,0.4096,0.2783,0,17,10464.8,99,60743.2,3,291.19,Part-time,1,740.04
41,75841.12,0.1442,0.216,1,5,38126.22,76,31489.81,2,458.29,Full-time,1,791.07
27,69990.43,0.288,0.1788,1,6,30250.75,70,20949.8,0,249.74,Full-time,1,752.23
32,58993.12,0.2264,0.5432,1,3,29568.17,71,16193.95,3,494.54,Full-time,1,680.45
65,33146.0,0.2556,0.3328,3,1,9164.07,168,34691.63,2,824.61,Full-time,1,755.12
46,34038.8,0.2294,0.2534,1,9,55240.04,29,16512.74,0,227.29,Self-employed,1,717.0
35,50881.31,0.3957,0.3073,0,12,5122.57,37,2109.42,1,484.42,Part-time,1,685.3
40,65925.07,0.1389,0.3518,1,10,31443.5,77,12253.11,4,362.65,Full-time,1,759.55
48,50326.57,0.4289,0.2419,0,17,20658.43,99,21717.54,2,562.69,Full-time,1,743.36
46,87670.91,0.267,0.1851,0,2,29893.42,26,5690.13,1,203.01,Self-employed,1,745.29
53,58357.93,0.2785,0.114,1,4,16118.05,26,120986.66,4,97.66,Part-time,1,734.62
33,42862.14,0.5575,0.2197,2,16,19885.93,60,11795.9,4,296.53,Part-time,1,627.83
51,58387.47,0.259,0.1815,2,4,30594.31,26,21535.45,2,534.39,Unemployed,1,698.59
41,73250.25,0.2898,0.3628,0,7,18735.52,145,36185.54,1,325.62,Self-employed,1,793.19
65,76588.19,0.2791,0.2945,3,8,21803.42,13,22327.32,2,154.7,Unemployed,1,628.48
28,154086.68,0.6343,0.5722,0,4,22305.46,151,12202.0,3,456.43,Self-employed,1,642.49
27,48971.35,0.2465,0.4413,1,10,87124.01,57,18781.7,5,303.63,Self-employed,1,688.22
42,64018.96,0.3852,0.2056,2,14,6130.13,116,11336.42,1,295.94,Self-employed,1,729.71
44,80158.06,0.2318,0.4051,0,14,46479.5,144,12330.49,3,411.1,Unemployed,1,799.18
53,65477.36,0.2304,0.4488,0,8,25751.16,67,5038.11,1,816.13,Part-time,1,724.51
39,52824.05,0.1613,0.3123,0,17,23607.82,35,10709.13,3,159.87,Full-time,1,752.7
63,32952.89,0.2418,0.3393,2,6,7700.42,138,4805.65,1,348.02,Unemployed,1,757.64
43,52581.75,0.1583,0.2323,0,14,42032.49,150,13305.16,0,643.71,Unemployed,1,850.0
27,40816.18,0.2658,0.18,1,15,8483.63,94,9452.34,2,844.41,Self-employed,1,778.59
26,30425.22,0.1355,0.1365,1,5,52583.31,178,20464.06,3,727.48,Part-time,1,850.0
66,46255.91,0.3671,0.1769,2,1,12818.58,134,3747.14,0,186.18,Part-time,1,757.31
27,41307.89,0.5005,0.1549,1,14,52581.71,95,6068.98,1,321.92,Full-time,1,715.29
65,86051.73,0.3581,0.1616,0,2,11413.78,142,6110.71,0,295.14,Full-time,1,820.5
34,86724.47,0.1673,0.1778,1,11,9755.19,142,13193.76,5,169.21,Full-time,1,848.69
25,44057.65,0.3181,0.1775,1,9,17505.67,125,10847.88,4,1023.6,Full-time,1,789.36
35,58858.83,0.1762,0.0797,1,9,11138.68,121,33930.84,0,390.52,Full-time,0,850.0
49,28675.28,0.1957,0.2118,0,13,15869.99,151,13843.2,1,236.49,Part-time,1,850.0
41,52973.5,0.4484,0.1891,0,11,60960.49,84,13360.91,2,240.97,Unemployed,1,738.2
57,79184.98,0.2352,0.2,1,11,12707.82,97,5448.62,4,1627.54,Full-time,1,785.27
49,95915.42,0.2954,0.4576,0,8,21146.4,53,10451.52,1,288.96,Part-time,1,691.15
39,48008.28,0.5988,0.2227,2,12,57040.27,64,4297.19,2,516.56,Full-time,1,618.02
50,106227.12,0.134,0.3784,1,11,22118.32,121,20325.74,1,242.65,Full-time,1,791.03
66,33454.4,0.518,0.1438,1,10,41164.81,149,27069.81,2,199.9,Full-time,1,757.82
40,37743.46,0.4459,0.3389,0,13,27631.75,43,3708.96,3,259.75,Full-time,1,667.34
28,91066.73,0.5467,0.4811,0,3,37666.23,177,13874.36,1,316.35,Full-time,1,713.22
40,140365.44,0.3278,0.1125,1,1,17856.01,68,12224.29,3,440.87,Full-time,1,755.2
60,82623.08,0.6006,0.3994,2,1,28122.47,124,37183.47,1,445.0,Full-time,1,623.3
31,64980.72,0.2085,0.2545,1,11,66349.94,30,5711.98,4,342.94,Part-time,1,723.82
65,24641.01,0.4623,0.4234,0,13,14844.48,138,7003.45,1,86.51,Self-employed,1,720.46
48,26632.8,0.3694,0.3806,0,3,25078.15,105,16720.7,0,683.33,Self-employed,1,731.53
49,70139.0,0.1011,0.4518,0,1,11635.3,112,8824.82,2,148.94,Full-time,1,800.05
35,56323.76,0.227,0.4361,0,6,38659.28,32,9227.64,2,608.45,Full-time,1,699.54
64,40230.24,0.3979,0.2431,0,14,5810.36,102,9084.02,0,408.56,Full-time,1,754.86
22,68151.58,0.5087,0.2814,1,8,15200.99,144,20830.92,1,552.33,Full-time,1,722.04
35,69689.79,0.7111,0.119,2,12,37828.91,50,35091.03,3,806.19,Part-time,1,598.59
40,101213.47,0.4863,0.2853,0,17,16806.74,87,12455.4,0,762.24,Full-time,1,705.28
43,70366.39,0.3488,0.4882,2,9,5337.85,100,10614.04,1,398.13,Full-time,1,656.64
43,115010.36,0.1729,0.498,2,6,10901.49,129,23499.84,3,576.15,Part-time,1,731.13
27,66409.63,0.136,0.2917,1,1,11578.68,126,15925.35,1,356.17,Part-time,1,816.28
31,62824.43,0.3903,0.6049,1,14,56232.86,83,15290.62,1,353.48,Unemployed,1,625.85
25,106824.28,0.3384,0.3705,1,13,32495.97,85,35017.6,0,321.46,Self-employed,1,701.69
47,42603.92,0.3297,0.1747,1,6,34903.28,140,5395.43,1,684.36,Full-time,1,799.08
37,234802.81,0.4668,0.1732,2,11,7888.68,5,10681.01,2,522.64,Self-employed,1,620.83
47,78344.09,0.4844,0.4992,4,4,18725.29,159,5803.75,2,529.92,Full-time,1,612.38
48,78540.77,0.1316,0.1084,3,12,55491.11,70,8468.41,1,298.33,Part-time,1,766.75
53,83808.79,0.3873,0.4287,3,8,34954.09,85,4520.32,0,637.88,Full-time,1,622.47
46,154000.54,0.4682,0.3465,1,4,13081.97,27,9687.21,1,646.06,Full-time,1,620.42
51,94525.82,0.1882,0.1893,0,2,32354.64,68,18299.15,0,132.05,Part-time,1,802.88
48,32135.76,0.1131,0.7206,2,1,7596.27,86,1427.31,2,1052.77,Self-employed,1,657.59
51,124437.85,0.477,0.2732,2,14,10242.57,130,10122.64,3,286.41,Unemployed,1,696.93
49,56760.53,0.5077,0.2399,0,2,4994.63,151,12377.77,1,534.25,Unemployed,1,763.55
35,69440.1,0.2891,0.271,1,9,17252.79,173,10569.6,2,215.01,Self-employed,1,814.69
32,37210.11,0.2485,0.3621,3,3,29076.93,165,3215.33,2,302.61,Full-time,1,747.42
58,83850.51,0.4125,0.5485,1,12,9505.73,34,30098.72,0,798.31,Self-employed,1,592.46
37,49359.3,0.2922,0.1516,4,7,17499.86,86,29765.4,0,206.97,Part-time,1,696.11
46,69222.16,0.3356,0.2998,2,14,10369.64,135,35312.24,1,475.54,Full-time,1,736.87
30,58229.97,0.1383,0.3348,1,2,12336.08,128,8310.9,2,345.37,Full-time,1,806.48
41,157354.38,0.193,0.1621,2,7,8971.12,3,15468.92,3,111.13,Self-employed,1,704.08
45,161460.71,0.4024,0.3322,4,7,44489.32,154,7185.58,2,568.53,Full-time,1,674.56
50,67570.78,0.3224,0.2334,1,8,11502.53,176,5369.37,4,690.46,Self-employed,1,816.6
45,68103.91,0.5022,0.1645,3,5,15671.55,175,5135.25,0,390.73,Unemployed,1,729.05
37,55935.28,0.2861,0.4932,0,5,12918.75,144,15844.0,2,640.72,Unemployed,1,760.87
66,108847.47,0.1703,0.4498,2,17,23266.22,118,27188.82,2,314.56,Full-time,1,734.79
45,57067.27,0.3075,0.2905,3,13,106665.37,170,39870.91,0,305.53,Self-employed,1,751.79
58,54742.64,0.4041,0.2003,0,8,131199.51,6,12808.79,7,663.8,Part-time,1,683.7
55,102782.13,0.3418,0.2821,0,15,16010.86,21,7481.16,2,312.19,Full-time,1,694.44
47,51935.89,0.6607,0.0966,1,2,25004.85,120,12305.86,2,775.85,Full-time,1,702.64
62,65056.42,0.652,0.499,2,10,36615.8,12,30502.86,5,958.27,Full-time,1,489.65
27,32480.99,0.5587,0.1602,4,12,44991.0,59,53053.86,1,370.74,Full-time,1,591.51
64,90842.79,0.556,0.2502,4,1,29161.71,80,36336.98,2,586.37,Self-employed,1,587.32
60,158481.02,0.557,0.3244,1,13,40535.75,146,33422.9,1,827.52,Full-time,1,698.47
44,91541.84,0.5268,0.595,1,13,24948.34,13,42500.58,1,1307.1,Self-employed,1,529.04
55,127747.33,0.2544,0.3851,2,9,12031.22,152,14222.17,0,137.42,Full-time,1,754.07
45,45218.16,0.2827,0.3777,1,12,40359.86,12,16975.39,0,286.58,Unemployed,1,655.77
33,73596.0,0.3909,0.4989,0,17,20601.93,138,32895.4,3,509.42,Full-time,1,723.0
58,43285.72,0.4269,0.2678,1,6,23635.46,19,20696.72,2,491.45,Full-time,1,645.81
32,59724.97,0.5265,0.343,0,4,7244.62,144,27917.45,0,541.99,Full-time,1,726.3
35,93666.43,0.3944,0.2694,1,7,10918.59,13,7969.57,3,369.48,Full-time,1,650.16
45,69273.61,0.3091,0.6174,0,17,14294.52,166,43862.14,2,371.73,Full-time,1,741.25
60,35042.31,0.2395,0.4002,2,9,27064.24,20,8741.66,3,649.39,Self-employed,1,644.77
39,36615.87,0.3718,0.1792,1,16,65768.56,83,34385.87,2,566.72,Full-time,1,737.83
44,35542.21,0.2657,0.5705,2,14,32280.97,67,12380.63,2,51.93,Full-time,1,633.5
22,82549.52,0.2602,0.1989,1,2,16465.57,73,8489.28,2,602.8,Self-employed,1,758.05
26,167502.33,0.2976,0.1424,1,12,9368.35,91,2454.0,5,371.86,Part-time,1,775.95
23,122162.35,0.2232,0.488,3,15,44798.82,142,11101.58,5,473.44,Self-employed,1,704.37
24,28192.37,0.2913,0.4103,1,9,23384.11,21,4627.93,0,93.68,Full-time,1,652.54
61,125427.62,0.3718,0.3717,2,6,2000.0,8,6097.56,0,538.05,Self-employed,1,602.2
60,100849.06,0.2674,0.3461,1,14,38799.87,116,20595.67,0,1269.31,Part-time,1,754.92
59,33011.62,0.5983,0.4137,2,1,24297.24,6,3676.14,2,96.11,Full-time,1,522.08
23,57731.56,0.4498,0.401,1,15,4153.98,110,38020.55,2,676.47,Self-employed,1,681.48
24,108335.17,0.4398,0.2293,0,2,28907.74,23,113816.75,2,608.98,Part-time,1,679.9
34,84769.84,0.3725,0.5016,2,1,19841.6,55,8860.26,2,204.28,Full-time,1,608.68
47,36713.77,0.189,0.4895,0,9,7443.27,98,37191.72,0,253.52,Self-employed,1,752.59
36,87101.9,0.3749,0.2195,2,2,77911.4,56,4074.65,3,336.3,Unemployed,1,679.32
43,25289.0,0.5289,0.4544,1,13,25415.65,92,18771.14,2,364.91,Part-time,1,629.4
29,59857.98,0.227,0.2985,1,9,13315.97,177,18065.94,3,520.8,Self-employed,1,829.78
55,110423.75,0.1884,0.4322,2,13,10799.36,78,150000.0,4,200.46,Self-employed,1,700.43
35,66721.16,0.3062,0.1085,1,14,16338.15,56,9736.52,2,325.42,Unemployed,1,752.68
24,52864.01,0.2372,0.4836,1,14,16715.48,32,19789.06,3,631.2,Full-time,1,659.61
55,98736.09,0.4184,0.171,2,2,27957.44,163,11420.38,1,92.73,Full-time,1,767.56
63,102604.63,0.3171,0.2392,0,15,15793.45,173,9742.42,1,632.07,Full-time,1,839.24
21,119314.47,0.4902,0.3071,0,15,13979.31,39,11879.46,2,206.55,Part-time,1,658.67
41,98071.7,0.1259,0.2826,1,9,20857.87,25,11380.2,0,688.32,Part-time,1,737.41
59,107647.65,0.5639,0.3823,3,3,13753.03,34,7798.67,2,222.21,Full-time,1,538.59
54,92024.38,0.3255,0.214,2,13,17211.93,133,16775.71,7,226.36,Unemployed,1,759.68
61,74569.58,0.348,0.3344,3,12,49098.38,155,6239.38,1,368.69,Unemployed,1,716.17
40,68890.88,0.4076,0.297,1,3,13302.53,7,9513.82,5,427.58,Full-time,1,634.3
38,59470.35,0.1931,0.4527,2,14,16507.56,110,68410.39,1,346.33,Full-time,1,720.56
54,38347.1,0.4129,0.1092,0,12,10566.94,96,12106.41,4,274.95,Full-time,1,778.83
28,43049.67,0.3411,0.3092,1,1,39090.23,138,28385.59,3,579.05,Part-time,1,760.37
32,58284.62,0.3969,0.3023,1,11,5526.53,134,12522.25,0,206.95,Self-employed,1,742.02
49,73766.02,0.2552,0.1935,1,15,10083.28,104,25670.86,2,564.28,Part-time,1,786.73
52,126546.57,0.2446,0.1582,0,17,29722.33,78,11515.5,3,292.01,Full-time,1,802.07
26,64938.19,0.1655,0.3221,1,15,16231.8,175,1483.63,3,543.45,Unemployed,1,840.66
44,103939.51,0.3075,0.1835,3,15,33455.25,53,13013.13,0,192.35,Self-employed,1,681.04
38,107547.95,0.1501,0.2696,1,3,15753.23,8,5702.75,3,415.91,Self-employed,1,719.24
44,59626.12,0.8096,0.3131,1,1,11265.59,142,10351.72,2,173.32,Self-employed,1,622.18
66,86475.0,0.5441,0.1041,0,4,16553.89,29,23981.66,2,296.07,Full-time,1,684.91
24,59302.83,0.2724,0.6685,1,15,7301.45,142,62563.57,4,497.88,Part-time,1,694.49
67,119965.7,0.2596,0.3591,1,15,10116.99,22,4035.46,1,336.46,Part-time,1,675.68
42,88091.34,0.385,0.2252,0,2,34159.15,170,10904.08,1,851.56,Unemployed,1,819.87
57,38726.61,0.2473,0.3011,0,17,15045.92,121,13554.37,2,281.61,Self-employed,1,801.37
40,71160.0,0.6163,0.1683,1,4,17656.12,172,13926.61,2,537.1,Full-time,1,741.37
35,138919.58,0.3433,0.1055,3,9,19677.49,58,14005.0,1,214.98,Self-employed,1,693.97
57,60988.83,0.3338,0.2037,0,11,6015.53,75,21564.68,2,846.7,Full-time,1,761.44
53,80940.68,0.3266,0.1971,3,3,6056.49,142,9208.91,4,706.04,Full-time,1,746.08
27,84596.27,0.2979,0.2077,1,7,23555.46,154,11285.38,1,435.18,Unemployed,1,812.04
54,41502.95,0.3428,0.4609,1,5,13530.72,24,18678.02,1,395.85,Full-time,1,626.93
56,83267.91,0.263,0.4049,5,7,15458.15,88,7376.16,5,343.8,Full-time,1,618.21
39,35340.12,0.3655,0.1902,1,6,27741.97,43,8083.34,0,518.33,Full-time,1,703.63
64,49934.59,0.635,0.0905,2,8,9374.49,64,12626.82,2,640.59,Full-time,1,640.21
51,107374.21,0.376,0.402,2,11,12127.96,14,8083.55,4,138.14,Unemployed,1,598.37
36,77694.55,0.4731,0.2948,0,2,14089.29,96,5818.8,0,451.7,Part-time,1,714.37
21,57698.42,0.2102,0.4711,2,13,22825.01,178,5267.86,0,82.21,Part-time,1,767.5
52,80895.01,0.4603,0.4865,0,2,14021.97,146,12873.75,0,499.57,Self-employed,1,711.95
30,64405.77,0.4149,0.2411,2,11,11579.71,129,42819.48,1,468.43,Full-time,1,722.76
56,66546.77,0.538,0.2075,1,4,59011.84,3,18649.53,0,144.76,Part-time,1,614.22
45,88926.76,0.398,0.2249,4,16,18545.05,22,5946.88,5,191.15,Part-time,1,592.71
42,47699.9,0.241,0.3692,0,6,28518.93,121,49815.5,0,310.36,Self-employed,1,786.23
28,67383.23,0.3315,0.2609,1,1,5082.07,117,8724.32,3,215.55,Full-time,1,757.82
54,57496.5,0.4575,0.1824,2,2,7319.58,23,51484.58,2,119.7,Full-time,1,636.32
28,32418.3,0.4154,0.192,1,7,27173.34,80,12543.64,4,203.02,Full-time,1,719.05
40,43730.23,0.5711,0.157,1,17,15234.99,171,16750.89,1,625.29,Self-employed,1,756.92
60,134013.11,0.2151,0.5353,1,5,13760.74,165,9790.89,1,479.21,Full-time,1,764.14
64,78678.52,0.2517,0.5697,2,9,9271.46,122,10364.38,1,429.33,Unemployed,1,683.73
67,36475.11,0.1676,0.2141,0,13,35667.37,26,43257.19,1,413.72,Self-employed,1,767.86
66,33085.17,0.3414,0.4282,1,4,28512.09,46,11468.87,1,309.46,Self-employed,1,653.86
47,62914.14,0.1679,0.1618,0,12,17229.12,7,29775.85,2,145.1,Self-employed,0,765.01
30,133590.43,0.2662,0.2735,2,8,21419.97,27,13907.33,1,367.07,Full-time,1,674.26
60,60837.33,0.3903,0.3784,2,16,14567.18,30,12107.72,0,86.36,Full-time,1,613.31
58,119151.35,0.2494,0.4192,2,12,11173.47,163,22705.38,2,329.15,Part-time,1,756.21
67,77526.02,0.1626,0.3378,0,6,12542.08,168,12082.93,4,225.46,Full-time,1,850.0
51,81802.47,0.2825,0.1792,0,8,30794.51,142,6838.76,3,196.11,Part-time,1,838.78
27,36276.51,0.4145,0.4983,2,15,13681.22,167,7011.24,3,539.49,Full-time,1,690.24
44,100900.01,0.2435,0.1466,0,7,18773.15,102,21854.85,1,309.88,Unemployed,1,825.3
42,56913.09,0.3148,0.3391,1,10,13350.73,15,2042.66,5,1289.61,Full-time,1,658.28
60,97576.46,0.2449,0.6575,4,15,34813.96,142,18393.41,2,508.25,Part-time,1,630.49
39,45872.61,0.5221,0.2132,2,3,11440.24,95,3936.07,2,689.14,Part-time,1,669.24
36,71658.87,0.3905,0.3843,0,15,52520.71,25,15501.39,0,660.92,Unemployed,1,657.61
24,77528.53,0.6429,0.3346,1,15,12071.33,124,41681.01,1,318.37,Self-employed,1,651.81
60,61739.86,0.4871,0.3686,1,10,12081.11,48,6301.47,1,408.71,Self-employed,1,626.72
56,79383.46,0.2408,0.3308,1,4,73305.16,3,20856.2,1,377.71,Full-time,1,672.56
22,58695.67,0.2432,0.3819,0,3,8547.74,22,34737.24,3,157.92,Full-time,1,699.9
41,49410.74,0.6951,0.2893,0,13,17568.14,5,8189.19,0,666.07,Full-time,1,573.31
43,136280.09,0.3509,0.3368,1,7,36613.4,83,7707.75,3,317.79,Full-time,1,704.7
43,106088.49,0.4044,0.4101,0,10,6121.59,14,18375.72,2,269.95,Self-employed,1,637.82
64,46986.28,0.5345,0.565,0,2,21606.22,103,38656.82,3,191.35,Full-time,1,634.23
28,85459.68,0.5832,0.3807,3,9,6140.64,127,92971.31,0,935.28,Part-time,1,610.7
35,47372.37,0.2934,0.2231,3,2,18502.16,132,7119.72,4,373.33,Full-time,1,741.2
29,38827.81,0.298,0.2776,1,10,74992.23,169,23166.88,3,473.83,Unemployed,1,807.03
32,105368.0,0.4584,0.3396,2,15,3477.97,173,8881.58,0,325.45,Unemployed,1,721.75
63,30734.93,0.1611,0.2441,0,17,17105.0,15,5117.18,2,375.76,Part-time,1,753.14
65,100416.84,0.3392,0.1402,0,15,13116.59,64,10951.48,2,219.81,Unemployed,1,766.52
23,59057.98,0.3439,0.2516,0,10,8909.68,28,10980.47,1,231.16,Self-employed,1,707.26
50,60162.47,0.4594,0.2548,0,13,6179.63,56,14378.07,0,256.28,Full-time,1,695.15
31,79569.65,0.3311,0.1684,2,1,38921.53,85,19070.7,2,819.06,Unemployed,1,729.4
30,85951.59,0.3767,0.2114,4,12,20711.1,155,16279.92,0,865.24,Full-time,1,713.31
34,45622.01,0.3747,0.0782,0,17,4908.84,81,37526.35,1,472.41,Full-time,1,785.54
30,91397.79,0.238,0.2274,0,3,9329.62,46,65939.96,0,463.22,Unemployed,1,760.08
44,69634.59,0.2894,0.3091,2,5,12281.25,40,13536.4,1,256.56,Full-time,1,669.24
67,37600.6,0.3866,0.2285,4,17,6003.48,136,8792.05,1,543.36,Part-time,1,690.23
48,61301.31,0.608,0.2454,0,8,19175.17,38,11276.72,3,475.13,Unemployed,1,637.92
54,123201.38,0.3328,0.6347,0,13,21559.12,130,10983.15,4,484.78,Unemployed,1,699.82
44,140711.6,0.3349,0.3601,0,14,21345.61,27,8081.19,1,145.96,Self-employed,1,682.0
21,91382.27,0.4235,0.307,3,17,74199.96,177,3737.06,2,977.57,Unemployed,1,718.7
24,38729.06,0.2556,0.3245,1,2,9334.16,47,4249.16,1,339.08,Full-time,1,706.36
33,82518.11,0.402,0.2706,2,7,12950.8,178,23889.44,3,269.5,Unemployed,1,760.08
32,97040.86,0.3752,0.2519,2,4,12469.68,151,25270.21,0,354.54,Full-time,1,750.3
60,91726.68,0.4942,0.234,0,14,32801.79,98,17615.79,4,249.8,Full-time,1,724.91
60,94205.08,0.2687,0.1668,2,15,30382.28,83,10875.49,2,378.26,Full-time,1,746.86
61,77922.37,0.3162,0.4563,0,15,8172.29,52,8696.34,1,418.21,Part-time,1,684.4
50,64049.69,0.5552,0.1855,2,2,49593.55,165,4160.8,4,552.17,Full-time,1,724.56
47,50323.86,0.5931,0.3681,1,12,9550.96,169,7679.13,2,217.58,Full-time,1,695.88
51,28167.64,0.2304,0.0844,0,9,32785.01,151,7170.93,4,275.81,Full-time,0,850.0
40,77098.48,0.4066,0.2318,1,13,31429.49,151,4015.12,0,312.66,Full-time,1,770.9
52,71949.79,0.688,0.3462,1,4,23827.45,96,16075.3,2,260.67,Full-time,1,612.05
58,85042.73,0.5851,0.3936,2,3,14320.28,95,7129.21,1,852.01,Full-time,1,605.24
56,36246.76,0.4299,0.1368,1,7,14506.35,148,13827.46,5,327.04,Full-time,1,785.16
49,88455.73,0.3452,0.2469,0,7,25257.67,100,3799.53,0,711.97,Full-time,1,768.05
23,166799.09,0.3737,0.4214,0,14,26067.32,32,22014.11,2,476.95,Full-time,1,659.21
55,68548.89,0.1339,0.1531,2,4,29634.28,8,19242.6,3,550.13,Full-time,1,728.22
38,64360.19,0.2303,0.1669,2,17,29642.2,116,8635.3,0,231.33,Self-employed,1,785.85
55,76042.76,0.509,0.1966,2,1,22918.57,166,42932.43,1,627.74,Full-time,1,736.48
46,165140.46,0.2771,0.3695,0,10,48501.21,169,12471.84,2,392.4,Full-time,1,815.33
62,41745.98,0.3127,0.3188,1,10,11847.24,66,14993.65,1,190.15,Full-time,1,706.49
36,72507.34,0.2637,0.3454,2,7,18577.81,112,3541.54,0,194.41,Full-time,1,727.87
64,46173.17,0.2003,0.1601,3,2,12200.54,110,6868.59,3,109.99,Full-time,1,766.55
60,51732.83,0.2231,0.1196,2,2,99760.48,89,7682.84,2,521.66,Unemployed,1,777.34
36,64710.86,0.3766,0.5395,2,5,30792.09,109,25970.38,1,315.65,Full-time,1,642.98
43,121333.16,0.4097,0.1986,1,7,36656.86,119,30306.73,3,486.56,Unemployed,1,751.61
45,148813.0,0.2138,0.111,2,4,24647.98,21,8228.34,0,692.56,Part-time,1,725.61
57,80956.23,0.2725,0.2231,2,14,17335.03,27,15441.0,1,123.03,Full-time,1,684.98
53,55856.01,0.2572,0.3904,0,17,116952.85,45,27674.01,0,308.35,Unemployed,1,712.74
61,203156.62,0.2404,0.4058,1,13,42228.47,55,10006.88,5,143.37,Full-time,1,697.26
38,54589.7,0.3081,0.4889,0,15,14407.11,122,3855.12,4,267.77,Unemployed,1,737.01
44,51174.1,0.4737,0.1662,1,7,14906.96,47,24446.79,1,163.96,Full-time,1,680.51
41,29770.57,0.3891,0.4027,0,15,21065.55,132,19170.73,1,857.72,Self-employed,1,742.6
63,124025.34,0.307,0.1184,2,3,12350.13,23,17109.9,5,297.95,Self-employed,1,697.47
35,102304.66,0.3624,0.115,0,11,14138.59,102,30202.22,2,978.27,Full-time,1,797.53
48,196420.39,0.5127,0.3378,0,10,6224.17,128,32389.59,0,488.48,Full-time,1,718.41
26,35408.76,0.3782,0.2988,1,9,3371.86,140,22651.49,2,496.8,Self-employed,1,753.51
60,127538.92,0.4366,0.477,0,15,71958.57,115,4937.83,5,217.04,Self-employed,1,695.6
39,68292.89,0.2655,0.1546,5,6,12652.26,139,3692.83,1,257.32,Full-time,1,722.53
37,95105.79,0.179,0.5441,0,10,14576.99,157,17996.61,0,309.6,Self-employed,1,791.11
48,31523.87,0.1226,0.3984,0,8,18926.64,103,14122.37,3,503.4,Part-time,1,799.45
44,128109.01,0.2603,0.3768,0,10,29354.34,126,15052.35,3,83.23,Self-employed,1,782.71
60,94271.34,0.3912,0.14,2,6,31043.04,39,56233.71,2,141.13,Full-time,1,680.14
45,65022.62,0.3598,0.4029,0,13,37063.31,146,29142.46,2,464.59,Full-time,1,763.0
45,88459.55,0.1718,0.4999,1,11,26968.32,41,11423.26,1,134.8,Full-time,1,682.65
25,46888.47,0.214,0.2427,3,3,14949.28,27,7145.69,3,443.55,Part-time,1,672.62
22,50983.23,0.4426,0.5495,3,8,43705.33,24,23113.64,2,837.69,Unemployed,1,524.84
39,53715.13,0.3347,0.1387,2,11,15914.82,14,19792.77,0,237.59,Self-employed,1,676.58
67,28746.53,0.4197,0.1551,1,2,37128.6,149,11126.63,0,591.75,Full-time,1,784.48
64,97517.91,0.6866,0.1729,1,2,6137.17,68,1305.73,1,431.48,Self-employed,1,632.46
50,113121.43,0.364,0.1191,1,10,44845.03,32,5915.37,3,171.26,Full-time,1,712.69
50,48261.78,0.2896,0.5055,1,3,9661.66,26,27453.2,0,71.93,Part-time,1,633.41
39,77396.08,0.3351,0.1276,1,10,6535.36,101,4454.17,5,351.24,Full-time,1,776.74
29,58718.3,0.3513,0.1906,0,1,7263.74,138,21855.94,3,874.58,Part-time,1,811.96
21,76705.09,0.4081,0.1499,1,15,20785.29,15,19479.65,2,402.88,Part-time,1,677.59
36,49890.72,0.3627,0.4784,1,11,89335.37,79,5753.79,2,758.43,Unemployed,1,662.42
35,44465.05,0.6506,0.3778,1,11,15720.93,78,28707.45,5,1019.15,Full-time,1,600.37
30,106237.63,0.3063,0.1839,0,17,16670.27,169,12486.66,1,448.03,Full-time,1,850.0
33,64296.36,0.7182,0.1817,2,11,30880.92,4,11775.99,5,613.21,Full-time,1,542.45
22,164382.13,0.3712,0.4828,0,3,12051.45,18,5028.39,2,154.81,Self-employed,1,632.94
49,67564.6,0.2179,0.2732,2,16,16240.5,45,40253.93,1,558.43,Unemployed,1,703.83
64,43619.73,0.2197,0.2049,3,8,14129.56,170,4849.72,0,687.36,Unemployed,1,799.53
53,114935.16,0.4214,0.5178,3,12,71474.05,7,4803.05,2,313.48,Full-time,1,524.96
42,87891.65,0.2622,0.0949,0,16,19014.13,131,15067.39,4,340.5,Part-time,0,850.0
40,91774.78,0.5266,0.1393,2,9,30456.42,84,5806.35,1,745.2,Full-time,1,677.2
35,113070.9,0.2252,0.1621,0,15,10953.93,145,77480.99,1,271.07,Unemployed,0,850.0
27,49327.73,0.172,0.1773,3,17,8125.23,43,5768.55,5,454.6,Full-time,1,714.91
49,62488.39,0.2005,0.2022,0,8,28702.06,90,26217.96,1,392.57,Self-employed,1,814.3
47,61257.87,0.5368,0.2348,1,1,21525.29,88,53987.32,3,954.22,Part-time,1,678.59
21,37018.17,0.1862,0.4795,0,13,37088.3,67,24546.42,1,565.78,Part-time,1,730.1
40,58769.86,0.4714,0.2946,3,14,9693.99,62,7030.73,0,338.53,Part-time,1,611.6
34,120737.1,0.457,0.1237,2,1,16903.83,131,17887.71,1,397.78,Full-time,1,741.14
29,73629.58,0.5621,0.2655,1,17,7318.67,29,42276.87,1,79.75,Part-time,1,614.16
54,36108.1,0.5197,0.1559,1,13,12757.79,176,3735.87,2,750.51,Part-time,1,776.78
45,32855.43,0.2889,0.184,0,4,6556.71,160,33960.36,5,494.84,Unemployed,1,850.0
50,139965.22,0.4146,0.5069,3,13,14778.74,7,20280.84,0,298.25,Full-time,1,529.73
54,63535.65,0.4569,0.3465,3,12,45048.26,161,66603.05,1,502.21,Full-time,1,685.47
67,49447.43,0.5416,0.5063,1,10,9890.1,108,19227.81,0,565.45,Full-time,1,625.94
58,58495.42,0.1513,0.2601,3,10,9803.42,166,15204.68,3,423.18,Part-time,1,802.92
50,34037.27,0.2073,0.1044,0,2,16044.47,46,23890.08,0,435.0,Unemployed,0,800.04
62,125541.65,0.2783,0.1469,0,16,15853.26,153,4656.62,2,116.3,Part-time,1,850.0
43,55443.86,0.3266,0.4952,0,6,30916.65,73,6678.83,2,512.53,Full-time,1,689.05
67,122434.4,0.5975,0.4221,1,5,7264.03,89,14170.95,2,517.66,Full-time,1,614.39
56,67727.21,0.4111,0.3699,4,3,3125.47,104,8560.08,1,707.31,Full-time,1,620.86
51,125905.81,0.3344,0.4394,3,4,18853.63,140,7944.24,2,630.91,Full-time,1,681.5
63,74273.72,0.4032,0.3559,2,2,58892.42,41,75525.34,3,297.85,Part-time,1,624.23
45,97144.49,0.4325,0.2796,0,15,15745.1,7,61382.12,0,464.62,Part-time,1,656.18
54,91454.04,0.3717,0.2885,3,16,23794.1,4,1540.32,2,464.27,Full-time,1,594.7
34,87595.16,0.489,0.1172,1,1,17057.04,159,13822.8,2,578.28,Full-time,1,781.5
66,77386.72,0.2679,0.3513,1,4,30390.18,15,4851.31,5,309.37,Part-time,1,669.3
50,59588.46,0.4808,0.2067,1,8,14675.47,14,35526.3,2,502.34,Unemployed,1,640.75
57,156677.62,0.1633,0.0696,2,4,17127.15,7,16141.94,2,709.48,Full-time,1,739.44
42,43997.07,0.2679,0.2487,0,4,56767.09,61,46413.98,3,408.3,Unemployed,1,758.29
61,66299.55,0.6725,0.3179,0,12,40168.95,10,6424.16,1,401.36,Full-time,1,577.11
24,66615.91,0.4861,0.2952,1,15,11111.94,85,5957.69,1,201.46,Full-time,1,676.2
26,79308.32,0.5443,0.5697,2,6,11316.89,32,11090.65,4,598.76,Self-employed,1,520.95
44,54542.6,0.4267,0.3832,0,9,11881.87,51,8041.55,4,355.13,Unemployed,1,668.69
55,76239.57,0.4514,0.4536,3,7,8211.61,81,12350.62,0,313.81,Self-employed,1,593.68
59,61329.78,0.526,0.5452,1,7,12251.15,88,36640.85,1,397.93,Full-time,1,604.23
41,32471.61,0.3383,0.206,2,1,16563.45,83,19875.6,3,229.13,Full-time,1,716.18
51,66456.21,0.2716,0.4802,2,13,10494.48,16,10383.64,2,624.85,Full-time,1,611.8
46,40325.75,0.2488,0.1908,0,16,25796.97,5,13986.28,3,540.84,Part-time,1,731.83
66,30318.9,0.4568,0.1796,1,13,5588.71,139,3480.2,3,417.5,Full-time,1,758.89
51,70374.97,0.1677,0.3285,1,17,7895.6,7,2540.26,2,297.36,Unemployed,1,698.4
40,82417.04,0.4315,0.2824,1,14,28606.41,73,37400.01,5,437.28,Full-time,1,685.78
66,83869.23,0.5676,0.5206,2,7,68230.4,47,6994.31,4,443.99,Self-employed,1,538.74
26,85410.71,0.2437,0.213,1,14,21525.87,9,45197.33,4,859.18,Full-time,1,706.14
67,27731.8,0.295,0.1997,2,4,10057.26,11,10295.76,3,884.1,Self-employed,1,670.74
28,35865.9,0.4173,0.2327,3,7,8273.57,22,14975.23,6,264.56,Full-time,1,609.97
34,160827.02,0.2093,0.1022,1,12,13867.81,39,27064.84,2,281.5,Full-time,0,769.16
59,41305.71,0.3743,0.1013,5,5,43765.55,138,29894.96,1,691.2,Full-time,1,702.38
55,87105.78,0.4345,0.2827,2,13,25847.22,9,8628.86,0,270.55,Self-employed,1,606.48
66,48575.67,0.3282,0.5613,0,4,7586.12,146,14191.88,4,582.31,Part-time,1,732.88
56,68586.62,0.4531,0.131,0,3,23240.28,18,13154.73,0,551.58,Unemployed,1,696.32
50,49763.43,0.5409,0.3062,4,13,49232.1,34,18427.66,4,275.51,Full-time,1,539.51
37,85194.62,0.2225,0.5201,0,9,41215.89,119,15743.64,2,436.03,Unemployed,1,752.39
21,70371.83,0.4632,0.1817,3,16,45770.11,170,7182.43,4,155.17,Full-time,1,732.28
26,54082.7,0.3179,0.204,4,4,31577.18,26,15169.64,2,500.59,Part-time,1,625.3
34,41250.67,0.3894,0.4076,1,13,7349.94,120,3851.34,1,481.27,Full-time,1,706.28
22,74644.97,0.2251,0.3337,1,4,10248.0,81,13394.52,1,414.8,Full-time,1,741.54
44,38341.06,0.4069,0.1883,2,9,60942.41,143,14774.28,0,311.87,Self-employed,1,750.02
57,80207.03,0.2939,0.2789,2,9,14213.26,145,5805.44,2,95.33,Full-time,1,762.94
66,215759.19,0.3801,0.3723,2,15,4781.12,131,10512.68,2,742.7,Self-employed,1,702.06
44,121488.7,0.3247,0.4706,2,7,27569.38,13,8634.92,3,215.67,Self-employed,1,595.77
62,91423.38,0.3983,0.2087,0,7,37928.1,56,8775.13,2,468.58,Full-time,1,725.0
67,63670.51,0.5386,0.1701,0,9,17046.83,50,25437.87,1,320.72,Unemployed,1,687.56
61,27654.99,0.5022,0.374,2,17,26498.23,130,19791.3,3,319.59,Self-employed,1,664.17
42,36496.48,0.4749,0.5537,2,7,10099.79,113,30245.78,3,534.0,Unemployed,1,613.27
36,117860.47,0.3457,0.38,3,10,13029.68,93,78161.88,3,887.95,Part-time,1,653.79
66,46379.36,0.3411,0.3574,1,2,5083.61,33,33954.04,1,78.03,Unemployed,1,660.82
32,48307.23,0.1461,0.1029,3,11,8505.92,27,3620.12,0,395.93,Full-time,1,727.94
40,61417.94,0.3172,0.2042,1,2,49300.82,95,7652.53,3,678.44,Unemployed,1,757.96
24,41030.84,0.4812,0.1847,2,1,2000.0,178,41804.94,3,201.54,Full-time,1,757.8
58,38099.41,0.5748,0.3026,1,5,13750.83,125,9550.4,4,856.02,Full-time,1,681.08
51,64685.13,0.5099,0.4982,0,4,12411.41,32,9025.84,1,142.01,Self-employed,1,599.15
24,44303.18,0.1669,0.3746,4,9,27340.84,170,17747.68,6,301.5,Unemployed,1,747.95
31,47407.78,0.2035,0.4717,0,4,4050.75,51,10488.47,1,187.02,Part-time,1,713.53
47,46558.46,0.3081,0.4788,0,4,10567.97,175,57123.77,4,249.53,Full-time,1,783.7
46,83705.68,0.6348,0.5427,3,16,11945.32,145,11647.53,4,788.13,Self-employed,1,569.72
58,59607.9,0.1706,0.1525,0,11,23948.82,31,103781.25,0,188.17,Full-time,0,786.53
33,61061.85,0.4238,0.2309,3,1,17912.28,13,8299.69,1,413.36,Self-employed,1,600.97
64,86562.82,0.3446,0.307,1,13,5657.74,158,7642.11,1,259.3,Self-employed,1,776.54
41,62073.98,0.394,0.2571,2,13,14226.49,4,6568.44,3,524.38,Part-time,1,620.86
59,58383.34,0.4133,0.3499,1,16,10465.06,12,6843.57,4,367.98,Part-time,1,623.54
32,81773.02,0.2114,0.3333,0,10,24945.61,88,24709.38,1,369.06,Full-time,1,776.59
22,89383.29,0.2548,0.3026,0,17,15179.42,82,4262.71,0,236.8,Full-time,1,766.24
23,61933.53,0.4076,0.2017,0,16,61328.72,79,5689.07,2,794.42,Part-time,1,743.13
38,68615.48,0.3457,0.1225,1,7,11330.42,86,20778.66,1,477.88,Full-time,1,762.33
65,46545.91,0.4671,0.1917,2,2,12118.52,42,2112.34,2,456.37,Full-time,1,646.95
23,44922.44,0.3162,0.1685,1,17,12426.02,17,3821.15,1,546.42,Part-time,1,702.18
38,93537.38,0.6298,0.2178,2,12,15754.7,72,12782.36,0,258.54,Part-time,1,616.61
26,80839.74,0.3477,0.2389,1,15,32508.32,58,18898.92,2,643.94,Full-time,1,709.3
64,81217.36,0.5054,0.2845,0,2,13232.84,75,10038.8,2,491.62,Part-time,1,689.76
52,75085.63,0.2397,0.1669,2,6,13672.98,140,19346.8,0,522.11,Full-time,1,803.03
56,67561.36,0.2706,0.2664,0,1,23154.0,3,6428.39,2,26.54,Unemployed,1,704.72
54,90525.36,0.4465,0.3205,2,7,9297.99,40,48378.47,0,348.42,Full-time,1,619.26
51,100790.46,0.329,0.2481,4,13,28043.12,164,28979.25,3,315.44,Self-employed,1,725.94
57,99713.13,0.3788,0.2871,1,3,13841.77,113,6686.69,1,448.25,Full-time,1,733.75
21,63237.32,0.7712,0.4236,1,7,9585.78,93,11382.36,1,758.95,Self-employed,1,565.24
61,123518.56,0.4293,0.4397,0,15,4977.07,173,2515.65,2,263.3,Part-time,1,755.45
55,73336.03,0.3439,0.3145,1,6,8337.74,75,29442.6,0,445.64,Part-time,1,705.7
55,87954.01,0.4752,0.3446,2,10,15605.31,12,4503.17,2,514.27,Self-employed,1,581.29
39,75127.32,0.4319,0.1918,1,8,16904.43,171,8452.05,3,411.31,Full-time,1,789.98
58,73950.63,0.4489,0.3293,0,4,14780.55,5,10414.39,3,288.12,Unemployed,1,637.17
38,47520.27,0.3115,0.216,2,16,6400.28,141,4146.52,1,157.28,Self-employed,1,770.05
23,90726.78,0.2887,0.3075,0,14,15548.64,50,6581.3,1,96.65,Unemployed,1,728.18
63,238084.87,0.1934,0.6785,1,7,6080.69,140,18334.78,2,300.8,Unemployed,1,714.02
32,55901.26,0.2586,0.4242,0,15,7413.58,20,8748.94,1,286.59,Full-time,1,683.04
25,68319.3,0.3689,0.5411,2,9,38544.87,56,28028.79,1,414.9,Unemployed,1,600.72
50,54133.45,0.4661,0.5292,0,11,16405.89,17,25094.82,4,779.08,Part-time,1,592.04
31,53124.37,0.5699,0.3247,1,5,24230.98,107,6492.94,2,329.89,Part-time,1,662.02
61,132588.05,0.1147,0.4248,0,7,48058.25,75,9085.19,1,121.46,Full-time,1,771.89
41,48881.93,0.1443,0.187,1,16,16939.61,41,9089.04,1,412.47,Full-time,1,769.13
21,53458.65,0.1594,0.3517,2,4,34546.27,118,9477.24,2,79.91,Full-time,1,762.59
65,32390.75,0.5218,0.2697,1,8,23123.31,3,46796.78,1,93.32,Full-time,1,603.54
45,47055.11,0.446,0.1184,0,14,10655.89,134,15723.26,1,196.64,Full-time,1,798.27
33,30675.51,0.3494,0.4446,1,6,15933.5,19,3260.47,4,210.75,Self-employed,1,624.86
52,87931.39,0.2968,0.5573,0,14,10417.69,22,7657.15,3,312.51,Self-employed,1,639.97
45,233249.45,0.4265,0.2408,2,7,27040.02,53,9019.78,0,554.86,Full-time,1,656.02
22,56105.8,0.2673,0.2151,1,9,35419.56,104,19148.69,1,268.76,Self-employed,1,777.7
56,31255.76,0.1758,0.3833,1,17,6767.65,153,61811.32,3,398.95,Part-time,1,803.94
39,99210.57,0.6219,0.5154,2,13,9522.52,129,26087.45,1,624.66,Full-time,1,592.08
53,47709.4,0.3637,0.1224,0,16,13717.63,62,12249.43,1,1085.46,Full-time,1,761.96
63,118741.73,0.2407,0.209,1,4,9957.4,112,6482.51,0,238.26,Full-time,1,793.87
49,58284.24,0.3081,0.3926,1,15,14952.49,149,44705.59,2,287.25,Full-time,1,758.59
52,49795.65,0.4896,0.179,0,10,22714.57,85,10381.29,2,414.89,Full-time,1,729.2
32,61078.74,0.4462,0.2591,0,14,43344.51,134,3994.1,2,389.32,Part-time,1,763.03
32,93059.98,0.2539,0.1402,0,6,12366.56,81,18106.18,3,355.26,Self-employed,1,806.28
40,59734.24,0.2624,0.4038,2,13,11969.26,78,4673.36,2,277.37,Part-time,1,685.33
61,52916.68,0.5603,0.2562,1,17,22856.49,140,23405.73,1,128.38,Part-time,1,709.53
45,60507.69,0.4117,0.3037,1,9,16988.07,142,9558.08,3,358.37,Unemployed,1,743.9
37,37334.2,0.4382,0.2348,2,8,5913.64,43,10302.46,2,268.99,Self-employed,1,645.67
57,79115.51,0.2573,0.2141,1,9,9626.45,22,1295.01,2,301.42,Full-time,1,712.62
61,29613.13,0.1634,0.4416,0,4,13772.87,35,33386.3,3,413.2,Unemployed,1,719.75
63,54184.24,0.3015,0.3737,2,10,30306.17,164,4903.75,1,776.44,Full-time,1,752.79
35,93127.36,0.361,0.1338,4,4,38231.45,13,7230.23,4,162.72,Full-time,1,619.08
54,75839.29,0.4598,0.4483,2,12,8360.71,146,15713.25,1,328.2,Self-employed,1,671.65
48,86305.12,0.3489,0.0965,1,17,10245.12,74,11801.8,1,156.57,Full-time,1,757.87
42,64262.37,0.1264,0.3908,0,13,32124.76,156,94071.68,3,647.89,Self-employed,1,844.38
39,112014.74,0.4248,0.2221,2,17,12705.47,120,3083.5,2,609.17,Part-time,1,717.04
26,100319.43,0.3708,0.1484,3,8,22538.27,128,9646.82,1,795.93,Self-employed,1,733.33
33,80883.36,0.2208,0.2237,1,14,15351.86,95,26062.52,1,473.03,Full-time,1,782.0
46,100448.01,0.4058,0.2372,0,10,17936.63,78,9167.51,3,39.51,Unemployed,1,733.96
62,92752.56,0.6733,0.2616,0,9,13122.59,18,13321.99,0,446.2,Full-time,1,597.61
61,54297.93,0.5399,0.3506,0,11,38314.05,58,120215.24,2,1103.07,Part-time,1,648.71
29,36143.25,0.5696,0.2011,1,12,5918.37,178,14128.75,3,288.7,Full-time,1,752.18
52,79950.5,0.2456,0.2751,3,1,13281.54,76,43939.69,1,240.19,Full-time,1,695.88
24,84604.28,0.4193,0.3293,3,12,35897.4,68,23207.16,4,274.12,Full-time,1,623.55
52,108089.23,0.136,0.1381,1,9,15097.11,179,25005.84,2,516.01,Full-time,0,850.0
37,43419.13,0.3232,0.5093,1,3,16156.98,3,11286.33,1,210.69,Self-employed,1,603.21
42,44007.09,0.3628,0.4015,1,4,34136.5,114,3345.54,0,626.12,Full-time,1,710.78
54,81385.72,0.4195,0.3696,1,3,24107.11,110,33674.9,2,77.66,Self-employed,1,698.42
40,64085.59,0.4487,0.1049,1,14,31479.89,126,21445.39,2,806.86,Unemployed,1,769.16
58,28322.37,0.4176,0.0991,0,7,40241.74,4,21063.72,3,293.89,Full-time,1,703.28
46,78338.83,0.2587,0.581,1,8,6336.33,145,11760.59,0,591.04,Full-time,1,722.97
67,28750.48,0.2964,0.1624,2,7,12628.06,162,7700.83,0,276.73,Self-employed,1,805.48
50,43244.9,0.3433,0.3188,0,13,9765.45,119,41118.43,3,254.89,Unemployed,1,766.48
34,121571.35,0.3569,0.2332,0,8,21782.8,109,17636.23,2,328.37,Self-employed,1,775.46
57,150421.34,0.7454,0.4871,1,17,35917.83,97,2822.97,3,577.64,Full-time,1,560.44
40,38290.41,0.5066,0.4866,0,6,3011.46,61,12765.89,1,262.52,Part-time,1,627.2
46,57055.16,0.2651,0.3269,1,17,5720.91,164,10317.79,2,528.03,Full-time,1,800.41
27,67452.58,0.4489,0.4904,1,11,4057.31,62,1433.07,1,444.01,Part-time,1,619.4
26,147495.38,0.1356,0.4792,0,11,9445.25,142,7073.82,1,805.37,Full-time,1,807.85
48,53008.58,0.3415,0.1269,2,13,17620.76,21,121379.96,3,575.79,Self-employed,1,683.32
29,53391.25,0.2297,0.3215,0,15,52976.72,25,1797.22,1,143.03,Unemployed,1,721.55
67,132843.43,0.3667,0.1949,2,15,6813.75,77,5008.75,3,348.88,Full-time,1,705.43
61,55901.41,0.3793,0.1507,0,16,90775.52,7,1688.93,1,519.66,Unemployed,1,704.37
53,91582.07,0.4459,0.393,4,7,24493.04,91,3479.03,2,196.15,Self-employed,1,593.81
55,34039.8,0.4252,0.2981,1,14,25127.32,105,2800.05,3,484.11,Self-employed,1,710.42
48,61263.85,0.1186,0.4112,0,5,27946.13,29,4881.45,3,690.08,Unemployed,1,735.79
23,31356.64,0.1826,0.1039,0,9,6293.91,109,57444.6,2,241.86,Full-time,0,850.0
39,41153.11,0.3132,0.2756,3,3,11185.94,123,28855.63,2,507.78,Part-time,1,714.64
44,96533.04,0.3959,0.5273,0,8,8265.05,37,10719.22,1,1704.4,Unemployed,1,630.24
64,64701.69,0.2971,0.2701,0,10,26525.1,59,55423.41,0,390.85,Part-time,1,742.51
31,57319.86,0.345,0.3113,2,15,8941.97,146,8913.7,2,484.35,Full-time,1,740.34
44,47243.14,0.308,0.116,2,1,14492.52,15,5930.93,2,427.66,Self-employed,1,691.1
37,59916.35,0.3409,0.3096,0,11,10554.12,119,9245.87,4,291.64,Unemployed,1,769.5
27,75773.27,0.3407,0.1143,0,15,45718.12,46,3477.22,4,269.66,Part-time,1,757.55
25,102982.29,0.1042,0.455,2,14,10977.68,128,2688.69,2,246.21,Self-employed,1,761.66
38,20306.25,0.5677,0.2847,2,9,7778.9,9,23407.56,1,155.45,Full-time,1,566.02
24,45510.92,0.2472,0.1927,0,7,23535.05,149,17710.43,2,212.0,Unemployed,1,850.0
24,71082.28,0.2786,0.5906,2,11,16082.53,164,4473.07,1,696.55,Full-time,1,705.44
37,63291.83,0.5669,0.4141,0,12,44889.42,107,19875.12,0,760.82,Full-time,1,665.57
30,79341.71,0.2117,0.3482,1,7,20836.23,84,20562.05,3,450.33,Full-time,1,744.44
47,74637.11,0.199,0.3195,1,10,20354.84,127,7992.58,3,319.95,Self-employed,1,791.26
21,57688.29,0.4268,0.1799,0,1,31089.47,172,5943.37,2,163.4,Full-time,1,820.32
35,52204.09,0.2583,0.5746,2,6,23199.25,120,26183.19,3,457.2,Full-time,1,678.86
42,59250.19,0.3588,0.1882,1,14,29271.87,111,19547.63,1,662.37,Self-employed,1,762.81
66,110961.0,0.3174,0.1986,3,8,27603.94,93,58630.01,2,782.7,Full-time,1,707.63
50,47600.4,0.5006,0.2898,1,9,13365.93,10,19353.14,3,975.23,Part-time,1,610.7
62,64327.14,0.1957,0.2756,0,16,7254.69,24,2960.61,0,227.59,Part-time,1,742.39
37,71862.08,0.4656,0.2723,1,7,14856.37,33,3632.11,1,881.75,Unemployed,1,644.74
42,133540.21,0.3949,0.4469,0,8,4128.2,14,11102.83,1,393.76,Unemployed,1,631.47
40,57806.78,0.2746,0.2245,1,13,10038.92,97,26572.28,1,472.95,Full-time,1,767.33
62,101871.04,0.1049,0.0974,1,15,12756.17,72,17549.17,1,441.85,Full-time,0,829.18
66,115196.05,0.2053,0.4823,3,6,41723.13,4,7908.68,4,281.75,Full-time,1,596.17
66,64299.72,0.1287,0.3606,1,3,15128.65,98,3196.21,1,514.63,Self-employed,1,777.91
56,60184.88,0.4521,0.3686,0,12,57425.48,111,46561.26,2,175.0,Part-time,1,714.72
44,57063.84,0.4066,0.6141,2,2,23401.83,38,44707.13,0,826.76,Full-time,1,556.16
46,58975.63,0.6454,0.2312,1,13,5376.57,157,4039.28,4,405.86,Part-time,1,704.41
67,97188.53,0.3686,0.3387,0,9,37566.66,58,23500.95,0,47.25,Part-time,1,703.08
34,73420.21,0.1972,0.143,1,17,34931.42,59,16596.71,1,1340.6,Full-time,1,779.26
37,73561.74,0.3992,0.4813,1,6,5203.05,165,23898.29,1,439.84,Part-time,1,722.42
63,39880.77,0.3709,0.2889,1,14,27984.94,151,48545.45,5,187.52,Full-time,1,767.34
39,42814.39,0.4167,0.156,0,1,46281.08,70,44867.0,2,624.02,Part-time,1,744.32
32,173607.29,0.3442,0.2745,1,1,3757.18,166,20545.63,1,200.36,Self-employed,1,791.45
47,61082.36,0.4937,0.3957,0,8,7923.27,108,10859.53,2,243.64,Self-employed,1,692.96
36,46693.14,0.2657,0.3506,0,11,32767.26,47,10357.68,1,325.21,Full-time,1,721.81
62,125994.64,0.3949,0.2148,1,3,14893.73,83,11092.81,2,170.25,Full-time,1,722.0
63,75117.88,0.2836,0.4631,1,11,47628.82,86,136004.68,1,445.17,Unemployed,1,695.81
35,85833.93,0.32,0.3541,0,12,32860.74,9,13883.1,1,212.43,Full-time,1,672.98
45,62185.6,0.2954,0.2558,1,3,30383.42,58,25920.55,3,720.12,Full-time,1,720.76
67,57331.02,0.3708,0.3165,0,15,38517.55,119,19027.33,2,239.86,Full-time,1,758.8
55,61309.26,0.3971,0.4937,0,13,9589.22,53,5762.15,1,99.36,Part-time,1,651.61
31,35517.04,0.4204,0.3098,2,6,13696.35,109,20052.25,3,402.4,Unemployed,1,687.26
48,63604.07,0.2882,0.3945,1,7,66444.4,4,7608.78,0,291.63,Self-employed,1,643.25
50,75600.25,0.3513,0.1955,1,5,13314.97,42,5975.74,0,450.88,Part-time,1,705.74
51,152163.13,0.3161,0.1421,1,11,36603.66,43,22138.87,3,673.42,Full-time,1,730.48
22,68782.15,0.21,0.4718,1,12,14815.58,117,4560.01,0,170.78,Full-time,1,741.55
35,23147.0,0.2647,0.5033,1,5,9952.93,143,28166.9,4,896.1,Full-time,1,738.93
61,63430.91,0.3957,0.4008,4,10,8527.46,73,21691.39,0,594.61,Full-time,1,591.92
32,227016.25,0.5816,0.1077,0,4,25063.87,162,39151.05,3,172.28,Full-time,1,783.6
35,97720.32,0.2138,0.1822,1,8,42404.23,175,20090.0,1,146.65,Full-time,1,850.0
36,45940.39,0.3259,0.4985,2,7,23973.72,54,5929.77,0,606.66,Unemployed,1,622.6
29,86335.65,0.5346,0.1951,0,7,20340.37,76,34443.4,2,871.81,Full-time,1,704.18
28,47386.56,0.2283,0.3872,2,4,7620.13,9,35988.23,1,324.87,Full-time,1,642.21
37,35982.45,0.2666,0.5225,1,1,17038.15,66,28550.89,3,75.95,Part-time,1,669.4
62,56569.98,0.4111,0.0836,1,17,19320.15,135,24912.67,5,584.45,Self-employed,1,793.27
21,68953.45,0.4048,0.2067,2,7,9197.73,145,3803.88,2,833.83,Full-time,1,747.72
34,28496.31,0.669,0.2158,1,13,23077.14,127,27655.44,1,153.76,Full-time,1,676.18
23,39453.51,0.3489,0.2526,3,15,10514.39,84,4620.33,1,209.02,Self-employed,1,677.18
47,66479.64,0.3781,0.1919,0,1,12940.37,53,7876.33,2,407.95,Full-time,1,732.76
32,55067.89,0.3325,0.2571,1,7,29274.97,91,6588.49,1,538.61,Part-time,1,736.81
58,79036.5,0.3726,0.4268,1,7,52180.58,147,3521.64,2,473.97,Full-time,1,729.02
48,38307.43,0.1396,0.4376,1,11,49093.46,163,15533.57,0,130.09,Full-time,1,809.55
57,91249.35,0.4137,0.3857,0,16,15438.13,137,13011.38,0,348.23,Full-time,1,743.63
50,38843.98,0.3299,0.3155,2,12,25040.59,81,41315.48,3,245.2,Part-time,1,689.66
41,138583.79,0.5561,0.3955,4,11,26604.32,19,37216.75,2,905.69,Part-time,1,500.13
61,30574.11,0.272,0.6006,0,4,26495.03,135,15527.34,2,453.07,Self-employed,1,730.75
43,40471.39,0.2853,0.4968,0,9,18665.79,89,26105.4,2,208.45,Self-employed,1,714.38
65,79842.95,0.4658,0.5023,1,13,42318.58,12,12227.15,2,245.23,Full-time,1,569.68
67,139931.03,0.4622,0.6179,3,10,11124.46,32,12162.46,2,215.39,Full-time,1,508.53
48,76249.75,0.5627,0.4988,2,11,7688.88,179,14864.87,0,113.89,Unemployed,1,655.66
52,85245.11,0.7249,0.42,2,6,21899.8,32,11753.17,1,171.85,Self-employed,1,504.2
33,66695.42,0.4352,0.1789,0,8,13748.42,77,15998.56,2,278.67,Unemployed,1,738.88
59,41694.34,0.2257,0.1478,1,7,65428.66,69,23480.47,1,297.93,Full-time,1,777.84
52,53073.75,0.344,0.2525,2,9,12347.24,89,4737.57,0,460.92,Self-employed,1,707.84
63,38355.02,0.1838,0.4195,1,4,35271.21,31,9443.75,2,322.03,Part-time,1,690.82
33,37219.22,0.1758,0.4059,0,12,23828.35,69,25835.22,0,571.39,Part-time,1,753.28
58,79283.63,0.5675,0.2384,3,13,6424.59,149,8340.46,0,320.17,Unemployed,1,669.32
43,39917.49,0.2654,0.1687,3,13,25924.1,21,8491.07,2,494.31,Full-time,1,670.7
29,76404.69,0.4014,0.1885,0,5,10844.09,81,31670.34,2,224.76,Part-time,1,749.96
29,36834.12,0.3548,0.4595,1,8,91999.16,147,7122.7,1,668.0,Self-employed,1,726.18
47,75612.16,0.4342,0.2114,3,8,9850.38,157,19311.06,2,495.05,Part-time,1,722.72
36,53108.53,0.3199,0.3172,2,15,8973.55,158,15174.04,3,255.59,Full-time,1,756.4
25,124614.09,0.3305,0.1904,0,16,3715.85,99,28408.62,2,374.32,Full-time,1,785.75
41,76548.02,0.5519,0.2798,0,9,10015.91,9,12629.81,1,250.05,Full-time,1,621.98
51,115393.38,0.5588,0.2089,3,7,28467.07,109,6823.16,1,334.87,Full-time,1,645.97
35,47096.74,0.3893,0.4043,0,1,8316.95,169,7674.31,4,211.38,Part-time,1,772.97
65,67864.24,0.2688,0.3326,0,6,24551.23,103,54583.55,2,738.82,Full-time,1,772.04
57,42553.22,0.3994,0.1884,2,2,20512.71,122,8488.06,1,818.39,Part-time,1,734.75
45,54933.45,0.207,0.4307,0,8,8649.58,35,8029.38,1,631.57,Full-time,1,709.39
64,58809.17,0.4376,0.1153,0,7,15754.86,131,9023.46,1,267.63,Full-time,1,799.06
41,47732.31,0.5957,0.443,0,5,8858.39,27,10614.55,2,290.95,Part-time,1,583.04
27,38293.05,0.3173,0.318,0,17,31240.38,68,9443.73,3,85.99,Self-employed,1,731.98
22,35028.5,0.6677,0.3316,1,13,4783.21,55,21589.2,2,177.08,Part-time,1,587.62
65,23089.04,0.362,0.3542,0,11,28687.14,8,14565.02,2,950.0,Full-time,1,659.52
66,41136.21,0.4369,0.189,3,12,10330.65,121,8089.46,3,904.39,Self-employed,1,697.51
55,87760.98,0.5051,0.2617,1,6,18579.14,23,24690.21,5,750.31,Self-employed,1,627.21
25,32230.73,0.334,0.2122,0,5,23725.36,156,16973.87,2,784.47,Unemployed,1,826.75
34,35751.4,0.2182,0.1444,2,15,18901.24,152,41270.07,0,158.78,Full-time,1,825.11
22,148138.71,0.3102,0.1295,2,8,72506.4,30,17481.96,2,595.37,Full-time,1,699.56
23,49690.88,0.3929,0.1541,1,13,12781.76,90,11981.12,1,553.22,Part-time,1,743.6
32,76456.0,0.5646,0.2497,0,10,6569.48,17,11237.51,2,620.14,Part-time,1,632.36
47,88348.34,0.3071,0.3402,0,1,78369.27,37,15114.04,1,1050.71,Full-time,1,703.65
24,89155.45,0.3939,0.2743,0,15,22207.69,152,18250.6,2,86.94,Full-time,1,789.92
67,33354.85,0.5319,0.4603,2,1,19075.48,62,13336.44,1,93.12,Full-time,1,577.02
42,59636.5,0.3333,0.3968,0,6,82345.3,66,9185.46,0,187.63,Self-employed,1,705.81
33,31945.86,0.6208,0.4087,5,13,6870.88,163,22757.61,0,146.72,Full-time,1,572.42
45,198956.81,0.3033,0.1651,0,10,16210.79,47,19304.72,3,327.57,Part-time,1,756.9
58,32283.33,0.1815,0.511,1,15,8043.58,39,13573.13,2,461.0,Full-time,1,675.3
35,41293.98,0.3701,0.3859,1,16,15941.68,4,23580.06,0,535.93,Full-time,1,620.83
23,41428.72,0.2429,0.1511,0,13,6321.43,144,12520.09,3,111.88,Part-time,1,850.0
23,33742.14,0.2242,0.2357,1,5,18355.98,38,13498.56,2,241.92,Full-time,1,730.48
61,121621.28,0.397,0.4512,1,1,17453.26,79,22852.25,2,452.5,Unemployed,1,658.93
26,196831.15,0.3354,0.113,1,13,16843.86,10,26390.74,0,362.36,Full-time,1,704.46
50,53418.53,0.6387,0.3785,0,6,3526.85,94,23279.68,1,308.81,Self-employed,1,642.1
39,36527.09,0.2019,0.3085,1,12,29568.64,125,6975.19,2,711.33,Part-time,1,791.47
57,24182.48,0.2263,0.38,1,9,14707.3,60,18388.44,3,253.1,Self-employed,1,712.11
23,59287.34,0.4796,0.3661,1,3,108863.75,15,13863.06,1,921.31,Self-employed,1,602.1
63,57390.59,0.193,0.1142,2,7,12451.92,40,18640.01,1,196.17,Self-employed,1,746.88
53,49361.04,0.3989,0.4907,0,17,11095.76,136,62946.19,0,208.92,Full-time,1,720.99
42,73102.57,0.2071,0.3267,0,6,19399.1,158,11170.92,2,479.1,Full-time,1,837.86
30,79049.37,0.5144,0.4085,1,14,7308.18,124,13612.19,4,276.21,Part-time,1,671.89
66,76526.13,0.2984,0.1257,1,12,40897.17,166,8280.83,0,283.58,Full-time,1,842.39
35,57396.8,0.2878,0.2451,2,8,9024.32,8,11350.38,1,242.35,Full-time,1,659.05
44,40306.59,0.3069,0.1623,2,13,9733.23,140,7511.69,3,447.91,Full-time,1,784.02
39,89288.22,0.3238,0.539,2,10,31338.94,178,5366.61,1,96.26,Self-employed,1,716.44
31,66544.83,0.1846,0.4689,2,11,20916.47,158,2534.36,2,197.27,Self-employed,1,759.06
40,98692.17,0.2669,0.1927,1,7,20638.43,176,7397.91,3,294.12,Full-time,1,843.42
28,94422.44,0.16,0.3658,2,17,6961.67,93,7843.98,4,500.85,Unemployed,1,738.05
21,34898.78,0.2056,0.1245,4,5,35593.55,170,12708.25,3,259.03,Self-employed,1,798.86
34,34703.65,0.3361,0.1968,1,10,8761.38,81,8447.53,3,1073.2,Full-time,1,742.47
26,47098.98,0.3095,0.4443,3,16,5390.9,46,32132.48,2,550.81,Part-time,1,609.41
40,41137.71,0.5762,0.0972,1,13,23359.86,155,16199.56,0,493.34,Part-time,1,757.01
61,92954.3,0.1929,0.2755,3,10,15515.33,121,25102.86,0,370.05,Unemployed,1,749.09
28,77504.35,0.598,0.2849,1,2,15253.63,124,30809.71,4,424.93,Part-time,1,677.71
21,108513.82,0.356,0.4891,2,7,28807.75,82,43430.83,2,321.04,Full-time,1,639.26
26,79096.12,0.5168,0.2073,2,8,14417.62,179,30547.98,2,539.89,Full-time,1,742.3
44,72685.15,0.3446,0.631,1,15,5300.5,62,6302.89,0,643.02,Self-employed,1,615.54
33,113536.36,0.5506,0.272,5,15,14217.17,111,27731.79,1,393.76,Unemployed,1,584.32
44,81746.42,0.48,0.1552,0,8,22059.63,78,17541.07,0,1075.07,Self-employed,1,732.2
22,68230.4,0.3063,0.0653,3,7,20430.24,62,41962.43,2,254.79,Self-employed,1,718.45
36,128824.19,0.2156,0.3757,0,4,15908.98,126,13655.84,5,911.42,Unemployed,1,796.4
40,69691.34,0.1469,0.2684,0,9,97512.11,26,35342.35,1,546.06,Self-employed,1,760.5
41,57701.98,0.383,0.1122,1,3,57627.75,22,14543.53,0,320.49,Unemployed,1,700.38
46,45386.93,0.2755,0.3504,1,3,7781.0,117,15044.8,2,279.81,Full-time,1,752.25
57,90795.18,0.4493,0.2297,0,16,6914.8,81,23532.13,0,98.66,Self-employed,1,725.29
42,115459.23,0.6079,0.3639,1,10,45625.36,28,10225.21,0,707.75,Part-time,1,574.99
60,64681.83,0.4243,0.1846,3,7,38016.04,168,21370.48,3,893.83,Full-time,1,741.56
45,119200.48,0.2038,0.2818,0,8,50801.02,168,3674.82,2,463.79,Full-time,1,850.0
33,27268.66,0.2552,0.2956,2,7,13214.71,111,20151.19,0,245.43,Full-time,1,742.04
31,64540.36,0.3545,0.2859,1,15,16118.92,69,4532.21,1,177.45,Full-time,1,704.68
36,64987.96,0.5219,0.3499,2,10,5193.72,165,21400.81,3,482.98,Full-time,1,693.46
49,47707.91,0.3562,0.2955,1,11,19945.33,38,941.45,1,461.77,Full-time,1,675.93
32,193442.86,0.4849,0.3194,1,10,11532.09,7,2857.12,1,352.12,Full-time,1,605.51
63,64229.21,0.2146,0.211,0,10,10441.56,110,13973.75,4,384.39,Full-time,1,824.54
43,55078.85,0.2598,0.1527,1,8,34427.82,103,14183.7,4,570.92,Unemployed,1,794.72
61,66948.77,0.5365,0.133,2,14,16169.06,52,10777.55,3,421.77,Full-time,1,649.13
53,26869.14,0.2972,0.4444,0,16,32124.18,126,24687.47,1,396.1,Self-employed,1,754.74
36,47007.36,0.392,0.1701,0,6,16721.66,44,29514.72,3,511.7,Full-time,1,726.54
31,102997.29,0.5347,0.152,0,6,26468.66,62,114837.21,1,969.96,Full-time,1,703.26
55,49860.01,0.2679,0.7633,2,13,7195.69,28,13868.4,0,156.47,Self-employed,1,552.14
36,45570.06,0.2922,0.3336,3,2,9037.25,24,32186.86,2,360.62,Unemployed,1,623.94
32,119286.87,0.2266,0.546,1,8,24769.09,22,6605.67,3,156.93,Full-time,1,638.85
64,120947.82,0.3498,0.2765,4,17,58967.1,18,8392.82,4,120.18,Full-time,1,590.93
43,83503.66,0.2738,0.1028,1,12,24994.94,38,6649.11,2,447.05,Self-employed,1,748.83
23,53916.79,0.4816,0.0761,3,4,18229.53,98,12166.03,4,615.45,Full-time,1,693.16
44,59411.2,0.3916,0.4723,2,7,51617.31,72,16151.09,3,256.89,Unemployed,1,624.44
42,46079.92,0.381,0.1416,1,17,15480.59,37,32390.09,2,385.62,Self-employed,1,706.13
61,42291.95,0.3257,0.2188,1,9,10325.87,24,17922.33,3,485.15,Full-time,1,692.59
54,41357.65,0.1869,0.2428,2,15,18120.86,11,41615.69,0,1019.81,Full-time,1,692.4
29,50104.97,0.4716,0.4253,0,14,23410.33,114,42200.22,0,835.85,Self-employed,1,697.2
28,41538.48,0.3937,0.3076,1,14,7432.61,149,13825.73,3,108.88,Full-time,1,754.16
49,32739.34,0.3015,0.1885,3,12,19739.22,46,12226.97,4,458.23,Part-time,1,675.76
23,73037.71,0.4018,0.1804,1,3,5393.78,145,3655.22,2,703.2,Full-time,1,780.19
35,73538.77,0.2409,0.1016,0,5,14612.69,130,8422.02,1,488.11,Full-time,0,850.0
27,142252.19,0.418,0.5392,1,1,16161.14,135,6715.78,2,179.28,Full-time,1,677.3
21,48983.94,0.5542,0.2727,3,8,17631.35,54,6969.38,0,259.85,Full-time,1,585.57
64,75602.55,0.3568,0.0801,1,3,4579.72,99,9318.76,6,346.83,Full-time,1,780.44
25,76169.82,0.3197,0.3707,1,11,19348.17,103,20894.35,3,60.97,Full-time,1,722.25
21,59028.35,0.3028,0.2543,1,7,33247.84,94,17094.28,2,859.66,Self-employed,1,748.92
64,92498.72,0.5837,0.6071,1,16,48322.2,134,30949.73,3,124.52,Full-time,1,609.78
29,93793.72,0.2586,0.4092,1,14,49864.17,100,18527.74,2,240.07,Part-time,1,728.45
59,76675.31,0.314,0.185,4,4,18357.03,105,8081.15,3,415.83,Full-time,1,697.05
22,58980.5,0.3565,0.353,4,7,102230.27,139,25423.98,1,185.47,Full-time,1,670.63
28,56337.26,0.1662,0.1914,5,8,10592.94,48,4166.37,1,284.28,Full-time,1,667.29
26,35757.34,0.334,0.4073,2,1,10830.69,119,30656.02,5,766.99,Unemployed,1,697.14
54,46043.28,0.5462,0.3483,2,13,18263.52,123,6968.19,4,924.33,Self-employed,1,651.56
50,50015.92,0.1717,0.166,2,2,32177.72,28,1898.08,1,275.6,Part-time,1,730.32
43,39903.24,0.2577,0.4848,2,14,28290.76,130,21223.14,1,331.05,Unemployed,1,709.82
32,80657.4,0.2785,0.2663,0,8,3436.38,64,10273.57,3,128.29,Full-time,1,753.21
25,113377.99,0.227,0.1546,0,8,9182.07,125,36261.09,3,204.87,Self-employed,1,847.42
47,43974.79,0.2283,0.2233,0,1,30854.3,123,30283.28,2,469.08,Full-time,1,828.18
31,75173.09,0.2733,0.0914,0,11,9681.32,50,5777.55,4,411.23,Full-time,1,786.83
48,41549.88,0.5414,0.3198,3,13,16479.71,100,48756.25,1,561.44,Part-time,1,615.96
53,57686.88,0.2356,0.1839,0,8,23187.58,93,2692.68,2,315.19,Self-employed,1,810.84
60,48501.58,0.229,0.2456,2,5,25299.93,167,19833.7,0,595.75,Part-time,1,809.07
44,86755.84,0.2662,0.1815,1,17,32941.1,33,44842.19,2,465.65,Full-time,1,727.26
21,48754.14,0.64,0.3564,1,9,43905.01,52,5634.74,2,171.78,Unemployed,1,587.23
34,104323.01,0.4239,0.1585,1,12,28079.63,75,80432.1,4,421.77,Full-time,1,720.7
61,59244.35,0.3989,0.2745,1,14,7637.14,130,15333.48,2,712.22,Full-time,1,745.04
46,49398.65,0.5446,0.6147,1,11,27187.34,44,18339.66,1,63.79,Full-time,1,544.61
50,37647.15,0.2843,0.3471,0,10,38454.27,128,36254.82,1,330.52,Unemployed,1,784.6
42,74157.17,0.3242,0.1993,1,12,24771.39,29,19061.03,2,197.11,Full-time,1,702.08
28,98997.34,0.1394,0.1641,2,16,44480.65,136,4332.29,4,447.64,Self-employed,1,830.49
63,74831.53,0.38,0.2401,2,12,21296.25,137,867.79,4,281.42,Full-time,1,740.14
57,181221.31,0.3361,0.4551,2,15,16499.82,116,5827.98,2,483.55,Full-time,1,682.06
67,125920.29,0.4672,0.4343,4,5,9967.5,177,6284.08,2,608.1,Full-time,1,648.76
61,57619.28,0.2108,0.6505,4,3,74909.74,160,5966.17,4,304.49,Full-time,1,657.47
34,57347.68,0.6117,0.1975,1,2,8675.72,124,7803.44,2,442.13,Full-time,1,695.45
32,81745.29,0.6304,0.1602,1,1,17973.44,141,1187.37,3,752.85,Self-employed,1,713.33
32,45382.93,0.2763,0.3388,1,8,14053.07,118,4851.43,1,436.01,Unemployed,1,755.74
64,111840.58,0.1741,0.1386,2,15,7087.3,147,21255.24,0,143.42,Full-time,1,835.62
47,77864.1,0.3057,0.4406,3,2,33581.13,146,32396.7,2,154.93,Full-time,1,694.81
42,74265.85,0.5335,0.4925,0,12,25572.36,81,7191.28,3,284.36,Self-employed,1,634.33
66,90140.89,0.5599,0.238,1,14,21392.26,28,24031.04,3,365.98,Self-employed,1,620.86
49,143669.88,0.5454,0.254,0,16,11624.1,15,1478.83,2,527.79,Part-time,1,635.38
63,71462.63,0.5574,0.2896,1,14,26752.07,54,16807.84,2,310.88,Full-time,1,630.38
67,62889.33,0.2057,0.3028,1,2,15021.24,99,36570.3,1,149.16,Full-time,1,770.09
24,130473.29,0.1864,0.3787,1,3,25253.5,54,20708.77,1,650.98,Unemployed,1,719.41
37,102272.66,0.2357,0.1718,2,17,49281.14,87,13061.99,0,449.09,Full-time,1,758.84
55,57271.54,0.4897,0.4297,2,2,3260.03,38,1528.69,0,168.54,Full-time,1,577.33
59,66325.78,0.5022,0.4934,3,17,36369.63,167,66627.82,0,73.58,Full-time,1,640.16
27,72252.44,0.4632,0.2419,0,17,94980.6,78,69550.79,5,467.59,Part-time,1,715.56
35,77871.54,0.3572,0.3233,1,5,60149.64,122,24240.13,1,342.33,Part-time,1,738.68
46,35937.27,0.1649,0.3291,2,14,30979.82,101,41443.89,1,461.96,Self-employed,1,752.42
58,33053.47,0.2651,0.5442,4,1,42463.69,143,13383.3,3,232.61,Part-time,1,653.59
26,44385.78,0.4487,0.3385,0,3,9949.5,103,25517.84,3,583.03,Self-employed,1,716.6
49,42867.43,0.2451,0.1143,2,7,21337.73,126,27264.11,2,193.59,Self-employed,1,802.9
34,49527.29,0.2839,0.6412,2,4,16236.44,151,12658.57,3,392.08,Part-time,1,680.36
31,88046.45,0.443,0.222,2,8,13003.7,115,6615.83,2,663.03,Full-time,1,707.43
45,61327.39,0.4104,0.1726,0,5,36019.26,115,28107.47,1,463.2,Full-time,1,779.56
40,72285.41,0.4112,0.3158,0,5,15705.3,164,65965.92,1,125.48,Full-time,1,784.36
50,38141.7,0.4012,0.3111,1,7,4924.51,129,38393.73,4,639.82,Unemployed,1,734.36
35,53758.71,0.3859,0.1579,2,1,24512.16,14,17849.45,5,434.49,Full-time,1,656.42
59,86186.25,0.5098,0.1768,0,12,17686.98,144,16718.07,2,544.68,Self-employed,1,772.86
24,86485.2,0.2527,0.425,2,15,29295.59,157,17555.19,6,134.98,Unemployed,1,748.77
61,47759.91,0.3478,0.426,1,7,13537.24,108,1915.54,1,517.69,Full-time,1,704.16
22,71164.41,0.2384,0.1244,1,4,5399.33,145,12204.33,3,146.37,Full-time,1,843.21
55,177989.8,0.1518,0.1179,1,16,9117.45,17,11119.59,1,524.18,Self-employed,0,764.15
37,65649.22,0.336,0.3903,1,15,9502.13,178,4787.53,2,402.04,Part-time,1,774.96
39,48439.26,0.8054,0.197,0,8,8783.7,156,32733.54,3,238.47,Self-employed,1,689.13
21,61194.15,0.3533,0.1564,4,5,12162.77,27,16976.47,3,376.51,Full-time,1,627.41
53,68973.64,0.2848,0.353,2,13,30003.51,119,1444.53,1,186.85,Full-time,1,725.48
28,61819.51,0.2552,0.234,0,15,6857.74,152,16311.46,2,231.31,Self-employed,1,841.61
51,65244.07,0.6035,0.2077,0,1,33460.61,133,39535.86,4,310.89,Unemployed,1,727.86
55,34559.89,0.2973,0.2503,1,5,7414.45,46,8051.22,2,458.7,Self-employed,1,711.57
60,42908.12,0.552,0.2873,3,15,13810.91,43,5591.19,0,220.9,Self-employed,1,573.41
54,61870.52,0.3298,0.2158,1,2,17589.47,13,4466.06,2,345.8,Full-time,1,682.94
35,61428.51,0.1715,0.2869,2,5,14621.11,98,14542.56,0,621.55,Full-time,1,758.49
55,51288.14,0.4528,0.4359,1,14,27870.15,47,7207.0,4,328.91,Full-time,1,619.35
59,61104.69,0.2227,0.5877,2,14,16715.91,104,3827.78,2,319.16,Part-time,1,672.93
35,68013.17,0.1727,0.36,2,5,16158.04,29,52949.26,1,651.72,Self-employed,1,682.36
26,98739.08,0.506,0.3464,1,15,3417.04,75,15887.29,4,264.05,Full-time,1,649.1
62,63281.91,0.2018,0.3202,0,6,23873.57,53,8556.8,2,251.26,Full-time,1,753.58
27,79189.3,0.3581,0.4125,1,4,67175.24,27,55419.51,2,682.93,Part-time,1,636.95
48,51858.8,0.3979,0.3573,1,7,12780.15,164,16867.77,0,424.52,Full-time,1,752.97
32,85600.22,0.3347,0.1617,3,11,28633.74,22,11913.52,1,306.98,Unemployed,1,652.5
26,78360.76,0.4247,0.4781,3,11,10130.73,119,16079.5,1,392.45,Full-time,1,627.23
57,97696.17,0.3624,0.179,2,5,35946.25,80,8524.2,2,297.27,Unemployed,1,713.2
27,91222.53,0.264,0.2365,2,11,25932.83,104,11864.86,0,264.18,Full-time,1,748.34
52,86243.59,0.316,0.4453,0,1,13952.17,51,21948.87,1,81.35,Part-time,1,686.38
53,63304.53,0.3005,0.492,2,2,13323.4,157,55777.24,3,436.46,Self-employed,1,717.68
23,73881.86,0.3245,0.3005,1,5,28331.84,65,8376.94,4,636.88,Full-time,1,706.69
29,106785.67,0.2711,0.2902,0,17,18557.75,162,22782.04,4,358.85,Part-time,1,831.12
58,49343.75,0.5066,0.295,0,12,7616.25,70,3813.61,1,860.47,Full-time,1,682.6
44,49872.07,0.1881,0.1991,1,1,6187.96,173,20537.07,4,356.62,Full-time,1,850.0
26,71800.31,0.5854,0.1777,1,2,27221.74,132,61891.85,3,201.65,Full-time,1,714.96
67,79767.85,0.2271,0.3322,0,15,10570.67,158,13629.93,1,166.46,Full-time,1,830.49
33,45667.95,0.414,0.1328,1,9,18484.61,24,8177.93,1,557.38,Full-time,1,687.6
21,63981.99,0.3161,0.197,2,13,27218.87,147,8502.98,0,312.29,Unemployed,1,778.42
64,63430.53,0.5401,0.2055,0,6,7771.93,130,20158.23,2,130.0,Unemployed,1,744.93
21,24419.17,0.4033,0.2058,0,5,8866.63,8,14060.7,4,170.64,Full-time,1,684.23
47,59945.0,0.4039,0.4602,0,3,56153.51,13,9472.16,2,383.83,Self-employed,1,624.61
67,61648.67,0.3305,0.3289,0,11,13512.87,101,23281.9,2,624.31,Self-employed,1,752.79
48,61566.19,0.2723,0.1566,5,10,36801.75,116,6335.12,1,231.37,Full-time,1,700.83
48,125136.63,0.4861,0.2504,0,10,104306.39,72,27869.64,2,385.04,Full-time,1,701.57
39,38287.96,0.5668,0.217,0,16,21320.71,166,10221.44,3,647.78,Self-employed,1,764.04
26,45657.35,0.4946,0.0999,0,12,9863.31,14,23390.0,1,1084.69,Full-time,1,688.31
47,20424.94,0.3042,0.3499,0,16,19710.77,65,27276.68,0,284.13,Full-time,1,725.43
63,53294.45,0.638,0.4131,0,13,15801.37,19,2562.92,2,264.44,Full-time,1,571.16
25,55379.26,0.4416,0.4029,1,3,18901.49,178,12579.08,5,378.4,Part-time,1,740.13
62,52602.04,0.2924,0.4842,1,9,29791.04,78,3642.21,2,375.79,Full-time,1,681.23
40,108929.35,0.4653,0.2828,0,17,32277.56,8,3067.69,2,583.35,Full-time,1,646.38
46,97467.85,0.5885,0.1327,0,13,4432.26,170,10944.74,1,410.41,Full-time,1,781.94
28,68530.59,0.5714,0.2534,4,2,41479.98,132,17344.97,2,251.16,Full-time,1,625.23
50,56006.56,0.1189,0.2272,3,4,21841.06,83,3593.5,0,247.45,Self-employed,1,751.7
29,105007.32,0.1275,0.2162,2,2,12070.37,108,16825.12,1,297.57,Self-employed,1,797.7
33,65585.44,0.2755,0.173,1,12,30148.94,139,6353.75,2,480.16,Self-employed,1,814.93
54,45788.05,0.2613,0.2584,3,8,8644.46,47,14153.51,2,126.16,Full-time,1,671.18
23,30567.36,0.6067,0.3683,1,8,8931.08,40,114696.93,1,513.05,Full-time,1,584.25
42,54252.72,0.3897,0.4435,1,17,37846.12,153,10201.1,3,124.39,Full-time,1,724.72
48,92928.87,0.2841,0.2378,2,16,18900.0,44,5076.49,1,170.86,Full-time,1,691.99
27,184322.54,0.3531,0.1559,0,2,54034.75,120,13157.86,0,75.59,Unemployed,1,805.09
34,68031.4,0.4878,0.5518,0,15,11155.65,152,11366.13,3,771.4,Full-time,1,692.38
37,46891.42,0.3266,0.1352,2,16,22113.35,13,9959.35,1,392.23,Self-employed,1,679.05
52,38822.9,0.4781,0.2692,0,1,23651.6,54,13754.62,1,455.99,Full-time,1,684.27
66,84827.89,0.3144,0.2534,1,16,23959.53,11,11417.36,1,150.52,Unemployed,1,676.5
60,29909.24,0.4076,0.1511,1,13,27848.3,117,4665.69,3,397.57,Full-time,1,762.44
29,84766.47,0.4273,0.5897,0,5,24877.75,37,26922.73,2,393.34,Part-time,1,605.22
21,95604.03,0.412,0.1418,3,11,18277.47,3,40801.95,5,291.25,Full-time,1,618.45
23,80525.22,0.145,0.3008,0,1,4632.6,146,9737.05,2,500.24,Full-time,1,850.0
48,59943.17,0.4118,0.2245,1,13,33021.7,7,17999.01,2,441.78,Full-time,1,651.17
28,85325.04,0.2352,0.2793,2,6,3423.21,101,2347.9,2,330.31,Full-time,1,743.78
31,71462.08,0.2447,0.3828,0,5,7603.82,87,13153.06,3,442.48,Self-employed,1,753.39
60,46622.77,0.2898,0.4248,1,14,11011.76,56,68523.03,1,393.07,Part-time,1,678.53
62,152159.65,0.3088,0.2551,3,14,33936.09,107,26370.39,2,625.13,Self-employed,1,707.75
60,56485.78,0.4377,0.1005,1,7,15435.79,110,15228.63,1,159.92,Self-employed,1,760.23
32,93815.8,0.187,0.479,2,3,67001.25,16,12866.54,7,769.38,Part-time,1,637.48
50,22283.99,0.573,0.5151,1,13,6831.11,18,10361.84,5,318.09,Part-time,1,539.33
49,117525.65,0.3602,0.2823,4,16,8351.9,142,19087.69,4,379.19,Part-time,1,689.7
29,128148.33,0.4599,0.3467,0,15,3731.96,32,32021.86,1,137.09,Part-time,1,652.02
47,67065.51,0.1868,0.273,2,8,8080.9,14,8722.05,2,200.37,Unemployed,1,687.38
45,85088.48,0.1889,0.3168,2,9,11581.45,36,25297.34,3,355.33,Full-time,1,694.13
39,85078.69,0.3539,0.2828,0,2,50284.67,119,6719.27,4,443.33,Unemployed,1,772.3
56,49550.49,0.7572,0.548,0,6,37498.15,35,9213.55,1,591.07,Unemployed,1,515.01
52,84643.62,0.5479,0.3062,0,12,21309.65,122,5193.71,2,119.52,Self-employed,1,710.75
46,45987.1,0.6583,0.3985,2,14,14503.27,171,15309.6,3,230.09,Self-employed,1,645.38
55,50315.04,0.3791,0.4175,1,7,30801.12,80,14342.11,1,187.62,Full-time,1,673.56
56,109877.83,0.1496,0.1979,2,16,43955.38,176,18714.41,0,282.7,Part-time,1,850.0
47,102600.28,0.2503,0.1042,0,5,11467.58,84,17366.09,1,400.08,Full-time,1,818.86
33,48152.63,0.2554,0.1868,1,12,12294.92,160,24703.06,0,525.79,Part-time,1,835.01
56,47566.82,0.3098,0.1446,1,12,13332.69,3,78602.18,3,971.65,Full-time,1,698.41
54,49487.8,0.4427,0.5387,1,11,5355.36,129,24909.63,4,269.37,Self-employed,1,665.02
67,92013.24,0.2698,0.2198,3,6,42093.71,97,2496.79,0,342.29,Part-time,1,719.94
28,42192.88,0.3065,0.3736,2,13,11987.41,154,10821.16,1,626.15,Full-time,1,742.98
40,77693.02,0.5256,0.2334,0,4,14727.3,56,12965.48,1,286.19,Self-employed,1,680.64
64,92603.39,0.5096,0.2633,1,15,49970.47,158,3474.03,0,864.1,Full-time,1,737.96
45,63594.96,0.4159,0.4945,1,11,12360.73,43,27052.93,1,227.45,Self-employed,1,612.44
65,104248.07,0.5113,0.6079,4,7,43750.12,85,61101.84,2,275.9,Part-time,1,515.47
21,57702.77,0.4259,0.1403,0,6,5304.3,22,6395.73,1,467.66,Unemployed,1,705.49
22,60099.99,0.578,0.3689,1,3,26715.82,36,39092.45,1,532.88,Self-employed,1,589.38
58,42626.83,0.2855,0.107,2,1,13202.65,111,33265.96,2,343.42,Full-time,1,780.1
37,104582.32,0.4225,0.2854,0,6,5969.52,65,16866.81,3,1261.75,Full-time,1,706.07
45,46866.85,0.4148,0.3493,0,4,8144.87,154,27066.18,2,433.12,Unemployed,1,766.57
41,77450.73,0.3655,0.1511,1,12,19896.13,165,6975.59,2,243.57,Full-time,1,815.08
40,64081.29,0.3698,0.3002,1,8,9209.84,25,35533.96,0,330.84,Part-time,1,659.84
65,41202.23,0.5306,0.1603,2,3,23578.81,145,39187.96,4,139.26,Part-time,1,721.58
25,50307.2,0.2765,0.1642,0,10,10702.85,132,20040.85,3,210.72,Full-time,1,836.0
57,123289.74,0.2954,0.5059,0,11,5804.53,116,17320.62,1,204.05,Full-time,1,731.57
62,72456.81,0.496,0.532,3,9,35556.06,87,6806.73,2,330.76,Part-time,1,565.7
51,42019.22,0.4142,0.5708,1,12,22160.73,118,29863.62,3,295.72,Part-time,1,656.37
39,75917.14,0.4824,0.3426,0,16,5104.58,4,13523.1,1,525.1,Full-time,1,622.96
28,61960.27,0.227,0.2924,3,11,28484.97,45,11896.6,1,218.63,Self-employed,1,671.3
53,250000.0,0.2093,0.2129,0,6,19644.17,89,29808.26,2,466.96,Full-time,1,808.15
43,75230.03,0.4394,0.1282,2,11,13331.6,152,10452.58,0,742.1,Self-employed,1,762.8
28,55754.8,0.2339,0.5746,0,15,13706.82,152,7334.49,1,611.3,Full-time,1,762.85
37,125368.49,0.3409,0.1915,0,11,46087.41,100,33677.78,2,246.73,Part-time,1,783.19
66,28898.18,0.4981,0.3858,2,9,22547.53,172,3703.69,2,778.39,Part-time,1,697.45
33,69040.19,0.3773,0.3183,1,2,47686.9,168,24802.69,0,214.0,Full-time,1,772.23
29,162347.25,0.264,0.4528,1,12,25160.87,85,4691.75,0,531.74,Full-time,1,703.43
53,62800.0,0.372,0.3788,1,14,21255.87,15,2867.35,0,368.95,Part-time,1,631.2
30,30333.7,0.5633,0.2047,0,10,10613.65,82,23353.96,0,292.33,Self-employed,1,698.17
64,55372.42,0.3704,0.1754,0,11,20139.83,125,17601.96,0,280.48,Part-time,1,799.2
61,127329.45,0.1236,0.1081,0,2,36853.3,63,7806.61,2,536.33,Full-time,0,838.4
67,78372.73,0.3387,0.1243,1,17,19088.72,162,5002.24,2,215.63,Full-time,1,827.32
63,45365.84,0.3715,0.1454,0,8,69945.59,70,17812.3,4,1047.83,Part-time,1,760.53
32,48612.73,0.4745,0.174,0,16,36814.76,148,8974.25,3,423.53,Part-time,1,787.48
30,51438.12,0.4319,0.4317,0,12,7794.94,87,26169.5,1,742.72,Unemployed,1,685.01
37,77849.99,0.4276,0.2677,1,13,12843.17,78,8188.15,3,350.97,Part-time,1,694.8
43,120835.85,0.3916,0.4679,1,5,28892.42,17,9307.57,1,337.01,Full-time,1,604.71
62,106254.28,0.2194,0.3214,1,5,6192.77,53,34288.35,2,781.81,Unemployed,1,723.0
55,81243.45,0.2293,0.2295,1,6,16621.98,117,5577.36,2,389.49,Unemployed,1,796.34
51,36343.11,0.3356,0.2842,0,5,9387.61,86,3876.68,1,771.83,Full-time,1,749.94
62,36403.87,0.1582,0.222,1,12,18554.95,66,6035.46,1,234.41,Part-time,1,777.04
51,84116.95,0.4198,0.3593,0,3,9440.4,21,16409.02,2,369.4,Full-time,1,651.73
38,36117.69,0.2547,0.1974,1,13,37699.11,119,67819.96,1,73.87,Unemployed,1,798.41
40,59784.09,0.2045,0.2048,0,3,12626.67,109,15205.16,4,465.36,Unemployed,1,828.28
45,75876.91,0.4585,0.2455,0,10,28717.14,114,6367.51,2,376.53,Full-time,1,746.08
25,39659.38,0.2198,0.1137,3,5,6339.27,20,6603.76,0,214.31,Full-time,1,697.3
55,41734.44,0.419,0.5154,2,13,14570.04,159,18936.9,1,264.62,Full-time,1,677.95
51,63427.04,0.5675,0.3231,2,5,7363.66,40,3061.86,2,488.24,Unemployed,1,582.31
55,83003.88,0.2368,0.4756,1,15,41579.57,52,2698.92,0,440.59,Part-time,1,678.39
46,106690.08,0.2775,0.3469,2,15,10487.36,41,15785.39,3,131.93,Full-time,1,664.19
57,86957.44,0.2268,0.3192,1,9,16965.18,168,28339.33,4,572.96,Self-employed,1,817.16
65,68401.19,0.4899,0.3466,2,1,23071.13,91,28952.12,5,359.64,Part-time,1,642.21
47,47297.48,0.36,0.1531,2,12,10694.46,119,17931.56,1,909.03,Self-employed,1,752.89
41,40867.56,0.2653,0.2882,4,12,7783.63,129,36953.68,1,751.92,Self-employed,1,705.86
25,52580.75,0.4976,0.1624,2,1,20535.66,113,11378.57,0,266.37,Full-time,1,704.29
57,79576.25,0.3217,0.4942,2,10,4662.98,132,9683.14,0,475.91,Part-time,1,689.94
63,76993.84,0.2223,0.2159,1,1,46131.65,101,12787.59,2,679.96,Full-time,1,788.5
53,25720.51,0.303,0.1856,2,5,16388.31,115,17172.15,3,215.02,Part-time,1,758.53
61,46464.57,0.3104,0.2368,3,11,6425.89,39,150000.0,2,532.99,Full-time,1,655.18
61,113780.72,0.1699,0.1343,1,8,14984.19,78,11301.3,0,674.28,Full-time,1,805.46
58,68572.49,0.1464,0.1421,0,11,27023.39,4,15557.28,4,614.7,Unemployed,0,773.89
44,34973.5,0.1605,0.474,1,8,10178.73,93,58499.22,2,256.79,Self-employed,1,735.85
25,191017.35,0.207,0.239,2,5,4631.34,101,21401.3,1,272.52,Unemployed,1,762.32
21,65314.95,0.3968,0.1551,1,2,16541.79,95,3204.42,2,120.02,Full-time,1,746.35
30,78664.74,0.2623,0.2677,1,11,30724.8,164,57595.03,3,796.45,Full-time,1,816.05
41,79204.32,0.247,0.5069,1,10,21229.16,90,17597.4,1,386.01,Self-employed,1,699.18
55,56082.66,0.2202,0.1628,1,2,23907.47,152,1197.19,4,292.37,Self-employed,1,844.91
42,47695.48,0.381,0.4846,0,2,35231.85,98,9452.98,0,321.24,Full-time,1,696.22
22,171914.71,0.4157,0.1839,3,14,54614.9,16,7242.09,0,288.65,Full-time,1,617.65
30,103926.86,0.4425,0.206,1,15,2736.97,11,8925.1,5,113.11,Part-time,1,649.92
67,95785.99,0.4808,0.3364,2,7,7134.4,58,12965.81,2,485.76,Self-employed,1,619.99
67,85761.9,0.5445,0.5197,1,17,20282.59,141,24691.38,2,269.08,Self-employed,1,649.22
38,42129.66,0.2023,0.168,2,10,21893.37,87,39226.74,4,219.71,Full-time,1,769.81
58,117581.69,0.5964,0.2391,1,10,6098.56,67,40461.24,1,194.53,Full-time,1,642.14
54,45278.62,0.2454,0.2578,2,17,10430.32,89,52175.68,1,81.91,Part-time,1,736.1
64,75167.86,0.4142,0.25,1,11,60201.1,169,11270.22,4,198.42,Self-employed,1,779.07
62,31643.07,0.3384,0.6431,2,9,14074.97,35,2261.91,3,331.04,Full-time,1,566.87
50,26413.05,0.1376,0.3047,1,3,20894.21,108,1591.69,3,241.87,Part-time,1,797.54
39,76361.28,0.5842,0.1282,3,9,63169.81,123,25796.01,1,147.58,Full-time,1,670.19
50,45977.4,0.5736,0.3314,2,6,19262.69,149,12695.11,0,183.42,Full-time,1,669.24
35,27034.65,0.3317,0.4487,1,2,31293.44,88,47701.52,1,391.7,Full-time,1,686.65
37,84395.91,0.6553,0.3224,2,10,26895.9,168,19813.28,3,172.95,Full-time,1,662.81
49,171791.42,0.3477,0.3331,1,1,14254.71,155,3007.44,3,121.02,Full-time,1,766.58
47,123661.36,0.4321,0.2513,0,16,13695.75,20,7992.54,0,948.78,Part-time,1,674.21
48,58935.97,0.3829,0.4051,0,16,41238.43,47,19222.61,0,234.69,Full-time,1,673.02
39,66435.07,0.4841,0.2595,2,13,17932.33,47,5185.15,2,110.89,Self-employed,1,629.06
40,98663.25,0.4941,0.1712,2,15,8900.01,163,48020.05,3,202.78,Full-time,1,744.8
21,109640.01,0.5472,0.3292,2,15,38469.54,23,9187.03,7,610.76,Full-time,1,572.71
49,56693.16,0.32,0.0838,1,14,2444.57,149,10162.08,1,612.74,Full-time,1,832.22
48,67196.74,0.2973,0.4449,1,3,54437.3,174,3416.32,2,372.08,Self-employed,1,769.58
64,75756.28,0.7392,0.2543,2,17,15826.05,76,75518.41,0,471.93,Full-time,1,578.0
44,84901.27,0.5699,0.249,1,4,18134.77,28,11314.52,0,153.45,Full-time,1,615.11
42,62324.86,0.7151,0.4161,0,2,19112.89,146,17102.64,2,357.62,Self-employed,1,653.11
24,62690.28,0.1409,0.324,1,15,45774.5,79,6926.45,2,110.88,Full-time,1,767.56
30,123121.2,0.3448,0.1555,1,14,20372.07,115,9552.14,4,764.66,Full-time,1,778.52
36,114037.69,0.3101,0.2796,4,11,17749.62,55,17351.2,1,160.87,Full-time,1,632.9
38,82029.54,0.5739,0.2308,0,2,9259.16,83,19314.91,1,376.65,Full-time,1,689.3
38,143429.53,0.4378,0.2173,2,6,10943.03,72,21801.35,1,104.96,Unemployed,1,674.33
39,55608.95,0.4086,0.1715,2,11,28266.94,93,31553.13,5,745.81,Part-time,1,712.04
57,137356.92,0.357,0.4047,2,12,21075.73,5,24082.33,3,773.02,Full-time,1,595.89
27,84468.33,0.3455,0.5649,1,13,58746.17,100,21239.65,2,568.15,Full-time,1,663.46
36,250000.0,0.2288,0.447,4,5,10194.62,52,7637.31,2,535.92,Part-time,1,612.94
28,38691.81,0.2572,0.4509,0,12,8040.82,43,11027.88,1,723.5,Self-employed,1,695.95
35,48523.07,0.3726,0.1285,4,2,22244.45,166,4706.03,2,82.61,Full-time,1,744.43
53,79894.24,0.4338,0.0896,1,5,16987.08,30,8735.61,2,489.11,Part-time,1,697.46
23,79122.72,0.2992,0.2309,2,1,7793.42,150,19203.99,1,298.82,Full-time,1,777.52
36,159143.65,0.6422,0.3108,1,16,12540.11,142,18787.34,3,511.17,Full-time,1,672.97
22,48983.14,0.3851,0.5458,1,7,29535.18,71,23464.82,1,382.48,Full-time,1,632.19
65,99430.42,0.1605,0.1565,0,10,7156.91,18,46656.07,3,510.5,Part-time,0,777.72
55,111648.22,0.5236,0.2483,0,1,8133.19,120,4375.07,1,437.47,Full-time,1,730.84
32,90861.49,0.4735,0.3922,1,16,10831.57,124,2732.89,1,65.48,Full-time,1,688.23
30,42939.68,0.4469,0.1586,1,7,10988.49,38,10683.65,3,373.62,Unemployed,1,682.95
25,124678.22,0.3664,0.21,0,8,31417.88,158,46791.93,0,1028.54,Self-employed,1,819.25
43,115058.53,0.3551,0.2347,2,7,12226.39,60,45508.17,1,323.53,Self-employed,1,684.8
56,86665.66,0.3076,0.2238,0,6,56499.03,80,15816.31,4,396.74,Full-time,1,768.44
48,72544.57,0.5566,0.4559,2,6,8689.61,168,10483.8,0,779.58,Self-employed,1,659.04
62,73258.43,0.2629,0.2032,1,16,23280.98,140,16685.97,4,134.34,Part-time,1,812.0
37,63867.69,0.4013,0.4074,0,2,17534.28,81,34624.01,2,349.75,Full-time,1,695.26
34,88287.46,0.4047,0.3452,3,14,18074.28,155,6888.64,0,442.52,Full-time,1,696.46
43,67104.79,0.3544,0.1634,2,5,3218.64,62,8222.9,0,255.09,Part-time,1,704.5
30,45168.89,0.4282,0.1823,2,2,8364.92,53,14490.35,5,205.25,Full-time,1,670.13
66,41280.01,0.5858,0.1564,1,15,16039.42,124,34595.59,3,590.09,Full-time,1,713.49
29,47173.32,0.2418,0.1012,0,8,4542.84,47,27174.06,3,695.42,Part-time,1,791.33
43,73127.48,0.266,0.3141,5,16,2330.45,100,2503.28,1,707.41,Self-employed,1,650.01
45,65373.34,0.3036,0.2933,2,2,7598.52,97,27228.77,1,190.87,Full-time,1,716.43
23,72904.43,0.159,0.5165,1,2,22836.7,94,13197.32,1,513.39,Full-time,1,726.51
43,82897.97,0.3787,0.1222,3,15,25186.37,163,22949.76,0,356.45,Self-employed,1,766.67
42,49896.47,0.3549,0.242,1,5,7657.93,70,11122.61,3,373.03,Full-time,1,716.36
33,127969.48,0.4858,0.2774,0,9,15662.93,125,20423.4,4,238.1,Full-time,1,739.08
27,58660.98,0.5193,0.3226,0,3,24260.07,75,13899.02,1,560.92,Part-time,1,676.06
23,54445.63,0.2829,0.4223,1,5,45595.13,35,8411.78,1,75.04,Unemployed,1,663.72
21,82213.42,0.3173,0.4113,1,10,44370.11,67,7010.76,3,565.39,Unemployed,1,682.82
43,28957.09,0.3624,0.4322,4,2,34128.9,73,11353.18,3,538.62,Self-employed,1,594.06
25,46363.12,0.5267,0.1736,1,14,12363.5,33,4445.56,5,251.94,Unemployed,1,651.09
66,102896.9,0.2378,0.5296,1,5,17422.25,105,9170.14,2,171.21,Self-employed,1,708.76
32,30277.5,0.3793,0.5719,1,16,18956.29,179,10164.35,2,184.86,Full-time,1,717.4
51,109415.56,0.1687,0.2557,0,7,15496.83,68,32241.61,1,317.06,Self-employed,1,792.13
52,130615.28,0.1629,0.2807,1,13,6880.27,101,23478.67,2,195.37,Self-employed,1,790.12
44,56035.75,0.1812,0.4964,0,17,49452.35,37,73931.66,1,696.93,Self-employed,1,702.37
62,75456.81,0.3817,0.3506,1,12,24414.98,56,3209.73,2,475.92,Self-employed,1,669.51
26,109490.08,0.2357,0.3396,2,17,33157.05,146,10741.38,2,755.23,Full-time,1,766.06
31,53634.34,0.2141,0.2158,0,13,28633.85,30,38098.15,2,192.64,Full-time,1,756.82
32,97782.31,0.2542,0.7244,3,8,13314.36,125,16870.06,1,846.38,Self-employed,1,621.81
27,48922.03,0.3974,0.2983,0,17,6314.85,171,11099.68,0,233.85,Full-time,1,798.7
34,53374.0,0.5242,0.4453,2,16,30501.66,142,6047.56,0,249.59,Full-time,1,649.75
35,46179.84,0.4104,0.2009,5,16,29158.18,138,24104.2,3,584.04,Full-time,1,666.66
56,77202.82,0.2319,0.4559,0,14,22087.57,31,15654.34,0,415.62,Part-time,1,692.29
35,111422.67,0.1616,0.5093,2,2,81365.46,16,10023.23,5,369.58,Full-time,1,637.53
62,60909.79,0.1069,0.5167,2,14,12132.17,30,31483.47,1,619.96,Full-time,1,663.75
57,37344.39,0.4378,0.4097,0,4,14468.63,148,89558.11,1,59.31,Unemployed,1,739.57
63,40651.13,0.218,0.2903,2,5,20840.87,19,6278.08,2,240.54,Self-employed,1,677.86
25,79028.97,0.4861,0.6169,0,14,12732.88,27,21932.73,3,114.35,Part-time,1,572.45
67,151729.16,0.6178,0.3329,1,13,15300.9,118,15029.41,3,323.25,Self-employed,1,654.77
49,78997.88,0.5954,0.1371,1,2,37152.3,13,23204.09,0,827.96,Full-time,1,622.94
67,55597.67,0.3166,0.5056,3,17,11461.62,162,41045.99,3,791.13,Full-time,1,688.62
37,93412.72,0.5293,0.2479,1,12,12021.52,125,44749.59,0,145.19,Self-employed,1,708.4
65,59410.46,0.184,0.3117,0,15,27019.09,154,8745.85,0,332.97,Self-employed,1,845.21
48,55813.53,0.4134,0.081,1,16,7159.28,125,3262.5,1,695.94,Part-time,1,784.9
24,42988.74,0.3424,0.3452,3,10,17028.71,48,12337.83,1,265.9,Full-time,1,625.98
40,124716.94,0.1594,0.2717,1,6,16415.05,113,12401.39,1,297.31,Self-employed,1,803.42
27,21106.92,0.2901,0.2865,2,1,27963.6,62,1287.22,1,160.12,Self-employed,1,693.01
65,94753.74,0.4655,0.1664,0,13,31644.09,170,31607.64,1,219.4,Full-time,1,810.42
35,53707.87,0.2243,0.3797,0,7,16124.58,87,8550.17,5,288.73,Full-time,1,760.29
31,55014.2,0.3967,0.1608,1,8,16981.12,110,12785.97,1,277.98,Self-employed,1,757.46
46,141710.54,0.3618,0.2956,0,12,17595.0,6,8224.04,3,385.88,Self-employed,1,672.56
40,47984.87,0.2086,0.2805,1,8,14536.67,28,11199.38,1,451.6,Full-time,1,715.63
25,48726.04,0.1826,0.3729,0,3,44550.9,122,39530.37,3,815.63,Self-employed,1,803.66
59,62400.13,0.4167,0.2605,2,15,25622.76,168,14352.43,0,325.43,Full-time,1,749.86
60,79716.46,0.2727,0.2818,1,7,43754.78,41,81087.84,2,381.86,Full-time,1,706.91
55,54239.51,0.3491,0.3033,2,13,9762.0,171,22804.65,1,312.58,Full-time,1,761.94
49,32590.09,0.4183,0.3529,0,13,43297.17,147,24250.43,0,291.25,Full-time,1,758.78
39,44821.17,0.4187,0.4082,3,5,19607.46,127,11230.84,2,288.69,Self-employed,1,653.17
46,117783.12,0.2188,0.3194,0,16,29112.75,94,12695.24,1,515.44,Part-time,1,782.84
45,68435.68,0.2141,0.5048,1,17,4739.52,3,32131.36,2,240.16,Full-time,1,637.07
28,81063.6,0.4131,0.2673,0,12,56300.19,30,36648.22,1,584.93,Part-time,1,684.24
24,58827.25,0.5801,0.1906,0,15,24546.84,22,16755.12,1,507.03,Full-time,1,646.65
32,49179.2,0.4136,0.5741,1,11,66477.99,135,21445.83,1,423.39,Full-time,1,669.9
42,140773.33,0.4569,0.3945,1,6,39272.29,50,11860.73,2,359.64,Unemployed,1,630.97
28,60798.09,0.5527,0.334,1,4,4302.3,146,16106.76,3,652.83,Full-time,1,697.36
26,54202.57,0.2439,0.3192,3,17,52318.7,135,14387.84,4,643.72,Self-employed,1,734.53
61,108365.39,0.5908,0.2308,3,12,20554.24,154,13815.85,1,811.86,Part-time,1,668.39
38,47807.5,0.3213,0.1238,4,9,28263.93,157,31305.48,2,383.97,Part-time,1,753.49
48,50633.7,0.3861,0.5291,1,15,26353.12,21,12803.07,1,282.96,Part-time,1,594.4
45,66476.98,0.3022,0.545,1,10,16829.67,120,7826.63,3,588.68,Full-time,1,698.09
55,66179.2,0.3773,0.1549,2,8,13587.12,86,10625.54,1,211.46,Unemployed,1,719.75
55,74371.28,0.4114,0.4918,1,2,29553.2,139,10474.08,1,901.77,Full-time,1,694.46
34,169609.0,0.5145,0.3939,3,16,10071.39,12,19434.83,3,170.35,Part-time,1,532.17
60,76980.83,0.2215,0.1651,3,2,18393.94,81,8313.25,1,409.54,Part-time,1,734.78
38,22694.45,0.4721,0.2724,1,6,48112.34,172,34773.1,2,244.43,Full-time,1,758.6
60,76636.94,0.4464,0.24,0,11,7679.92,4,10626.1,1,597.29,Full-time,1,659.41
40,67308.78,0.653,0.2808,1,11,15689.72,85,50705.24,1,382.62,Self-employed,1,629.73
26,67477.7,0.3633,0.2352,0,12,40850.42,57,13658.49,0,469.27,Full-time,1,729.71
56,73915.39,0.6566,0.1869,2,15,10171.34,138,20932.82,0,159.94,Self-employed,1,671.3
22,65322.69,0.174,0.274,0,9,4742.5,76,31090.36,1,580.9,Self-employed,1,792.63
57,64622.93,0.1874,0.357,0,16,4503.9,47,37799.73,0,529.88,Self-employed,1,743.7
23,87192.18,0.5808,0.2285,0,10,12976.28,106,22766.04,0,488.57,Full-time,1,706.97
30,51847.59,0.2511,0.5842,3,8,58625.99,40,124046.98,1,412.04,Unemployed,1,586.95
49,43197.64,0.4363,0.3308,1,7,10573.22,93,13398.96,1,164.23,Full-time,1,688.91
65,250000.0,0.4284,0.5149,2,8,14741.53,88,3704.45,4,332.71,Full-time,1,616.09
40,47947.61,0.5107,0.1609,0,9,18716.47,179,12971.39,5,433.82,Full-time,1,805.73
26,69221.33,0.5219,0.1776,1,17,39115.72,110,26253.21,2,303.62,Unemployed,1,715.7
31,33757.33,0.6307,0.257,1,3,32856.73,165,19666.02,3,428.66,Self-employed,1,709.04
63,69731.73,0.2799,0.4715,2,8,16197.53,51,5622.47,1,462.95,Full-time,1,640.66
55,43479.66,0.3979,0.3272,0,3,27436.39,10,10023.65,5,83.11,Self-employed,1,657.16
25,54224.45,0.2427,0.4933,0,1,37898.77,64,6712.81,3,214.67,Full-time,1,707.2
39,105903.03,0.2932,0.0913,1,8,5699.71,82,7597.19,3,369.14,Full-time,1,782.55
33,81830.42,0.3706,0.315,4,9,13852.77,76,12339.35,0,29.55,Full-time,1,623.4
29,85458.34,0.2995,0.0634,2,5,7781.68,4,19864.03,1,686.74,Full-time,1,697.63
60,29820.69,0.2561,0.0991,0,11,10844.13,4,7190.11,2,465.08,Unemployed,1,751.73
50,151236.91,0.4302,0.124,1,1,28426.06,100,7791.26,3,359.23,Part-time,1,748.27
29,38702.27,0.2515,0.4256,0,13,7783.84,45,24443.91,2,367.13,Full-time,1,705.65
51,131643.44,0.4796,0.433,2,8,90817.03,66,6451.41,1,562.92,Full-time,1,602.87
40,104788.02,0.4497,0.2865,0,2,28604.45,139,6209.06,1,184.96,Self-employed,1,759.3
23,85802.18,0.4045,0.2696,1,16,11977.35,71,86561.31,3,448.95,Full-time,1,695.42
42,45037.77,0.3078,0.1819,2,10,16447.82,146,8537.61,1,648.26,Self-employed,1,783.85
29,70842.57,0.1846,0.3253,0,9,7319.03,90,2831.06,3,103.17,Full-time,1,788.3
32,53534.7,0.3466,0.3584,0,11,6424.15,133,4656.98,0,175.5,Full-time,1,767.25
62,67041.55,0.4079,0.5198,1,10,13769.38,53,2454.96,3,249.56,Part-time,1,616.85
54,59133.77,0.2536,0.5519,3,12,45069.98,27,54289.41,1,1127.65,Full-time,1,583.44
27,26439.79,0.4261,0.2042,0,13,6735.8,49,12563.53,2,377.35,Self-employed,1,711.95
61,109623.04,0.5325,0.2244,1,5,42749.68,28,5514.56,2,288.53,Self-employed,1,632.48
47,63799.57,0.4935,0.2967,3,11,15835.6,87,21524.74,2,223.42,Full-time,1,625.28
62,53201.39,0.7125,0.2266,0,14,21312.71,57,57264.53,1,245.88,Full-time,1,627.1
56,51423.61,0.3222,0.2272,1,3,18979.71,49,11551.78,1,524.35,Unemployed,1,712.37
36,77754.12,0.3891,0.2435,0,14,31011.69,40,53532.93,2,261.03,Part-time,1,705.73
46,44258.81,0.3328,0.4491,0,6,38885.23,75,10038.85,0,241.05,Full-time,1,700.38
45,23984.69,0.2145,0.4642,1,3,15518.83,7,4914.2,3,251.27,Part-time,1,650.43
54,79475.84,0.3082,0.4706,1,13,25768.07,70,62221.17,2,647.43,Full-time,1,673.22
32,83583.08,0.1286,0.4929,1,14,44825.41,42,7236.86,4,241.18,Unemployed,1,698.2
36,60485.91,0.5189,0.2826,1,10,31883.96,97,8261.66,1,113.91,Self-employed,1,679.51
32,39475.82,0.2757,0.1252,1,11,13504.56,88,32312.74,1,437.66,Full-time,1,784.32
34,68873.1,0.3895,0.1749,1,8,15731.82,83,13768.91,4,263.64,Full-time,1,733.59
28,34233.52,0.2391,0.0998,1,8,9040.22,110,12163.71,1,207.51,Self-employed,1,819.99
22,41678.73,0.3732,0.3288,3,6,64371.18,12,10760.77,4,437.02,Part-time,1,590.84
65,47201.73,0.3573,0.3148,2,14,22348.9,18,7584.02,4,357.1,Part-time,1,629.11
24,96739.07,0.3993,0.1476,1,9,6752.1,87,15580.37,5,164.87,Full-time,1,740.81
62,56208.6,0.215,0.109,3,3,10017.9,69,20217.36,1,553.69,Part-time,1,740.75
21,54093.0,0.1913,0.2878,3,5,16195.71,55,11050.52,1,554.15,Unemployed,1,691.49
57,159470.09,0.4775,0.2671,2,7,46140.61,69,21624.77,4,293.95,Full-time,1,647.48
36,77544.57,0.2296,0.2495,2,13,15776.87,46,18966.0,3,518.09,Self-employed,1,707.08
45,77076.02,0.3771,0.4436,4,16,27522.71,26,18569.0,1,494.63,Full-time,1,547.64
34,56029.56,0.5065,0.1991,1,3,10935.52,42,10493.45,0,456.18,Self-employed,1,658.28
44,50596.25,0.5354,0.1934,2,3,28312.17,170,9742.63,4,405.92,Self-employed,1,732.7
42,24738.53,0.3852,0.2655,3,9,44839.57,23,18305.56,1,335.99,Full-time,1,612.23
45,102327.45,0.2606,0.0715,0,16,31344.37,178,4819.07,4,513.9,Unemployed,0,850.0
39,80962.34,0.5301,0.1001,0,5,3229.66,122,150000.0,2,247.44,Unemployed,1,767.61
46,61045.53,0.2969,0.6404,0,11,16207.01,23,1575.32,1,844.66,Part-time,1,620.0
59,62208.57,0.1064,0.08,3,13,8600.71,143,8293.73,0,518.23,Self-employed,0,842.25
41,92158.47,0.4049,0.345,2,1,28850.26,51,20682.0,0,487.35,Full-time,1,634.78
37,32872.13,0.4196,0.0682,2,7,18942.67,89,24845.67,3,236.22,Full-time,1,731.24
27,50744.24,0.5661,0.0854,2,3,59764.49,5,6516.12,3,188.98,Part-time,1,612.99
37,39682.43,0.2238,0.2181,0,17,14290.48,6,7686.95,1,252.89,Unemployed,1,733.34
26,146851.8,0.339,0.0786,0,1,18976.95,142,13938.58,2,777.82,Part-time,1,846.98
29,98129.66,0.6043,0.1801,1,3,16543.83,107,4211.61,1,279.19,Unemployed,1,687.85
65,24557.89,0.1837,0.4122,2,14,29824.94,77,4808.14,1,250.79,Unemployed,1,706.01
25,33483.47,0.3028,0.2315,3,3,9135.12,169,28145.45,2,984.29,Full-time,1,767.12
43,62345.35,0.4282,0.2921,1,5,8954.58,176,26756.74,1,581.48,Self-employed,1,770.18
60,53498.13,0.5158,0.163,3,10,12157.4,173,13493.06,3,342.94,Part-time,1,723.68
65,36462.08,0.3639,0.4731,3,10,27155.49,90,25702.42,2,313.05,Unemployed,1,622.56
27,158759.06,0.3664,0.3593,0,17,37323.47,149,14461.72,3,331.12,Full-time,1,774.42
28,76163.91,0.3851,0.1466,3,15,16896.84,15,6919.35,3,834.84,Full-time,1,635.32
38,81933.84,0.6136,0.2566,2,15,27284.74,132,4990.58,3,314.85,Full-time,1,661.77
47,48464.81,0.3698,0.3496,3,16,25734.09,148,22716.9,1,206.1,Full-time,1,699.99
66,91585.05,0.5592,0.1422,1,10,17322.04,3,7529.88,1,366.99,Self-employed,1,624.19
30,55759.62,0.3471,0.1275,1,15,17036.21,141,26572.43,0,287.13,Part-time,1,806.5
28,58249.78,0.3878,0.1498,0,13,30753.89,160,10304.22,4,571.44,Unemployed,1,829.54
32,87112.08,0.2022,0.6106,2,9,68935.9,38,40310.3,4,303.06,Self-employed,1,618.36
62,31791.4,0.3748,0.1989,1,16,36012.19,165,5925.03,1,259.12,Unemployed,1,800.33
22,135762.53,0.5421,0.1718,1,3,41856.7,35,5073.64,2,415.81,Full-time,1,648.59
38,71831.27,0.307,0.1475,1,7,75160.0,170,15917.46,3,325.93,Full-time,1,837.69
26,117762.47,0.609,0.1713,0,6,11062.84,168,9937.61,0,159.26,Unemployed,1,764.47
28,40784.65,0.4231,0.2195,0,10,29466.65,89,15146.03,4,466.24,Full-time,1,742.36
64,43676.95,0.3018,0.1211,1,6,49980.75,179,12555.1,2,177.57,Full-time,1,850.0
21,39227.95,0.4576,0.5814,2,8,34802.29,96,8620.86,5,49.03,Full-time,1,597.37
36,74060.23,0.4029,0.1425,0,17,11856.76,129,10633.65,3,276.62,Full-time,1,801.0
64,68165.41,0.171,0.247,1,13,10324.09,82,2077.3,0,503.49,Self-employed,1,780.28
49,53691.75,0.2027,0.1149,0,14,56564.39,33,47404.16,2,346.96,Unemployed,0,787.96
24,41926.31,0.2515,0.1465,1,6,24124.52,58,7743.95,4,525.82,Self-employed,1,761.26
42,37422.66,0.1655,0.168,3,6,22334.79,38,19345.53,3,311.13,Full-time,1,715.02
66,64743.09,0.3417,0.7081,3,9,18281.52,37,2279.61,2,664.66,Self-employed,1,526.3
39,53663.37,0.3067,0.2281,2,8,51898.95,120,6284.89,3,392.77,Full-time,1,750.96
45,48604.77,0.2708,0.1387,0,12,35663.54,14,16521.17,0,539.59,Full-time,1,745.75
45,132745.66,0.3608,0.3726,3,5,15831.72,18,62031.09,0,1104.79,Full-time,1,588.61
52,63764.6,0.5212,0.4364,0,3,34132.14,167,19443.26,1,803.64,Self-employed,1,723.71
29,117186.19,0.4727,0.3441,0,7,20429.55,38,21304.92,2,824.85,Full-time,1,653.83
60,52053.98,0.4126,0.1491,3,14,33199.47,107,8743.89,2,561.41,Unemployed,1,703.11
67,73876.45,0.6345,0.1041,2,2,46599.43,4,13114.03,1,356.9,Full-time,1,586.96
27,64539.7,0.5018,0.3902,1,2,42849.95,135,11201.58,0,417.26,Full-time,1,689.41
59,30824.65,0.1102,0.3918,0,15,5388.26,98,17201.33,4,278.33,Unemployed,1,800.66
59,125838.2,0.301,0.102,2,7,25837.0,7,38017.14,2,599.41,Full-time,1,690.03
55,62266.63,0.2212,0.0938,1,10,50750.0,112,9828.43,1,534.13,Part-time,1,828.52
38,92585.53,0.1695,0.315,1,14,10903.37,31,13535.53,0,159.94,Full-time,1,721.23
43,47173.48,0.3892,0.1773,0,11,72582.14,174,9473.38,3,619.65,Full-time,1,833.92
60,61440.22,0.4711,0.3146,1,17,27847.17,92,10618.13,0,575.29,Self-employed,1,681.69
28,44797.9,0.295,0.3255,1,4,35275.13,19,34710.61,1,467.2,Full-time,1,670.96
59,115404.58,0.4507,0.4126,3,15,35252.87,87,19375.85,1,360.38,Part-time,1,609.14
64,76125.17,0.2445,0.2436,2,8,7036.63,165,17358.74,1,373.17,Part-time,1,803.25
53,78055.4,0.2582,0.4259,0,3,36199.2,144,11897.83,2,286.46,Full-time,1,786.06
37,121927.62,0.5392,0.2929,0,8,25469.15,56,6359.27,1,323.59,Self-employed,1,661.68
47,111341.08,0.3391,0.3147,2,9,13179.56,94,23944.31,2,570.1,Full-time,1,697.93
23,93377.35,0.2647,0.2411,0,2,56187.86,159,27040.52,2,409.28,Full-time,1,842.82
64,34899.32,0.1631,0.1333,3,9,4786.85,72,28038.1,2,924.08,Full-time,1,752.74
37,48384.96,0.2773,0.3112,1,1,11745.5,122,13089.18,0,384.27,Full-time,1,765.68
23,42118.84,0.3071,0.5158,1,12,49881.03,86,6846.74,0,129.39,Full-time,1,675.59
58,91802.07,0.7357,0.2673,1,11,36545.71,61,22866.43,3,647.65,Self-employed,1,588.3
51,71452.87,0.317,0.4233,1,3,12377.81,28,33223.85,6,303.07,Unemployed,1,647.41
50,35393.0,0.4435,0.3528,1,10,10954.65,159,27077.59,0,971.06,Full-time,1,736.25
23,60782.98,0.1798,0.3154,0,5,16101.76,99,6836.02,1,772.5,Unemployed,1,799.71
56,33780.85,0.1161,0.4993,5,11,23723.12,108,18278.6,2,515.55,Part-time,1,655.34
50,64607.1,0.4128,0.2065,0,5,14179.17,7,2539.32,2,245.08,Full-time,1,680.37
58,31416.31,0.3035,0.3118,2,16,18210.59,118,41453.83,1,410.4,Full-time,1,729.33
59,83949.64,0.2073,0.4605,0,9,20637.81,39,15351.63,3,474.13,Full-time,1,705.18
30,78439.52,0.2556,0.2035,1,17,15435.79,160,15731.96,2,83.61,Full-time,1,830.78
30,156150.7,0.2666,0.4133,1,2,14337.13,119,49543.12,2,279.34,Unemployed,1,740.86
64,96910.48,0.3729,0.3376,1,15,8650.4,83,8069.19,1,122.34,Full-time,1,697.9
45,54703.81,0.3804,0.1987,1,1,19352.32,71,14741.1,0,273.08,Full-time,1,720.37
41,95619.45,0.349,0.1884,0,1,19085.25,22,6418.18,1,415.2,Self-employed,1,716.53
34,35279.29,0.4847,0.2544,3,3,10231.41,128,3741.97,1,567.55,Full-time,1,672.66
51,42911.17,0.5541,0.1772,0,6,24016.87,17,16932.8,2,257.22,Full-time,1,653.64
56,76873.32,0.3536,0.3164,1,16,44942.95,172,16286.08,1,458.07,Full-time,1,783.15
21,25053.97,0.2466,0.1241,0,14,20606.04,60,2197.13,1,579.89,Unemployed,1,795.0
46,65073.82,0.2332,0.2525,0,2,26620.87,164,24831.38,2,341.77,Part-time,1,850.0
67,41809.61,0.2068,0.1156,0,16,39335.02,154,12889.81,1,221.38,Full-time,0,850.0
34,69257.6,0.1742,0.0946,1,5,19232.56,85,25322.33,0,411.9,Self-employed,0,819.92
34,40742.16,0.2145,0.3416,0,16,36799.42,171,16314.95,0,474.37,Full-time,1,842.75
62,80090.43,0.1844,0.0987,0,4,3929.03,124,32495.94,1,180.58,Full-time,0,850.0
23,66749.18,0.4915,0.6415,1,12,12000.65,102,35821.68,1,261.98,Part-time,1,602.17
39,124264.13,0.3326,0.3038,0,11,9108.55,46,15825.48,0,65.38,Full-time,1,712.6
42,66372.0,0.343,0.3988,1,15,52853.98,103,29273.31,2,65.97,Full-time,1,708.23
58,46822.11,0.2372,0.3793,2,11,30648.2,111,28283.05,4,166.54,Part-time,1,726.52
27,59213.29,0.1921,0.3007,2,3,8447.75,46,4892.68,4,769.23,Unemployed,1,705.53
41,36137.76,0.1455,0.1124,1,17,9943.08,104,6308.39,1,379.64,Full-time,0,839.92
28,79440.35,0.2824,0.1983,1,7,7538.68,159,5660.92,4,213.98,Unemployed,1,823.2
58,86286.86,0.4157,0.3871,1,17,24753.65,88,23488.31,0,226.43,Full-time,1,676.85
50,201015.68,0.4763,0.3349,0,2,22544.19,72,7322.5,0,317.56,Self-employed,1,683.38
44,50019.78,0.2227,0.5244,1,16,14642.25,110,2374.41,1,521.56,Part-time,1,718.76
39,58658.77,0.2926,0.2819,0,5,10654.77,88,5667.34,2,178.76,Full-time,1,765.08
28,51067.76,0.3335,0.414,2,17,19255.31,120,9650.93,0,37.65,Full-time,1,696.45
64,72798.54,0.4623,0.2368,1,14,119510.27,172,19745.95,2,146.0,Part-time,1,770.44
51,78571.22,0.4505,0.2443,2,17,15043.06,131,40089.1,2,301.73,Unemployed,1,712.94
36,64600.75,0.665,0.4631,1,4,43819.47,144,30017.12,1,360.41,Full-time,1,629.72
40,107887.76,0.3163,0.1122,1,13,15954.54,41,15543.66,2,774.78,Full-time,1,736.23
55,50129.21,0.1964,0.3349,2,13,38757.76,138,6615.11,0,202.67,Full-time,1,772.36
54,103133.37,0.3406,0.3277,2,16,29987.73,13,2431.45,3,440.0,Full-time,1,626.73
42,84315.76,0.3874,0.2539,3,14,19209.2,82,8831.0,2,978.2,Full-time,1,663.64
35,65813.91,0.6339,0.2504,2,2,30740.67,37,10472.8,2,787.92,Unemployed,1,578.06
52,57427.5,0.2832,0.2057,0,15,45470.6,28,14545.49,1,384.42,Self-employed,1,736.95
51,197205.28,0.6638,0.6075,1,5,20600.66,174,28583.79,2,375.35,Unemployed,1,618.98
49,45814.05,0.3016,0.1988,1,17,17308.84,64,23638.49,3,297.92,Unemployed,1,738.15
24,75664.92,0.4067,0.4125,0,14,31298.32,98,14464.28,2,133.25,Unemployed,1,706.53
43,47211.91,0.459,0.3801,1,13,61527.17,79,9521.17,3,528.65,Full-time,1,658.11
49,147787.3,0.3005,0.2518,1,11,7422.61,130,3661.03,3,583.6,Part-time,1,780.23
65,98624.19,0.1413,0.1551,1,12,8090.82,144,6765.28,4,454.67,Full-time,1,850.0
45,48763.75,0.1992,0.2497,3,10,52882.8,11,5883.55,1,446.06,Part-time,1,661.98
37,83338.65,0.1471,0.2129,0,14,13447.87,139,121022.71,3,203.05,Self-employed,0,850.0
47,74307.2,0.1847,0.3774,1,16,46946.57,119,72811.25,0,294.87,Unemployed,1,774.41
29,52444.93,0.1794,0.2529,1,4,12258.09,165,4582.51,3,543.97,Full-time,1,845.46
25,93076.21,0.4049,0.3951,3,15,14150.95,17,18654.79,1,221.3,Self-employed,1,568.92
52,78840.92,0.5272,0.3954,2,13,40680.48,15,4237.25,0,333.93,Self-employed,1,555.49
67,72916.08,0.1877,0.443,0,10,32833.07,44,16156.81,1,67.56,Self-employed,1,719.61
60,64934.62,0.4741,0.5188,0,16,8880.07,81,8804.26,4,239.59,Full-time,1,645.57
48,80336.11,0.2322,0.3314,2,16,29828.6,123,11841.67,3,116.43,Full-time,1,749.99
22,73366.63,0.1962,0.5902,0,8,12305.59,149,32655.14,0,313.13,Full-time,1,767.76
67,67954.39,0.4319,0.4034,1,2,26650.66,123,18335.05,3,553.61,Full-time,1,697.08
42,49589.92,0.5879,0.2691,0,1,20502.88,85,27985.42,2,419.25,Self-employed,1,677.19
34,141803.11,0.218,0.2453,3,11,17429.34,26,20479.8,1,372.04,Unemployed,1,669.94
62,41246.07,0.3474,0.6134,0,6,12757.98,43,7168.77,3,423.49,Self-employed,1,628.26
56,80212.63,0.1701,0.4033,0,4,6101.86,76,4383.26,2,297.08,Full-time,1,761.48
56,57290.59,0.4486,0.3529,1,2,12636.56,144,10357.09,2,479.09,Full-time,1,722.2
34,146063.43,0.2127,0.3098,3,5,31961.42,161,10340.69,1,158.82,Self-employed,1,767.91
67,44065.52,0.4115,0.3684,1,11,27051.59,11,8567.05,2,476.08,Full-time,1,618.62
42,47530.72,0.3883,0.3928,3,14,10974.06,165,7340.51,0,133.07,Full-time,1,697.81
45,42769.56,0.1704,0.2985,2,15,42660.72,67,14137.48,3,200.45,Full-time,1,730.09
56,76539.27,0.4018,0.4235,0,12,25449.72,110,41071.47,2,749.02,Self-employed,1,715.25
52,35672.21,0.5547,0.3376,0,2,30453.59,124,2241.78,3,314.85,Self-employed,1,702.52
29,53351.76,0.2243,0.4838,0,12,9575.49,72,4645.25,2,541.72,Self-employed,1,721.76
35,25120.4,0.2923,0.3733,0,8,70147.25,31,16683.19,1,177.02,Full-time,1,694.82
37,73731.81,0.1465,0.4333,0,3,27807.94,38,2755.08,1,562.67,Part-time,1,729.39
65,52833.64,0.2961,0.2668,0,12,58357.15,151,3917.27,1,535.14,Full-time,1,820.3
54,33873.03,0.4227,0.3122,0,17,12817.88,119,80680.66,1,966.19,Full-time,1,744.31
38,107852.97,0.2936,0.2257,3,16,5541.73,73,21547.05,3,704.09,Self-employed,1,691.33
55,36737.37,0.4085,0.0785,0,14,10298.63,176,129183.5,0,95.16,Full-time,1,850.0
55,94714.72,0.3773,0.448,2,4,41379.71,70,3128.2,3,199.76,Self-employed,1,633.14
39,48268.36,0.2945,0.2315,0,9,9054.67,135,78602.46,1,395.17,Self-employed,1,816.28
39,136040.39,0.4042,0.2991,4,9,56764.39,170,4381.87,1,424.69,Full-time,1,695.63
63,92716.13,0.338,0.4068,1,8,12034.07,66,28595.38,1,296.12,Full-time,1,676.9
47,42040.07,0.4023,0.3047,0,1,26219.1,28,2100.26,2,556.56,Full-time,1,676.47
28,43796.66,0.2838,0.1548,0,10,23552.81,83,17101.74,1,500.52,Full-time,1,795.33
54,86897.66,0.4559,0.2286,1,7,16084.75,80,18156.82,2,190.56,Full-time,1,697.75
48,58801.92,0.5329,0.1809,0,6,16152.97,99,9125.74,2,440.84,Full-time,1,727.4
44,61315.99,0.276,0.1398,3,6,10025.0,93,4090.54,2,147.81,Full-time,1,734.75
55,117302.05,0.1602,0.4546,3,13,78741.78,113,10524.54,0,266.45,Part-time,1,707.46
63,47244.43,0.2634,0.3428,2,4,28695.84,20,16381.98,1,453.2,Full-time,1,651.95
36,68946.23,0.3029,0.5237,1,10,6405.0,154,5021.32,0,496.57,Unemployed,1,731.54
40,101679.65,0.3852,0.3879,1,3,7723.85,58,11207.13,0,571.63,Full-time,1,660.8
29,95235.01,0.2705,0.3555,0,16,28950.1,141,12657.7,0,147.83,Full-time,1,797.48
51,61585.04,0.5618,0.2527,1,7,19807.98,97,19615.37,3,393.26,Part-time,1,674.12
39,58104.15,0.5516,0.4838,3,16,5598.65,61,3451.01,2,303.9,Full-time,1,539.4
37,30258.52,0.4216,0.3445,2,2,117999.27,166,8057.05,5,378.13,Full-time,1,725.73
53,41138.09,0.5061,0.1572,1,13,2832.78,51,15516.79,2,421.07,Full-time,1,676.37
40,76363.62,0.4622,0.1773,2,16,14426.15,86,9529.0,2,438.53,Full-time,1,688.68
42,62190.22,0.2799,0.1819,2,3,20204.0,55,5252.01,0,479.56,Full-time,1,716.39
41,68440.31,0.2602,0.2494,2,17,12369.47,101,29597.33,1,197.82,Full-time,1,743.76
33,105626.45,0.3668,0.5951,1,17,36229.45,23,30438.16,5,818.88,Self-employed,1,585.35
26,38781.73,0.2424,0.3676,2,15,28546.72,122,25344.7,1,675.4,Full-time,1,737.05
59,59499.24,0.3663,0.2501,1,13,22017.57,7,9787.16,1,278.3,Full-time,1,658.42
25,72035.9,0.348,0.1879,1,1,18959.33,28,11214.88,2,422.77,Full-time,1,696.96
36,48200.66,0.2674,0.1912,3,2,29038.28,177,38607.86,2,838.33,Part-time,1,794.48
52,126016.07,0.1856,0.2978,1,6,17216.76,29,26407.57,0,473.0,Part-time,1,719.04
27,99594.68,0.321,0.4602,0,14,6921.71,58,39121.86,0,320.5,Full-time,1,686.98
51,75399.81,0.2564,0.5115,1,8,39246.19,87,14346.43,2,700.19,Full-time,1,692.7
55,148361.08,0.2519,0.3745,1,1,67875.49,90,22426.21,1,372.63,Part-time,1,730.8
52,33708.22,0.3929,0.3545,2,6,21152.99,113,23494.12,2,249.3,Part-time,1,687.67
35,65941.49,0.3002,0.103,3,15,21461.26,19,45539.97,1,433.58,Full-time,1,675.02
21,78030.23,0.4211,0.1798,3,14,19450.19,59,1924.63,0,289.9,Full-time,1,652.89
62,43846.5,0.1848,0.3543,2,14,7927.52,80,14829.79,3,617.97,Self-employed,1,722.65
36,75759.68,0.3982,0.5365,0,12,13634.73,17,30040.64,1,220.05,Unemployed,1,610.58
58,40216.71,0.2581,0.6679,1,4,34835.71,3,36324.37,3,598.95,Self-employed,1,583.1
30,90287.18,0.2141,0.4706,2,4,23844.26,136,9092.49,4,447.64,Self-employed,1,731.45
28,106513.35,0.2604,0.1158,1,17,66389.41,160,18608.45,0,54.85,Unemployed,1,850.0
57,74798.27,0.2356,0.1192,2,2,33695.58,126,24962.82,2,460.94,Full-time,1,804.52
65,28745.63,0.2689,0.2499,2,14,15026.24,173,38805.06,1,311.57,Full-time,1,801.02
61,42827.81,0.6043,0.4953,2,11,32048.88,163,18077.42,1,132.54,Part-time,1,630.72
56,85316.19,0.2067,0.2321,0,1,17427.2,171,16625.26,5,172.24,Unemployed,1,850.0
32,66805.41,0.3549,0.3516,2,15,6322.58,143,10613.4,0,911.3,Part-time,1,724.8
63,20000.0,0.4632,0.606,0,16,41639.76,37,34653.57,1,599.03,Unemployed,1,590.37
52,115759.92,0.4313,0.4855,1,11,28578.21,134,38448.88,3,117.66,Unemployed,1,685.9
29,70368.11,0.1717,0.4078,1,17,150000.0,146,32436.39,1,447.4,Self-employed,1,793.21
27,45771.48,0.3229,0.3016,1,5,13767.82,95,25099.38,0,572.96,Part-time,1,731.9
61,103541.73,0.1771,0.2481,1,17,33508.02,64,16453.78,3,445.14,Self-employed,1,763.18
33,48781.53,0.7018,0.3395,0,10,11939.66,169,8108.61,2,168.02,Part-time,1,695.42
56,48542.58,0.4531,0.1886,0,12,10926.84,119,7120.39,5,492.98,Full-time,1,766.09
27,77750.38,0.2834,0.3585,1,10,102552.94,124,32059.7,1,212.65,Full-time,1,753.69
34,147482.87,0.3344,0.5477,3,16,4732.59,166,34985.85,3,250.52,Full-time,1,676.09
34,137394.86,0.1642,0.1015,2,14,19501.17,22,16460.17,1,124.74,Full-time,0,743.7
34,77797.94,0.5707,0.1008,2,14,67620.15,100,16448.14,0,201.63,Part-time,1,686.92
52,81476.8,0.2867,0.3522,1,8,6774.5,140,16015.22,1,90.21,Full-time,1,767.61
63,94482.94,0.3101,0.1616,0,16,13968.57,74,37003.57,1,614.15,Full-time,1,778.24
63,37584.89,0.187,0.241,0,13,37646.06,42,25413.76,0,231.35,Self-employed,1,768.65
55,88421.17,0.5869,0.5802,1,6,8589.99,95,9264.62,1,873.05,Part-time,1,583.05
30,47556.18,0.4615,0.254,2,5,25098.4,145,20591.76,0,626.36,Full-time,1,718.88
66,76367.7,0.4501,0.4461,0,14,11458.72,112,3478.82,0,616.3,Unemployed,1,696.78
46,59732.98,0.3143,0.2541,0,1,50857.13,178,7904.01,1,885.93,Full-time,1,840.52
46,82912.72,0.3303,0.3524,0,16,49602.77,100,3020.77,1,39.77,Full-time,1,746.14
53,69783.06,0.4328,0.3057,1,14,14241.84,26,6449.58,1,513.84,Self-employed,1,640.4
57,20000.0,0.4815,0.4203,5,10,2669.22,26,6979.26,2,727.36,Unemployed,1,497.14
65,71718.3,0.2533,0.1557,0,17,28589.58,17,2274.32,1,625.22,Part-time,1,749.25
48,88341.81,0.4429,0.4033,1,5,40771.24,131,36189.66,3,454.86,Full-time,1,700.47
49,80875.62,0.3945,0.0937,3,17,28760.63,141,8669.47,1,135.93,Full-time,1,750.72
56,63185.89,0.4359,0.2957,2,3,26312.99,5,10152.12,3,151.19,Full-time,1,599.47
32,138548.09,0.6237,0.2125,2,13,23973.89,144,6426.32,2,291.42,Self-employed,1,679.76
35,76123.93,0.1753,0.6719,1,4,15678.08,121,21605.57,2,357.42,Full-time,1,705.27
50,80575.75,0.2367,0.3851,2,12,11650.58,122,43202.79,4,229.2,Unemployed,1,734.38
24,105875.73,0.3503,0.1419,0,6,20393.35,77,20832.85,1,1090.74,Full-time,1,773.6
36,77898.88,0.3092,0.3699,1,7,16764.22,85,17958.33,0,886.95,Full-time,1,710.6
54,44174.02,0.6167,0.4017,1,5,31881.16,3,2494.19,2,263.3,Full-time,1,542.07
66,22087.08,0.4902,0.251,3,16,10821.73,154,12256.75,2,165.84,Full-time,1,693.52
45,53385.56,0.3475,0.4312,3,10,14509.28,128,23159.38,2,515.56,Unemployed,1,669.62
39,93192.78,0.374,0.2127,0,9,20715.4,120,37023.4,4,344.45,Self-employed,1,784.62
41,56449.78,0.3158,0.3931,0,5,11453.03,171,22371.66,0,567.85,Full-time,1,799.48
53,94895.38,0.2402,0.2718,1,13,7342.28,155,78801.18,0,698.9,Full-time,1,814.16
46,70751.41,0.3129,0.6686,0,5,30482.7,39,7192.99,2,122.15,Full-time,1,621.48
22,118140.48,0.388,0.2668,2,10,7777.61,62,7193.17,1,327.87,Full-time,1,668.57
46,57939.37,0.3185,0.5824,2,7,22103.78,51,18505.93,3,230.25,Full-time,1,601.35
39,81668.75,0.3423,0.1462,2,16,28149.35,63,39578.87,4,1034.69,Full-time,1,713.26
53,83087.39,0.5974,0.291,0,6,52410.86,22,45388.97,2,204.91,Full-time,1,616.36
62,130056.06,0.1524,0.1077,3,12,97336.8,111,2368.33,1,251.24,Unemployed,1,794.86
66,30699.86,0.1067,0.4407,0,4,48718.53,26,14674.55,1,563.25,Self-employed,1,729.48
49,53837.0,0.4476,0.4485,0,6,11805.4,124,30020.04,0,250.16,Unemployed,1,706.93
38,96938.52,0.5181,0.3742,0,9,15716.43,171,29317.23,1,159.15,Full-time,1,743.52
41,132674.42,0.2272,0.233,1,16,23907.31,26,21593.12,1,902.73,Part-time,1,720.26
29,73720.2,0.3182,0.1208,0,7,18528.22,53,12426.16,1,393.79,Full-time,1,768.51
64,58004.92,0.3266,0.5798,1,4,21540.92,31,1012.33,3,211.67,Full-time,1,607.9
60,93032.42,0.2872,0.1371,0,16,46271.24,143,76712.46,2,148.11,Part-time,1,848.73
61,97823.12,0.2194,0.267,1,4,21157.32,150,22477.3,2,199.14,Unemployed,1,817.43
36,56283.25,0.2992,0.478,1,4,36637.03,116,6313.83,2,229.56,Full-time,1,712.41
36,76775.3,0.2863,0.2489,0,7,8746.92,104,10144.75,1,333.13,Full-time,1,788.55
61,112559.5,0.5718,0.1678,1,14,27022.24,95,16672.84,1,692.38,Full-time,1,690.68
46,154926.57,0.3695,0.3244,0,7,5973.62,43,20008.49,3,478.68,Full-time,1,693.88
54,92426.8,0.3561,0.3005,3,17,42150.35,110,4099.77,0,689.41,Full-time,1,684.71
44,67498.62,0.3647,0.1838,0,14,16898.37,62,5754.33,1,516.5,Part-time,1,746.31
41,64580.4,0.2109,0.5268,1,15,7318.17,71,20439.52,2,434.15,Self-employed,1,689.2
50,85035.87,0.3295,0.2928,1,8,15815.13,147,8180.52,3,159.96,Full-time,1,775.45
59,62814.88,0.2606,0.3405,0,15,26793.63,159,2945.93,3,606.33,Part-time,1,819.2
36,72066.04,0.4422,0.2048,0,15,8068.89,40,6817.81,3,199.12,Full-time,1,699.47
59,41107.9,0.3881,0.3044,0,7,10380.17,116,13220.7,5,621.1,Full-time,1,754.14
32,118619.45,0.1971,0.2459,1,6,14557.23,110,3317.14,1,922.57,Self-employed,1,796.06
39,39613.17,0.5038,0.2476,2,2,34419.28,171,53621.03,2,488.99,Full-time,1,729.46
63,54477.86,0.2392,0.4152,3,7,4693.94,93,36677.54,0,261.68,Self-employed,1,676.94
65,69141.95,0.3084,0.5463,4,9,26471.47,74,29114.48,0,115.86,Self-employed,1,582.57
64,162096.01,0.5001,0.1837,1,13,16071.75,172,14432.2,2,528.67,Unemployed,1,772.38
35,54709.5,0.5859,0.3536,2,10,40663.93,170,4673.34,0,379.12,Full-time,1,677.5
60,49035.16,0.4438,0.3759,0,5,25431.53,137,6546.28,3,114.43,Self-employed,1,737.05
64,51644.16,0.5757,0.3652,0,6,49727.92,168,41136.22,2,409.12,Full-time,1,725.99
66,139595.43,0.5458,0.1634,0,3,25601.04,129,6804.99,1,1189.62,Full-time,1,752.91
21,20000.0,0.4588,0.1147,4,4,8222.27,61,12994.57,0,210.93,Part-time,1,634.52
56,42140.64,0.4081,0.2246,1,3,25926.85,136,10444.88,3,176.65,Full-time,1,759.75
67,226178.53,0.4531,0.3976,4,14,27096.33,179,11694.31,1,653.6,Part-time,1,663.84
56,86326.93,0.745,0.5234,1,4,11772.45,170,12004.22,2,394.13,Self-employed,1,612.32
31,40227.53,0.3519,0.1189,1,1,13077.96,138,10906.45,3,157.75,Self-employed,1,804.7
56,64934.67,0.2227,0.4116,2,11,3541.98,48,9101.89,2,180.01,Full-time,1,670.29
25,68210.55,0.2235,0.1535,0,10,31881.32,139,10184.62,0,203.06,Full-time,1,850.0
43,96834.28,0.408,0.6052,1,1,17224.91,9,11188.07,3,440.03,Part-time,1,558.8
50,151414.43,0.4709,0.2433,0,12,12720.07,113,5986.46,1,151.47,Part-time,1,742.07
42,78814.18,0.1578,0.4428,2,12,9363.93,54,4061.63,2,477.42,Self-employed,1,686.96
53,51901.1,0.4258,0.2338,0,17,13363.89,29,9752.16,3,74.56,Full-time,1,687.98
32,94295.43,0.3257,0.5704,2,14,25682.57,164,6348.6,1,437.66,Part-time,1,696.36
49,48328.96,0.5409,0.3268,1,14,21430.76,134,12630.87,0,406.75,Part-time,1,692.7
51,41564.35,0.4951,0.2445,0,13,14938.46,126,5394.39,0,1161.52,Full-time,1,745.34
50,29972.66,0.3057,0.0706,0,12,8000.15,112,2674.27,0,239.84,Full-time,1,833.97
34,32718.38,0.2396,0.2818,1,11,14815.6,30,46001.07,2,372.82,Unemployed,1,707.67
35,44205.29,0.3202,0.5142,1,11,10480.01,97,7803.41,1,142.49,Self-employed,1,681.22
33,38948.46,0.3484,0.1969,1,8,16087.68,63,2017.88,1,447.39,Full-time,1,723.76
42,76187.79,0.4576,0.3983,0,2,28919.84,178,25129.38,1,989.95,Full-time,1,761.48
48,38571.51,0.3334,0.2261,1,17,12818.9,109,8793.67,0,270.22,Self-employed,1,759.29
38,20000.0,0.1901,0.1841,3,17,60206.78,155,12608.71,4,263.55,Full-time,1,801.11
40,41367.04,0.4205,0.1266,0,2,12510.89,31,14758.99,4,374.59,Full-time,1,718.03
34,53512.1,0.4195,0.2668,0,14,5610.09,55,29206.55,2,228.45,Part-time,1,703.28
31,50389.99,0.5293,0.2885,0,13,15927.71,108,16027.66,3,501.48,Full-time,1,709.08
51,131109.23,0.348,0.4941,0,5,12188.08,175,3758.82,2,169.97,Full-time,1,767.91
59,50206.8,0.4928,0.1799,0,7,150000.0,16,4471.9,1,480.49,Unemployed,1,670.52
34,98362.56,0.4007,0.4938,2,14,13442.56,23,3645.62,1,96.12,Self-employed,1,575.51
61,65608.32,0.2479,0.0897,2,15,6372.03,131,8100.07,1,253.26,Full-time,1,812.37
47,64923.37,0.1854,0.1199,0,7,18561.08,22,17214.08,3,224.8,Unemployed,0,782.74
28,45436.86,0.2833,0.2492,1,11,16086.61,56,6198.35,1,331.7,Full-time,1,724.38
38,64443.74,0.1774,0.0865,0,8,7974.79,119,6947.42,5,420.27,Full-time,0,850.0
21,46896.89,0.3548,0.1766,2,3,23195.32,78,6706.53,2,540.14,Full-time,1,714.41
22,71432.69,0.3687,0.3758,0,3,26804.01,137,7526.51,2,288.13,Part-time,1,759.61
36,59497.39,0.2928,0.1883,1,15,19087.17,5,22064.05,1,280.04,Part-time,1,694.25
42,43257.13,0.6435,0.4301,1,1,14961.57,117,9715.49,2,485.46,Full-time,1,621.93
58,103399.19,0.198,0.2817,0,2,13935.48,117,31895.95,1,288.18,Full-time,1,817.68
27,80183.92,0.3442,0.2981,1,6,11656.87,50,7932.08,3,211.05,Part-time,1,688.88
60,54088.22,0.4195,0.1861,0,14,7354.32,124,12805.31,4,515.27,Full-time,1,780.96
32,70648.48,0.1925,0.3834,1,12,50995.19,79,10606.57,2,568.87,Full-time,1,737.23
27,63721.66,0.5774,0.3099,2,10,99340.82,157,15995.66,0,600.55,Unemployed,1,680.14
53,44783.01,0.6782,0.3637,0,11,8787.95,138,19758.1,2,365.49,Self-employed,1,670.62
57,68303.98,0.4571,0.1221,3,3,11827.3,131,12858.48,3,1091.4,Part-time,1,716.51
49,50038.34,0.177,0.303,1,3,8457.82,95,124358.36,2,186.08,Unemployed,1,775.32
26,43251.18,0.4627,0.1741,2,11,33639.67,122,46201.07,1,293.61,Unemployed,1,719.33
26,31880.66,0.3329,0.4195,4,7,8861.07,27,7992.25,4,301.0,Self-employed,1,567.76
39,56309.96,0.3797,0.343,1,10,29404.44,77,39930.04,3,525.73,Full-time,1,689.51
42,85403.02,0.7138,0.3205,4,11,24331.81,67,36415.7,1,49.2,Full-time,1,511.57
67,48407.17,0.3295,0.2275,0,6,16199.67,15,4260.24,1,138.96,Self-employed,1,706.78
34,205729.79,0.5137,0.4372,0,15,46719.47,146,2158.63,1,389.22,Part-time,1,708.26
30,98573.58,0.1909,0.3022,0,14,14117.0,117,15662.41,1,256.28,Part-time,1,814.68
65,119008.31,0.4461,0.5368,1,2,18062.78,61,11656.55,1,604.61,Part-time,1,607.8
28,94642.26,0.1565,0.5335,0,3,7694.61,6,1587.29,2,387.31,Full-time,1,674.68
22,152327.68,0.3105,0.3598,2,4,3265.14,174,14561.7,1,729.42,Full-time,1,761.9
40,46436.87,0.4864,0.316,2,3,37875.12,119,13593.79,2,83.28,Full-time,1,674.25
39,20903.42,0.5018,0.4259,3,10,11698.13,145,7788.13,0,395.35,Part-time,1,638.82
50,54135.39,0.2443,0.2349,1,5,40518.78,16,49973.98,1,343.58,Part-time,1,706.32
62,85067.33,0.3784,0.1388,1,12,14092.29,164,10804.69,2,477.04,Full-time,1,813.45
64,70840.25,0.4522,0.4815,0,15,16710.7,13,9343.86,1,332.52,Full-time,1,604.8
34,74904.01,0.4943,0.3439,1,3,20831.73,164,13072.4,4,273.56,Full-time,1,727.4
67,119899.54,0.3984,0.2194,1,3,12362.39,103,4103.48,3,228.17,Full-time,1,736.46
50,78584.2,0.5092,0.3184,2,4,5821.38,156,5999.23,0,265.13,Full-time,1,697.64
24,94798.69,0.5524,0.3111,0,14,9799.26,165,1191.16,3,425.1,Full-time,1,744.0
65,43355.84,0.3305,0.2792,2,17,9274.08,158,18147.35,1,131.95,Self-employed,1,762.72
27,40419.71,0.3104,0.4679,0,14,17615.37,131,28471.67,2,88.8,Full-time,1,749.07
48,136810.39,0.2855,0.2515,1,12,39414.85,21,16610.02,1,114.14,Full-time,1,693.98
58,69244.96,0.3002,0.386,1,11,10851.54,126,15547.48,0,539.01,Full-time,1,743.44
32,49988.43,0.3616,0.0788,0,4,16819.48,96,12095.9,0,289.33,Self-employed,1,801.82
33,50029.72,0.284,0.149,0,8,21314.91,143,46744.88,3,239.31,Self-employed,1,846.72
43,49409.33,0.516,0.5291,1,16,10343.14,176,11415.74,1,281.26,Full-time,1,684.59
62,48096.68,0.5758,0.4982,0,7,23617.44,84,27668.82,1,589.98,Unemployed,1,622.71
31,37144.96,0.4136,0.1696,0,1,38961.84,50,25369.89,1,83.4,Part-time,1,725.19
52,33685.1,0.4564,0.2205,0,4,23753.44,132,4002.07,2,591.59,Self-employed,1,767.96
42,60611.99,0.1379,0.1943,0,9,17410.72,45,22505.49,2,174.36,Full-time,1,797.56
26,50674.77,0.4112,0.3448,1,12,10009.91,87,4992.88,1,639.12,Full-time,1,687.94
54,108903.96,0.2518,0.2187,0,8,16596.25,127,7991.37,1,1006.96,Self-employed,1,825.62
60,75499.74,0.3029,0.1627,2,8,10646.68,171,11047.25,0,303.23,Part-time,1,810.96
48,74562.5,0.468,0.2899,1,12,11960.21,133,37352.94,0,240.29,Part-time,1,722.96
29,47362.96,0.4667,0.1949,1,5,16556.4,129,7009.78,2,782.75,Self-employed,1,743.76
28,62663.68,0.3741,0.2195,3,14,15588.5,94,17074.44,0,179.82,Part-time,1,686.23
40,77843.1,0.4738,0.286,2,6,37166.78,56,3420.12,1,324.71,Full-time,1,633.03
44,91334.88,0.2244,0.1758,2,2,11949.48,153,10993.31,1,260.1,Full-time,1,816.23
46,63433.58,0.5496,0.3612,1,3,23672.14,67,8584.83,4,369.24,Full-time,1,625.65
32,107538.66,0.5269,0.4218,1,7,13027.2,40,37666.66,2,179.83,Self-employed,1,594.81
44,66409.49,0.3071,0.2263,1,1,9531.06,116,6817.68,3,496.63,Part-time,1,772.96
34,94540.27,0.3037,0.1437,0,4,27574.45,165,3414.8,0,376.55,Full-time,1,850.0
53,53080.58,0.4334,0.3873,4,8,24178.71,87,8938.26,1,371.91,Full-time,1,595.66
58,29270.49,0.3521,0.2859,0,17,11847.98,68,7646.15,1,416.03,Full-time,1,729.56
51,74664.61,0.2231,0.418,1,17,2023.1,30,15890.96,4,172.6,Part-time,1,678.57
21,91710.84,0.4263,0.6831,1,13,39514.58,147,39728.31,1,510.85,Full-time,1,648.84
67,85725.56,0.2289,0.1814,1,17,31071.1,115,9725.31,0,119.19,Part-time,1,806.81
22,80016.17,0.3501,0.5427,2,11,40455.65,34,17668.66,0,337.98,Full-time,1,587.63
67,56564.44,0.1755,0.1936,3,3,42001.94,112,11907.37,3,729.94,Part-time,1,767.28
22,46026.11,0.4679,0.3118,0,12,18220.63,68,19835.13,2,154.28,Self-employed,1,688.35
45,84819.24,0.3499,0.2276,2,10,13473.9,5,5650.42,2,252.66,Unemployed,1,642.3
25,80169.73,0.4132,0.3024,1,15,5145.67,116,12720.45,3,295.29,Unemployed,1,722.11
25,51410.38,0.5674,0.5293,1,6,19829.13,70,28958.82,1,329.57,Full-time,1,580.79
53,109015.01,0.5523,0.3417,2,14,13166.87,39,6791.07,1,272.75,Self-employed,1,581.38
55,44476.25,0.4667,0.2274,1,12,10425.51,132,11194.23,1,600.93,Part-time,1,738.14
26,50889.63,0.1428,0.2196,0,13,6966.47,39,12234.1,0,97.37,Part-time,1,784.76
66,138190.9,0.4701,0.3299,1,1,8767.24,34,3675.47,1,673.23,Part-time,1,629.83
36,97817.8,0.5868,0.157,1,17,7029.43,35,23937.5,2,270.73,Self-employed,1,638.88
35,56325.12,0.2441,0.1142,0,10,36136.35,153,7987.46,0,531.78,Self-employed,0,850.0
34,75306.47,0.2518,0.0951,0,12,39377.51,79,12461.31,3,512.95,Full-time,0,816.52
42,70944.74,0.3412,0.4178,2,8,10725.8,103,21850.55,2,277.39,Full-time,1,679.02
29,20000.0,0.2901,0.5477,0,3,42499.26,149,23815.0,2,230.39,Full-time,1,750.21
40,44006.24,0.5354,0.0896,3,10,19378.3,75,4720.62,3,921.57,Self-employed,1,654.48
30,64674.29,0.2179,0.227,2,12,50401.51,50,18441.19,2,908.01,Part-time,1,719.55
23,56360.56,0.2665,0.204,1,3,27379.32,177,29940.43,5,366.02,Part-time,1,841.55
38,73953.82,0.1456,0.446,1,7,28071.67,110,7423.5,0,597.82,Self-employed,1,761.49
52,110003.45,0.3067,0.312,0,11,21407.72,115,25484.21,3,315.01,Full-time,1,775.82
56,57257.21,0.2259,0.336,3,5,10881.2,55,18435.25,0,270.27,Part-time,1,669.06
37,41112.0,0.2668,0.4316,2,6,7156.53,166,19747.45,2,393.98,Full-time,1,750.39
36,76587.05,0.3468,0.5618,1,2,20814.48,61,27080.6,1,189.26,Part-time,1,631.34
58,57126.28,0.6643,0.1702,3,9,16869.4,179,6136.04,0,174.43,Full-time,1,682.33
53,61683.48,0.4063,0.2592,1,3,111259.57,112,5833.42,1,754.67,Full-time,1,731.64
60,58029.21,0.3669,0.208,4,15,30435.96,84,35000.65,2,493.14,Part-time,1,657.93
63,181466.62,0.3852,0.4067,2,3,9985.09,129,10046.18,1,212.77,Unemployed,1,690.27
59,24141.39,0.5508,0.281,3,2,16999.34,67,3815.54,4,516.22,Full-time,1,595.34
65,55561.72,0.4835,0.1103,1,16,13934.9,149,11460.92,3,280.15,Part-time,1,776.54
40,66061.4,0.5735,0.2972,2,7,17544.11,156,12023.87,1,307.33,Self-employed,1,683.65
39,46559.48,0.2813,0.164,0,4,7201.0,20,16241.11,1,232.19,Full-time,1,741.28
36,99202.81,0.2995,0.5156,1,10,34038.81,4,9512.7,1,406.61,Self-employed,1,609.58
32,95412.6,0.2351,0.1874,2,2,13675.39,15,57808.45,2,457.95,Part-time,1,695.12
56,64764.34,0.3345,0.3836,0,8,28510.33,84,6165.43,2,311.0,Full-time,1,723.75
54,58582.82,0.3005,0.2903,2,12,11819.06,120,2535.58,0,173.85,Full-time,1,737.28
58,62920.0,0.4513,0.4504,1,9,13653.37,116,3793.03,0,524.65,Self-employed,1,673.68
28,63123.35,0.2203,0.3187,4,16,27317.98,48,7056.89,2,231.04,Full-time,1,644.24
44,63878.12,0.3752,0.3098,2,13,4231.05,146,19769.59,3,470.04,Self-employed,1,731.66
31,60803.36,0.3596,0.4196,1,12,35993.68,19,11076.77,2,760.47,Full-time,1,628.05
62,74131.97,0.4465,0.2222,1,12,50457.47,124,17700.89,5,760.38,Full-time,1,738.83
33,92869.02,0.2901,0.1609,0,12,49774.39,85,7450.06,1,154.33,Self-employed,1,793.58
27,38039.6,0.5372,0.1994,1,9,11040.66,6,18683.01,2,256.4,Full-time,1,618.99
47,41241.54,0.3336,0.1257,0,2,22274.87,155,3424.87,2,428.75,Part-time,1,847.66
62,30126.69,0.3108,0.2623,0,5,13195.46,122,15061.62,5,611.67,Unemployed,1,792.85
64,97721.69,0.2842,0.3505,2,6,6372.05,101,21844.73,0,142.98,Unemployed,1,711.28
25,74061.08,0.2052,0.4901,2,5,19189.23,118,5996.63,2,654.22,Full-time,1,714.25
36,83064.31,0.1871,0.5067,3,5,6505.23,58,54809.61,4,455.86,Part-time,1,640.53
28,34777.5,0.5143,0.3246,1,13,27436.25,4,2665.86,0,686.08,Full-time,1,592.89
35,147742.57,0.2154,0.2534,1,17,31988.99,70,23818.28,0,152.14,Part-time,1,755.36
46,50312.92,0.1685,0.4473,3,8,44527.62,55,26690.34,0,286.11,Self-employed,1,658.46
34,71374.26,0.3835,0.1412,2,9,25814.77,126,6287.35,1,450.61,Full-time,1,754.65
24,97194.86,0.4361,0.2166,1,6,13499.91,86,17167.45,4,339.13,Full-time,1,711.69
44,42440.53,0.2463,0.1791,1,11,15799.73,173,6319.02,3,311.23,Full-time,1,850.0
23,51748.67,0.3477,0.2282,3,12,19652.57,114,16821.35,1,106.6,Full-time,1,708.64
31,71727.34,0.3473,0.4103,2,1,50211.67,123,10849.34,1,296.12,Full-time,1,695.73
21,239393.25,0.5596,0.1618,1,9,50583.45,123,13115.0,0,157.16,Full-time,1,719.17
25,75773.67,0.4445,0.1674,2,8,17002.64,54,7969.91,2,1042.27,Full-time,1,669.8
41,136333.93,0.5849,0.1129,0,8,35883.03,99,8006.17,3,462.3,Unemployed,1,728.8
60,113840.42,0.2662,0.2912,0,9,12566.38,164,6788.34,1,1453.43,Part-time,1,834.01
57,78089.0,0.515,0.2271,4,3,24474.42,178,22619.65,0,258.75,Part-time,1,687.06
25,42398.23,0.3509,0.3651,1,14,14120.57,59,54084.2,3,333.73,Full-time,1,677.62
22,106605.37,0.3972,0.1782,0,16,21391.62,124,90770.06,0,768.56,Full-time,1,789.62
36,33720.13,0.1463,0.5625,0,2,10144.4,17,29021.13,3,321.93,Full-time,1,679.65
51,135997.78,0.4009,0.3713,2,15,6672.31,32,13051.52,2,820.71,Full-time,1,613.57
56,72402.95,0.2164,0.5845,1,10,7537.28,75,30607.65,2,946.23,Full-time,1,676.46
59,20078.39,0.1867,0.5136,1,15,27123.46,131,17685.09,2,386.68,Full-time,1,749.76
37,56770.51,0.1914,0.1537,0,4,8266.93,34,9804.78,1,732.33,Unemployed,1,782.49
28,88811.95,0.1975,0.4632,2,4,14202.54,41,70234.73,2,583.91,Unemployed,1,659.12
22,59476.66,0.3993,0.144,1,1,33633.54,129,30185.22,0,99.99,Part-time,1,776.71
27,91285.99,0.515,0.2404,2,9,39507.47,32,6998.49,3,822.66,Full-time,1,612.07
24,45138.42,0.5734,0.1917,1,8,9085.31,15,29863.1,1,526.29,Full-time,1,617.56
61,36765.23,0.2644,0.3489,1,17,3360.22,114,21519.84,3,386.02,Unemployed,1,753.46
33,64077.56,0.2639,0.3967,3,10,10275.31,92,5947.02,3,357.33,Full-time,1,673.32
59,67117.8,0.1967,0.1577,1,16,20751.48,94,14065.4,1,1012.07,Full-time,1,804.9
46,56569.6,0.4453,0.1652,0,5,28848.54,100,12582.51,2,362.58,Part-time,1,758.44
46,114953.27,0.3423,0.4021,1,1,7896.45,170,1453.66,2,486.76,Self-employed,1,763.45
42,45134.7,0.556,0.3801,2,15,5236.05,170,3990.35,1,642.3,Full-time,1,679.84
59,76185.35,0.3892,0.5765,1,1,9552.39,106,33448.09,3,571.44,Full-time,1,652.45
23,68226.37,0.2157,0.2159,3,15,12538.73,119,7196.04,6,338.87,Full-time,1,755.48
25,32842.47,0.6636,0.2579,0,9,77756.17,95,21908.53,1,1064.82,Full-time,1,665.61
40,36550.0,0.5643,0.2321,0,10,19474.91,67,39083.05,1,164.22,Self-employed,1,678.52
39,66526.79,0.5339,0.1526,2,4,28397.18,27,2292.73,2,551.29,Part-time,1,624.18
46,161383.69,0.5981,0.2546,1,5,38952.48,117,52453.27,3,286.26,Part-time,1,679.42
55,85877.01,0.2008,0.2269,1,4,13165.04,155,11530.91,4,439.37,Full-time,1,837.2
48,30438.52,0.4978,0.1769,1,13,19347.57,127,18544.88,2,417.39,Unemployed,1,737.27
33,20000.0,0.5697,0.3381,0,8,21527.75,59,69316.7,1,289.76,Unemployed,1,643.73
36,92030.39,0.3394,0.1323,2,2,27568.13,111,30297.07,3,708.34,Full-time,1,757.6
56,63367.34,0.4692,0.2246,0,1,16481.47,76,11479.28,4,647.15,Full-time,1,716.42
30,110588.31,0.2585,0.3323,0,13,37450.63,175,8483.25,2,214.53,Full-time,1,835.21
44,44519.25,0.4937,0.6538,1,12,39044.11,91,9115.96,1,1101.26,Part-time,1,589.27
46,77466.09,0.6265,0.2272,1,6,14788.4,85,8258.24,3,338.27,Self-employed,1,651.08
56,96836.38,0.309,0.1096,1,6,30679.71,172,39060.22,1,471.28,Full-time,1,848.23
54,54102.81,0.2246,0.4073,1,14,23681.47,36,21137.78,0,147.49,Self-employed,1,685.8
42,54625.8,0.2166,0.2124,2,2,116222.18,48,15963.22,0,395.76,Full-time,1,721.92
35,66927.7,0.4273,0.4145,3,17,33770.25,38,11088.2,1,617.26,Self-employed,1,574.85
38,84474.45,0.2616,0.5129,1,15,23632.36,124,24808.15,2,203.22,Part-time,1,721.63
40,65745.71,0.3935,0.1449,2,3,12106.52,124,2692.1,3,395.37,Part-time,1,749.06
31,102569.75,0.2371,0.2444,0,9,8741.76,127,65070.01,0,449.63,Full-time,1,823.6
50,53751.62,0.5021,0.5205,1,10,26093.02,167,10638.62,0,476.97,Part-time,1,683.41
30,36396.29,0.3576,0.2227,0,16,5454.54,7,5946.87,1,71.66,Full-time,1,692.88
51,161077.18,0.3888,0.3308,0,11,56204.42,46,35402.76,1,243.94,Part-time,1,688.99
56,50408.49,0.1428,0.3174,1,1,4266.02,72,34707.87,0,450.63,Unemployed,1,762.81
66,51236.17,0.315,0.0516,3,5,8774.31,40,12543.33,5,537.63,Full-time,1,700.93
26,64240.46,0.4559,0.3623,1,10,36315.94,10,41289.94,4,347.32,Self-employed,1,605.99
56,68202.16,0.2967,0.3176,0,7,17592.21,45,31335.0,1,808.46,Part-time,1,719.09
25,55603.0,0.3215,0.3808,2,8,20498.78,28,18450.8,1,463.89,Unemployed,1,631.68
36,65654.06,0.1949,0.2434,2,17,11145.17,169,3313.67,1,383.38,Full-time,1,821.51
29,64997.69,0.4362,0.2934,3,16,16492.82,16,14875.13,2,348.77,Self-employed,1,584.12
28,71586.99,0.3206,0.5743,0,5,29113.25,40,13460.35,1,407.29,Full-time,1,643.58
29,22905.46,0.1768,0.0801,1,4,10071.03,47,10813.42,2,175.72,Part-time,1,791.1
23,154259.93,0.3463,0.4911,1,17,15011.3,129,9749.41,6,392.14,Part-time,1,705.84
59,61927.54,0.438,0.1968,2,10,18100.7,125,25307.04,3,282.19,Full-time,1,723.57
23,85929.3,0.3332,0.2137,2,11,14919.79,156,4636.98,1,417.38,Full-time,1,776.62
39,35591.22,0.3209,0.2833,0,3,30503.4,29,36860.74,2,288.83,Unemployed,1,707.07
53,53532.8,0.4006,0.4574,0,11,24874.72,153,12799.73,2,342.25,Self-employed,1,742.97
67,48896.34,0.2818,0.248,0,15,16760.23,72,6530.31,4,382.43,Self-employed,1,763.46
61,128203.7,0.3875,0.1115,0,3,5463.24,148,10439.64,2,234.28,Self-employed,1,829.21
27,50837.21,0.5474,0.5241,1,6,41244.87,104,15822.56,4,426.52,Full-time,1,616.42
67,93072.68,0.4319,0.386,1,7,9446.29,88,45521.71,1,499.04,Full-time,1,672.26
51,49380.5,0.2885,0.3449,1,8,62519.74,39,24432.31,2,531.81,Full-time,1,684.72
29,53977.44,0.3487,0.1893,1,4,9982.73,9,36462.03,3,764.03,Part-time,1,680.56
42,59248.9,0.3202,0.1204,1,12,21544.99,48,12661.26,2,321.13,Full-time,1,738.84
64,117916.3,0.3868,0.4465,2,4,28145.67,42,11154.77,1,531.68,Full-time,1,607.34
39,28270.28,0.1898,0.139,1,5,15715.02,101,64754.94,1,631.08,Full-time,1,817.48
29,36605.41,0.2429,0.3682,1,10,22434.75,129,11883.55,1,211.5,Full-time,1,767.58
62,27548.76,0.3152,0.2934,0,3,14797.75,126,8386.92,2,442.47,Full-time,1,787.09
65,40563.5,0.5927,0.2868,1,15,67672.15,149,7689.74,4,695.89,Part-time,1,699.66
66,45925.69,0.2909,0.2103,0,8,20775.77,87,17165.14,1,422.57,Part-time,1,782.66
65,31999.75,0.5925,0.3503,0,17,16622.6,45,5316.29,1,727.34,Self-employed,1,622.17
62,47554.59,0.3749,0.2251,5,7,21395.93,67,15609.59,4,491.9,Self-employed,1,612.09
42,26725.63,0.2008,0.2697,1,1,39837.31,63,15357.0,3,740.07,Self-employed,1,749.84
30,41852.43,0.3767,0.2912,0,7,23701.56,153,22081.27,1,714.04,Full-time,1,791.69
50,113571.65,0.429,0.4545,0,11,20504.31,118,3019.07,0,691.59,Part-time,1,706.01
31,79349.28,0.4003,0.3819,2,1,6606.09,150,2443.8,4,445.51,Unemployed,1,709.44
43,71995.61,0.2996,0.1097,4,9,40487.26,54,9208.44,1,531.98,Unemployed,1,677.7
51,42139.87,0.2901,0.4964,1,14,23044.78,51,11866.5,1,443.99,Full-time,1,656.37
65,33148.8,0.3504,0.3876,1,16,13203.47,151,5168.98,1,194.18,Full-time,1,748.81
34,39631.51,0.1427,0.5845,2,13,22667.81,129,4174.95,1,201.61,Full-time,1,718.56
32,64896.93,0.2272,0.174,1,5,47744.66,10,19293.68,0,592.39,Full-time,1,721.67
55,97799.97,0.546,0.1187,2,12,29748.67,113,10248.55,3,1223.72,Part-time,1,700.69
21,99316.33,0.3307,0.2139,0,14,71538.16,7,26564.92,0,261.54,Full-time,1,703.15
47,87884.22,0.4153,0.3413,1,7,33257.89,15,4148.33,3,405.95,Self-employed,1,627.58
56,47481.69,0.3477,0.1193,3,12,4672.41,18,12185.9,1,424.72,Part-time,1,655.86
46,66906.23,0.1475,0.1858,6,9,43593.22,14,55359.53,3,298.37,Full-time,1,620.97
39,57262.19,0.2818,0.3453,1,7,5322.78,85,10375.97,1,465.64,Full-time,1,724.97
59,60443.52,0.5192,0.0687,0,12,46428.01,3,8136.27,0,510.9,Full-time,1,679.56
38,165496.87,0.155,0.2453,2,17,33509.21,100,29006.35,1,616.29,Full-time,1,775.51
54,29944.47,0.7186,0.3517,1,17,58452.75,28,37639.25,4,452.36,Full-time,1,544.83
42,59539.51,0.4655,0.2868,2,1,24588.18,47,7786.0,3,159.22,Full-time,1,627.82
22,114152.1,0.4029,0.191,0,5,22034.18,23,8287.47,2,888.11,Full-time,1,700.55
45,34212.58,0.4357,0.3613,2,15,42918.45,47,27876.4,2,423.3,Self-employed,1,618.13
23,49529.0,0.3457,0.086,2,13,7912.81,21,17240.65,0,319.01,Full-time,1,692.29
64,52152.78,0.5652,0.5816,2,13,18549.86,97,17574.17,4,300.76,Full-time,1,565.87
49,59845.39,0.469,0.1866,2,11,15351.89,74,16336.77,4,181.67,Unemployed,1,674.32
38,32267.61,0.1469,0.105,1,8,13351.22,163,12797.0,2,365.95,Full-time,0,850.0
43,86498.19,0.3128,0.3541,0,11,12094.57,130,31326.01,3,317.16,Full-time,1,775.97
50,89306.48,0.3365,0.5117,0,15,20143.5,74,43489.29,0,679.28,Full-time,1,682.79
33,83180.56,0.3116,0.4205,1,2,29816.36,84,5567.43,2,222.08,Part-time,1,696.4
34,44726.97,0.5276,0.2235,4,1,51078.22,6,28397.43,2,257.92,Self-employed,1,540.84
40,68797.99,0.2366,0.5635,3,13,14774.28,100,12870.27,2,503.85,Full-time,1,646.48
33,44145.75,0.2349,0.2574,5,2,13942.99,101,4478.06,3,340.58,Full-time,1,674.35
56,56972.93,0.5607,0.5554,0,7,2503.16,62,6089.6,0,897.25,Unemployed,1,594.61
25,174391.94,0.249,0.2082,2,3,50269.7,56,9432.8,3,267.78,Part-time,1,719.92
59,69082.93,0.3396,0.5986,1,6,6970.08,119,32840.78,2,555.03,Self-employed,1,672.64
37,38778.18,0.1997,0.3647,2,4,25242.83,115,5546.54,0,588.89,Full-time,1,744.75
47,71764.91,0.4327,0.6616,1,8,22132.44,61,2891.18,3,158.0,Full-time,1,580.62
28,36015.04,0.4131,0.2723,4,1,36071.13,138,10667.05,2,377.57,Full-time,1,672.99
39,38578.3,0.2516,0.3091,2,15,9742.89,57,8903.49,2,170.55,Full-time,1,694.74
56,41418.98,0.2908,0.2214,0,12,26954.36,78,33191.16,2,299.3,Full-time,1,772.41
33,54179.65,0.2897,0.251,1,12,56384.08,170,16620.3,2,91.75,Full-time,1,817.01
27,100874.86,0.2932,0.0799,2,14,21221.26,125,24479.58,1,258.78,Full-time,1,796.23
45,85843.33,0.4514,0.138,0,1,9766.17,80,9562.57,2,451.9,Part-time,1,746.75
28,83729.61,0.211,0.2034,0,10,6457.33,105,4745.52,2,239.21,Self-employed,1,823.35
35,40355.54,0.3847,0.2242,0,4,51136.75,82,40755.31,1,441.48,Unemployed,1,746.87
42,51865.47,0.1205,0.3383,1,15,13260.81,33,8092.11,1,1064.97,Full-time,1,731.78
47,74787.09,0.4519,0.2722,1,12,15239.3,15,23162.57,2,557.87,Full-time,1,633.88
51,49874.05,0.3527,0.09,1,2,105868.61,149,9770.97,3,682.11,Full-time,1,820.86
52,58380.38,0.1683,0.1851,0,15,34408.4,166,23364.1,0,135.45,Full-time,0,850.0
60,80709.49,0.3189,0.1236,1,11,40213.58,160,17270.05,1,136.19,Full-time,1,831.76
24,56559.72,0.2917,0.2654,1,10,56904.08,68,14897.12,1,261.7,Full-time,1,727.81
38,73256.83,0.3699,0.1298,0,3,6051.25,76,18982.73,2,148.8,Full-time,1,769.91
21,135500.12,0.1164,0.1124,1,11,52802.12,123,10884.44,1,76.48,Full-time,0,850.0
21,61246.6,0.5301,0.1528,3,7,58082.68,66,3136.53,1,278.91,Full-time,1,632.77
30,112499.27,0.2679,0.3861,1,5,13196.33,121,17078.31,2,444.34,Full-time,1,748.94
49,85111.42,0.1683,0.4557,0,4,30528.1,89,35370.63,3,239.0,Unemployed,1,759.75
63,34191.8,0.2879,0.2887,0,3,35499.52,159,12865.54,2,311.75,Self-employed,1,823.96
57,40297.24,0.2908,0.5477,1,15,10987.55,155,10234.01,0,339.28,Part-time,1,730.0
51,45473.36,0.2459,0.1454,2,8,34206.27,158,16679.7,2,252.93,Full-time,1,821.55
57,45040.81,0.2342,0.5584,0,5,11560.34,145,30710.24,3,183.96,Full-time,1,760.97
29,63536.49,0.1501,0.1641,2,10,110684.02,30,10520.74,3,440.55,Full-time,1,738.94
60,87254.97,0.397,0.1771,2,6,20194.48,140,3750.38,1,294.35,Part-time,1,753.29
62,116403.9,0.1616,0.2767,3,10,26821.55,22,15279.3,0,204.27,Full-time,1,675.68
25,76014.45,0.2984,0.2862,0,1,5771.55,130,18213.09,0,894.66,Self-employed,1,797.26
43,54146.26,0.5028,0.1324,1,4,23794.27,160,15490.72,1,379.13,Full-time,1,774.39
60,25925.74,0.2556,0.2254,0,12,42361.35,153,8774.32,2,140.36,Full-time,1,844.47
43,68306.85,0.3965,0.3457,1,2,9641.03,51,17752.55,4,291.68,Self-employed,1,662.12
60,66942.99,0.2732,0.5656,0,17,12511.8,129,10979.64,3,559.44,Part-time,1,734.14
64,71848.71,0.4252,0.4432,0,6,10964.19,151,9213.58,3,295.6,Self-employed,1,737.47
43,170724.79,0.4149,0.2329,2,10,8038.91,10,10478.78,2,286.75,Self-employed,1,625.64
23,115643.61,0.4402,0.2867,3,14,7282.67,75,15476.53,0,364.13,Part-time,1,633.77
36,94209.6,0.5219,0.4657,3,9,37066.76,32,16961.26,1,185.13,Full-time,1,528.67
31,42918.8,0.2212,0.3458,1,5,7435.49,64,8633.2,3,96.47,Unemployed,1,725.52
43,52530.66,0.325,0.2108,1,15,5174.23,161,15822.53,2,688.14,Self-employed,1,808.97
48,63406.39,0.4295,0.2721,2,12,12425.38,34,18482.24,2,438.21,Part-time,1,631.46
42,46679.8,0.1669,0.5296,2,13,18678.41,122,21456.89,0,385.17,Part-time,1,719.2
30,82884.97,0.2994,0.1835,2,5,27071.42,175,20122.42,2,348.04,Full-time,1,810.14
35,77699.88,0.258,0.4998,1,2,9689.77,150,40428.17,4,367.99,Full-time,1,747.65
52,40548.8,0.6502,0.3717,1,4,11946.94,14,23938.84,3,977.81,Self-employed,1,548.68
22,113387.62,0.6986,0.1521,1,13,26334.76,169,73390.28,1,231.47,Full-time,1,718.23
31,69288.88,0.2077,0.2397,0,4,33967.41,95,32106.06,0,669.03,Part-time,1,806.93
62,30391.49,0.4613,0.4466,2,14,43064.06,179,31249.5,3,683.05,Part-time,1,699.13
25,64659.85,0.2847,0.4104,1,8,25227.07,130,4710.93,3,474.16,Part-time,1,745.32
40,75097.53,0.5674,0.3177,0,6,5650.98,136,25409.13,2,672.79,Full-time,1,713.69
30,102514.2,0.3943,0.25,0,5,9772.94,76,27540.2,4,413.87,Self-employed,1,732.54
25,56847.96,0.3742,0.3682,3,2,43380.85,30,12866.99,2,279.08,Full-time,1,595.69
40,96045.01,0.3194,0.0966,1,7,62289.67,55,2343.56,3,455.28,Full-time,1,750.86
45,71985.06,0.2544,0.4866,2,16,16960.07,91,1844.86,0,1343.97,Self-employed,1,677.86
29,36615.45,0.3641,0.5161,2,10,15947.01,30,10534.21,1,437.56,Full-time,1,586.74
24,35002.51,0.5145,0.2596,1,14,8949.29,6,8456.86,4,474.45,Part-time,1,610.75
27,109661.32,0.3214,0.3613,0,15,48738.46,37,3760.49,3,115.4,Full-time,1,694.09
51,113345.15,0.4495,0.1607,1,12,8596.96,140,18565.56,0,172.52,Part-time,1,766.64
61,76520.13,0.5596,0.4243,2,14,71196.92,170,5097.67,1,275.82,Full-time,1,667.71
29,129711.5,0.5987,0.1601,1,8,17031.88,148,3242.42,5,364.01,Part-time,1,728.7
36,106454.66,0.3622,0.3362,2,8,9877.91,76,77175.34,2,534.29,Full-time,1,670.62
37,90006.12,0.2133,0.1766,1,8,5176.18,92,20516.11,2,876.62,Unemployed,1,793.53
37,43910.55,0.6242,0.4235,2,6,14923.32,8,9302.2,1,183.77,Full-time,1,513.53
32,144226.89,0.3882,0.4714,1,1,16508.43,95,4021.16,2,357.42,Full-time,1,669.86
23,84232.46,0.2951,0.2126,2,12,14426.87,72,6293.04,4,571.63,Full-time,1,718.32
45,55624.14,0.2574,0.4017,2,12,18097.52,69,7870.31,2,229.54,Full-time,1,679.86
37,48985.45,0.1431,0.2051,2,8,47568.55,111,8416.17,3,926.18,Self-employed,1,798.3
37,74276.71,0.4412,0.1617,5,12,27810.8,77,10155.2,1,387.84,Full-time,1,616.38
33,31195.32,0.2655,0.4042,1,13,20668.26,112,4895.86,2,285.25,Full-time,1,737.63
64,90658.32,0.2996,0.3509,1,16,40101.91,151,6358.45,4,329.91,Full-time,1,773.23
49,43083.4,0.3288,0.2305,1,15,9495.79,19,3120.01,0,117.27,Full-time,1,684.57
40,78180.35,0.5988,0.2132,0,6,29713.41,162,2482.62,1,780.03,Full-time,1,752.06
30,52327.16,0.4593,0.1676,0,5,29320.61,49,3621.98,3,415.06,Full-time,1,711.14
58,58747.95,0.4408,0.4048,1,9,51523.24,131,7956.03,3,838.48,Self-employed,1,700.73
62,47069.97,0.4826,0.4266,0,7,6908.89,133,10282.8,3,372.54,Unemployed,1,709.4
22,61540.25,0.3521,0.3104,1,12,9834.74,178,19841.27,1,1058.13,Full-time,1,790.1
64,154851.33,0.2318,0.2195,0,1,10228.07,177,19014.35,3,165.05,Full-time,1,850.0
53,123411.16,0.251,0.2221,1,5,25203.35,39,22702.03,0,604.66,Full-time,1,726.68
25,77614.96,0.5095,0.2095,2,8,21095.01,93,10309.07,0,285.86,Part-time,1,672.28
56,65422.24,0.3771,0.2603,0,2,26834.13,163,23320.01,0,848.57,Full-time,1,807.63
26,96750.48,0.2806,0.3757,0,8,4126.53,18,2160.7,1,297.87,Full-time,1,686.9
23,110027.62,0.6144,0.2373,1,3,50540.82,118,22319.04,4,119.11,Full-time,1,679.69
26,45550.72,0.4759,0.2674,1,16,21258.37,157,12915.29,1,178.91,Self-employed,1,746.21
42,63904.98,0.4248,0.2009,2,2,26550.26,84,30255.77,3,200.95,Full-time,1,692.33
50,29147.34,0.3969,0.0872,0,7,23370.36,80,1369.25,2,210.33,Full-time,1,775.8
40,109688.08,0.3018,0.2162,2,5,11620.49,74,29006.51,1,169.3,Self-employed,1,717.08
26,167587.51,0.3972,0.5291,1,8,25916.01,132,3353.27,2,649.58,Full-time,1,683.56
30,68599.27,0.3249,0.1533,0,13,19022.13,32,34589.42,3,405.0,Self-employed,1,740.87
61,25431.54,0.3095,0.3109,2,6,18846.13,46,6524.94,5,240.67,Self-employed,1,667.76
66,87029.35,0.1528,0.1894,3,13,25469.43,18,19017.67,1,350.46,Full-time,1,696.81
56,44053.49,0.5419,0.2915,1,2,16784.92,157,12416.02,1,791.79,Full-time,1,720.39
25,49094.03,0.4461,0.1236,1,17,6957.1,141,31653.98,3,461.08,Part-time,1,777.77
59,87724.75,0.3863,0.2949,0,11,15882.11,50,15191.9,3,279.56,Self-employed,1,702.05
53,74202.22,0.4398,0.4835,2,16,56247.41,110,50755.82,0,233.85,Full-time,1,638.85
45,53122.25,0.6201,0.1782,2,4,12241.71,125,7244.23,4,827.51,Part-time,1,673.59
27,49398.61,0.3264,0.2716,2,12,19261.41,39,5543.16,0,243.27,Full-time,1,666.68
67,70026.3,0.2052,0.3116,1,9,32339.52,73,7665.39,2,84.61,Full-time,1,746.37
41,55035.87,0.4912,0.1649,1,5,79500.66,65,22887.14,4,601.08,Full-time,1,690.58
23,40168.7,0.3557,0.1538,2,14,15077.81,67,23707.75,4,150.89,Full-time,1,710.67
30,56973.79,0.3447,0.1649,1,9,7638.59,120,4473.66,3,607.54,Part-time,1,780.36
39,77096.77,0.1574,0.2799,3,13,28875.9,36,6497.41,3,220.07,Full-time,1,687.8
23,61074.73,0.4592,0.1217,0,1,10212.95,46,17071.2,2,193.69,Unemployed,1,720.15
36,35028.63,0.3006,0.543,0,2,22175.03,151,38506.34,2,96.92,Full-time,1,749.9
43,103267.61,0.5175,0.37,0,14,27562.7,36,7354.24,1,427.69,Self-employed,1,632.25
65,20000.0,0.331,0.4846,1,8,12893.02,81,3973.67,1,555.11,Unemployed,1,672.05
25,54129.56,0.3782,0.4215,0,4,14906.53,135,31341.22,1,382.37,Full-time,1,743.66
48,50056.65,0.2133,0.1774,1,14,31998.79,76,3023.03,4,304.98,Self-employed,1,779.99
64,70733.92,0.2536,0.3621,2,3,38747.89,84,21140.66,0,237.18,Part-time,1,703.4
58,85199.24,0.5096,0.2904,1,1,18600.62,22,2114.79,3,276.25,Full-time,1,617.85
64,109869.02,0.349,0.3302,2,10,20292.83,79,12060.32,1,369.71,Full-time,1,678.58
29,48022.16,0.4435,0.3104,0,3,8211.12,28,9894.74,1,314.41,Full-time,1,662.68
58,86160.06,0.1575,0.3888,0,13,19587.63,30,6869.93,2,283.95,Full-time,1,730.55
66,72266.67,0.3375,0.5677,1,8,13709.52,68,45414.61,3,275.32,Self-employed,1,638.49
36,30632.21,0.3239,0.505,1,16,19054.48,115,12446.15,0,691.58,Full-time,1,697.41
44,155631.0,0.2311,0.13,1,9,48666.7,10,11579.65,3,140.06,Full-time,1,731.5
45,34632.62,0.2775,0.2715,2,4,8198.35,23,10739.74,6,1565.16,Self-employed,1,668.04
44,79919.39,0.2246,0.4123,1,9,41058.16,109,6954.89,2,1024.05,Part-time,1,745.38
34,78864.15,0.3369,0.2816,2,12,20667.65,111,63164.95,2,187.24,Part-time,1,721.03
66,74909.54,0.3311,0.186,0,16,17696.82,36,9697.85,3,764.9,Full-time,1,734.17
65,52967.85,0.3211,0.4165,0,3,9817.15,13,64637.82,2,319.74,Full-time,1,660.38
38,96015.38,0.3772,0.4353,0,13,21931.29,131,6622.76,1,110.85,Full-time,1,737.18
58,32788.55,0.2495,0.4799,2,11,82456.75,173,13568.16,3,473.53,Self-employed,1,749.34
39,64239.72,0.4217,0.2576,4,17,3031.16,117,8897.57,1,276.37,Full-time,1,656.59
58,51341.59,0.2987,0.4687,0,10,4587.7,45,6748.2,0,729.21,Self-employed,1,680.72
48,48786.84,0.2612,0.2632,0,17,15934.63,86,11377.06,0,1087.99,Full-time,1,777.51
43,80252.77,0.3794,0.2024,1,10,22672.46,157,54996.47,2,157.46,Full-time,1,791.41
27,107459.07,0.3732,0.6667,0,1,34810.33,38,39913.59,2,224.46,Unemployed,1,603.03
51,56700.31,0.5,0.3136,2,2,24747.42,15,13640.95,1,333.35,Self-employed,1,584.1
36,94024.11,0.3412,0.0809,1,2,5737.69,140,4180.98,2,439.76,Full-time,1,819.08
31,67668.99,0.3025,0.1912,0,10,27757.96,118,17565.18,3,199.32,Full-time,1,809.78
30,44279.21,0.1851,0.2586,1,14,15981.97,178,8521.66,3,513.07,Full-time,1,850.0
67,58919.16,0.2977,0.3277,1,10,33513.99,90,5882.12,1,147.37,Full-time,1,728.77
25,57828.17,0.5467,0.2229,0,16,10916.62,128,22991.24,3,163.8,Part-time,1,736.93
58,48363.61,0.3668,0.4068,0,9,6171.61,83,4498.08,3,633.05,Part-time,1,707.43
61,80243.2,0.3783,0.4558,0,12,13151.24,131,14592.84,2,335.38,Unemployed,1,731.73
22,73540.44,0.4172,0.5042,1,4,25431.02,122,19527.15,3,319.95,Part-time,1,675.46
48,32344.77,0.338,0.4001,2,1,23577.97,37,23390.85,3,576.68,Part-time,1,629.41
48,31470.73,0.3683,0.2197,0,13,18248.27,151,4490.72,1,51.02,Unemployed,1,810.42
37,80106.16,0.1668,0.2857,0,2,11753.5,74,55332.47,3,302.21,Full-time,1,790.2
52,45849.57,0.256,0.2644,0,17,16442.52,86,16758.3,1,384.44,Unemployed,1,778.77
40,75804.92,0.3395,0.4948,1,17,50880.23,17,13057.94,0,150.39,Full-time,1,613.62
41,94034.71,0.5852,0.3259,1,4,107635.0,51,4230.4,0,342.1,Self-employed,1,610.46
41,37349.37,0.3079,0.1717,0,2,24292.09,17,6478.25,0,682.78,Self-employed,1,728.87
58,35059.72,0.2736,0.2363,1,16,36961.0,169,9623.8,2,509.6,Self-employed,1,824.68
50,140574.69,0.3313,0.3397,3,16,10838.26,82,12723.28,0,61.02,Full-time,1,659.02
38,77513.46,0.3972,0.2094,3,10,46503.91,27,17449.52,2,338.5,Full-time,1,625.99
64,54794.31,0.4361,0.1774,2,7,14122.99,47,9646.51,2,693.35,Full-time,1,663.99
58,43465.67,0.3108,0.2208,1,8,7429.8,119,44594.22,3,546.18,Self-employed,1,775.73
64,52591.07,0.3243,0.2192,1,16,40400.49,117,9438.11,2,302.93,Full-time,1,770.41
55,38725.07,0.181,0.2366,1,10,19201.62,110,15350.08,1,607.77,Self-employed,1,803.22
39,98472.78,0.3525,0.4025,2,4,47841.26,167,34227.02,3,657.0,Full-time,1,732.79
57,46651.58,0.3672,0.1673,1,12,32159.29,174,8164.48,4,245.47,Part-time,1,818.02
36,108238.3,0.2675,0.3643,1,17,7291.35,78,4074.24,0,583.72,Full-time,1,718.68
33,55255.16,0.3141,0.2668,2,1,20521.41,127,9154.32,0,244.35,Part-time,1,744.9
42,41377.5,0.5764,0.3609,1,9,9626.17,25,28282.99,0,221.04,Self-employed,1,582.69
66,54620.49,0.2335,0.5356,2,10,43680.29,17,13802.38,0,426.1,Part-time,1,610.22
47,20315.21,0.4411,0.3765,0,14,19155.45,39,23137.47,2,173.2,Part-time,1,656.04
39,62671.0,0.3766,0.2046,1,10,11375.49,72,4267.38,2,310.08,Part-time,1,720.87
42,61294.56,0.5766,0.354,1,4,4354.09,83,3303.63,4,223.91,Full-time,1,632.69
34,95907.0,0.386,0.2862,0,11,40795.9,174,21332.43,2,312.91,Full-time,1,807.65
51,28315.45,0.183,0.3531,1,3,14187.9,84,17544.86,2,899.68,Self-employed,1,751.82
37,111618.25,0.5361,0.1498,0,10,15013.95,86,5986.93,0,1154.47,Part-time,1,723.39
47,95728.34,0.4097,0.1891,2,4,25302.74,99,4921.0,1,174.78,Self-employed,1,712.32
38,116240.85,0.5241,0.5015,0,17,9709.8,20,11332.35,4,983.09,Self-employed,1,584.06
36,64619.75,0.2828,0.252,1,13,6230.99,162,12548.1,1,232.42,Self-employed,1,812.16
66,104428.05,0.2571,0.1664,0,13,20642.56,47,4624.89,3,598.24,Self-employed,1,770.44
37,34130.28,0.6655,0.4696,1,1,9398.18,164,12292.8,0,210.15,Full-time,1,644.62
24,91205.58,0.3781,0.2211,0,8,17089.65,135,3801.07,1,441.3,Part-time,1,793.8
38,46769.04,0.7519,0.2248,2,12,9840.21,116,7591.49,2,523.39,Full-time,1,614.9
46,31472.49,0.3019,0.2356,0,9,6964.18,160,4268.35,2,629.84,Self-employed,1,833.86
25,39900.21,0.4897,0.4273,1,2,5716.04,30,11895.32,5,1005.86,Unemployed,1,596.26
35,66336.07,0.3998,0.1961,0,9,19354.91,131,7575.63,2,277.11,Self-employed,1,790.2
28,45663.99,0.3401,0.1932,1,12,38853.47,32,41111.75,4,544.87,Full-time,1,701.34
44,78372.87,0.2646,0.1174,4,13,35759.79,179,16916.23,5,431.84,Part-time,1,790.44
54,29327.86,0.2359,0.3628,1,6,18350.25,56,4278.47,3,918.65,Full-time,1,710.2
66,25407.66,0.4809,0.2318,1,10,48890.16,64,28320.17,0,708.1,Part-time,1,676.11
39,122709.41,0.5541,0.2809,2,16,12394.97,131,11034.64,1,646.4,Full-time,1,672.71
61,99380.39,0.38,0.1807,3,17,31989.95,75,24819.14,3,83.76,Full-time,1,678.32
31,41266.92,0.4065,0.2216,1,6,12778.59,151,4346.62,2,1128.3,Full-time,1,773.48
57,66081.9,0.5045,0.1898,0,12,10849.43,73,21751.78,3,136.37,Full-time,1,712.03
47,104692.02,0.2539,0.3224,0,16,31784.56,118,74535.46,0,155.86,Full-time,1,791.56
56,79908.72,0.6497,0.287,1,2,24412.3,36,21441.61,2,283.0,Unemployed,1,588.34
56,70735.33,0.6111,0.1524,1,10,28020.49,152,7885.6,1,388.54,Full-time,1,730.24
46,108317.21,0.5512,0.5466,3,13,6361.64,7,34692.17,1,548.8,Self-employed,1,478.82
33,47628.16,0.1794,0.3745,2,4,37060.29,45,7300.35,1,546.81,Part-time,1,690.06
45,67106.1,0.3494,0.3698,1,6,28969.93,142,19687.19,2,381.47,Full-time,1,746.06
59,65641.81,0.3354,0.3352,2,15,13602.71,123,88155.98,1,613.96,Full-time,1,718.08
66,58527.8,0.1414,0.146,0,3,27121.4,34,7988.19,0,1435.42,Full-time,1,799.41
64,55524.94,0.1619,0.1812,3,6,38844.86,51,20190.31,0,908.73,Full-time,1,723.63
29,68376.93,0.2286,0.0817,1,15,10773.55,53,71868.27,1,284.46,Full-time,1,780.16
49,67203.69,0.3183,0.2319,3,11,10823.08,118,30170.17,0,302.29,Full-time,1,719.87
25,41283.06,0.2994,0.4228,1,11,14736.0,63,23972.82,1,220.46,Self-employed,1,681.98
52,94921.75,0.5657,0.5535,2,10,3808.57,8,2461.42,2,530.73,Part-time,1,498.58
67,42643.35,0.119,0.1514,0,7,22721.6,71,5767.1,0,183.48,Full-time,0,835.62
23,59981.71,0.544,0.1821,1,14,34118.07,110,27316.86,0,203.78,Unemployed,1,707.94
51,57937.71,0.1945,0.2549,2,5,26877.53,72,10047.28,3,380.88,Self-employed,1,737.92
65,77741.67,0.2538,0.4209,4,5,25222.07,160,8588.25,4,407.23,Part-time,1,701.97
60,25499.22,0.4795,0.333,4,8,36917.49,118,35542.28,4,460.21,Self-employed,1,621.23
39,98805.59,0.2498,0.1796,1,3,16811.79,49,22941.58,3,92.06,Self-employed,1,745.99
25,48793.6,0.2435,0.1301,0,11,6001.95,117,6500.99,2,209.5,Full-time,1,841.92
64,114574.84,0.2616,0.1288,1,16,19743.96,156,24976.12,2,405.21,Unemployed,1,844.32
64,53360.49,0.3018,0.159,0,13,44845.46,173,5770.77,2,773.65,Part-time,1,850.0
48,64732.61,0.408,0.098,0,6,23222.19,12,3380.3,4,302.67,Full-time,1,713.1
67,156561.43,0.5038,0.2774,1,2,13900.16,51,17073.33,3,964.37,Full-time,1,647.01
21,58407.4,0.234,0.3511,2,11,31222.92,119,4541.11,1,712.23,Self-employed,1,741.19
49,115552.75,0.519,0.2814,1,10,23630.32,6,4475.36,2,108.18,Full-time,1,603.95
22,67344.08,0.4111,0.4945,1,15,15505.46,77,5458.23,1,651.33,Unemployed,1,642.21
64,79772.85,0.1695,0.3833,1,9,19601.33,108,14916.49,0,217.76,Self-employed,1,768.32
52,68287.46,0.322,0.5437,2,2,14441.11,7,25261.3,0,476.25,Part-time,1,573.31
63,96909.54,0.522,0.1333,1,16,27733.17,23,10084.63,1,203.47,Full-time,1,654.24
47,48606.41,0.3943,0.0596,1,5,9605.32,116,4643.84,2,143.34,Full-time,1,788.48
24,42496.55,0.4644,0.2461,0,14,22719.22,86,4958.35,3,172.16,Unemployed,1,720.82
22,49644.39,0.3815,0.2241,0,2,33139.66,31,3446.5,2,463.19,Full-time,1,705.36
36,69207.86,0.5933,0.086,0,17,21301.75,6,23728.7,2,535.17,Full-time,1,655.51
55,59911.97,0.2805,0.1852,0,16,21471.63,90,5986.65,0,133.67,Full-time,1,794.55
28,91091.86,0.3817,0.6423,1,2,18939.6,166,15618.32,6,194.77,Full-time,1,688.25
61,119029.81,0.4792,0.4625,0,16,26218.46,46,2773.45,5,211.4,Unemployed,1,628.95
32,42653.85,0.6006,0.2032,2,14,14023.76,77,37899.43,0,122.49,Full-time,1,633.19
44,47558.84,0.2725,0.5566,2,16,16458.96,24,12726.29,2,290.18,Self-employed,1,599.1
30,34672.16,0.231,0.2527,3,4,9597.91,70,3388.48,1,1084.19,Full-time,1,700.86
42,164994.57,0.4044,0.3663,2,7,14929.02,22,7686.73,1,429.78,Full-time,1,605.44
42,75894.63,0.1986,0.4731,1,9,4432.92,43,15007.11,3,334.43,Self-employed,1,682.98
21,82117.88,0.1453,0.12,0,9,18397.55,114,6053.22,1,566.33,Self-employed,0,850.0
47,36203.32,0.2885,0.5211,1,13,27755.95,86,17493.05,2,644.41,Unemployed,1,679.84
57,66136.33,0.4841,0.2537,1,16,17207.54,38,38066.75,2,222.61,Part-time,1,648.01
65,83213.23,0.1802,0.2194,1,15,34366.75,27,27927.31,1,220.17,Self-employed,1,738.59
36,59057.04,0.3073,0.4815,0,16,45924.86,57,12568.55,1,281.65,Unemployed,1,684.94
62,107373.38,0.2754,0.3843,1,6,17831.97,149,43213.24,5,128.47,Full-time,1,770.47
62,187273.24,0.7625,0.2844,3,1,8977.29,38,15141.82,0,173.64,Full-time,1,506.82
67,43209.76,0.1641,0.4306,0,4,38716.67,60,11514.96,1,553.05,Part-time,1,743.12
38,41775.31,0.6649,0.199,0,4,33605.75,25,11776.3,1,179.76,Self-employed,1,621.61
60,44578.63,0.3213,0.3265,2,14,24692.72,111,13810.52,2,184.78,Full-time,1,714.48
47,136323.99,0.2699,0.1723,3,7,12492.42,3,18544.61,2,839.92,Self-employed,1,653.45
23,105773.99,0.3769,0.3509,1,7,23495.31,38,5989.05,2,1138.78,Self-employed,1,655.87
33,62256.14,0.6532,0.3029,1,13,14501.31,88,33560.05,0,322.85,Part-time,1,626.65
52,67268.8,0.3378,0.3864,3,2,10790.42,120,38581.91,1,495.34,Full-time,1,677.06
28,45823.64,0.5066,0.1927,2,7,23188.47,139,104646.97,2,434.4,Self-employed,1,715.68
41,98766.35,0.1655,0.1439,0,7,9125.08,134,2978.5,0,310.53,Unemployed,0,850.0
57,55772.95,0.1516,0.2483,0,4,30610.92,15,13191.83,3,650.08,Full-time,1,754.94
28,58862.86,0.4979,0.2095,0,6,21962.54,106,6484.94,0,161.13,Full-time,1,736.59
44,87025.41,0.2709,0.2957,3,15,16679.98,33,22251.52,2,314.07,Unemployed,1,647.31
31,60803.48,0.3371,0.1612,1,12,17516.28,108,36279.85,1,350.28,Full-time,1,773.57
46,59531.76,0.6407,0.2153,0,6,8508.17,160,13287.95,2,128.63,Unemployed,1,737.3
32,66486.81,0.2941,0.3444,4,15,8873.16,7,9913.19,2,347.12,Full-time,1,581.5
66,94647.05,0.4729,0.3058,1,2,60656.76,164,8554.57,4,185.81,Part-time,1,743.35
24,138818.4,0.2729,0.1216,0,15,16225.93,166,10964.4,2,429.5,Full-time,1,850.0
66,86117.58,0.3615,0.2581,0,11,6655.62,173,17801.19,0,451.33,Full-time,1,821.19
58,94986.63,0.1569,0.2789,2,4,34302.23,8,17704.2,1,561.99,Full-time,1,689.87
61,60479.86,0.5273,0.0972,0,15,8804.03,114,46187.27,1,373.68,Part-time,1,762.51
61,48121.82,0.5219,0.3635,2,3,27000.95,49,11315.15,3,429.01,Self-employed,1,593.39
29,88813.49,0.527,0.0919,2,10,50611.27,5,28232.41,2,559.17,Full-time,1,623.09
64,71471.81,0.1606,0.2159,1,11,15491.23,14,6124.11,0,1273.4,Self-employed,1,734.51
48,34885.17,0.4715,0.222,0,17,40555.42,25,4452.26,2,141.52,Full-time,1,673.88
66,57089.11,0.484,0.2361,0,4,30142.34,76,30804.67,3,967.96,Full-time,1,709.11
62,63748.21,0.2123,0.6507,0,15,54246.76,41,18657.41,3,83.42,Full-time,1,657.8
48,52590.67,0.4233,0.2588,0,3,27100.07,17,8440.93,2,213.1,Self-employed,1,672.48
38,128898.56,0.4507,0.3185,1,5,12455.79,65,6051.34,4,505.2,Full-time,1,664.33
26,82119.24,0.111,0.2031,0,1,4196.1,88,8839.79,4,215.21,Full-time,1,839.26
25,122752.91,0.2911,0.3927,3,6,10358.47,64,15944.18,0,341.6,Full-time,1,642.83
39,74499.03,0.3475,0.2068,3,13,12688.37,113,15151.09,1,532.09,Unemployed,1,713.22
59,68639.57,0.2167,0.6865,2,4,36129.53,34,3879.41,2,133.68,Part-time,1,591.7
44,43413.73,0.1498,0.2939,0,2,42189.01,60,4508.58,2,671.56,Part-time,1,781.58
43,66527.34,0.4027,0.2719,3,10,8373.11,34,14926.06,1,241.54,Unemployed,1,614.55
32,66561.01,0.1734,0.6319,2,1,42448.39,42,21858.79,1,760.35,Full-time,1,625.0
47,35767.64,0.3192,0.1282,3,12,10494.63,171,6803.99,3,408.79,Full-time,1,789.69
50,51907.19,0.6603,0.3101,1,13,10063.26,116,3978.3,1,305.55,Full-time,1,646.05
67,57212.22,0.1511,0.1186,0,13,6846.43,19,13694.25,4,116.27,Full-time,0,790.85
55,79703.26,0.4448,0.4665,2,2,22843.72,32,2045.3,1,205.44,Part-time,1,576.6
49,81438.84,0.2941,0.2845,1,10,11968.33,6,9586.85,4,400.14,Full-time,1,670.64
63,50940.15,0.2549,0.3105,2,6,45211.78,153,22127.59,3,539.9,Full-time,1,773.4
40,81714.87,0.4177,0.3364,1,3,9550.16,7,10833.33,0,245.92,Full-time,1,621.42
64,60965.57,0.26,0.373,0,3,30107.95,16,3523.85,2,627.56,Full-time,1,692.08
38,20000.0,0.4029,0.2173,1,5,7718.45,101,48055.14,1,616.68,Self-employed,1,733.97
27,53203.75,0.5428,0.1164,3,13,37135.02,85,13424.26,1,472.6,Self-employed,1,653.89
40,107532.12,0.617,0.1322,1,8,19574.52,42,15947.0,0,166.85,Full-time,1,641.85
27,31044.83,0.4443,0.3366,0,2,22138.53,85,28179.24,3,202.46,Full-time,1,703.39
26,69613.31,0.4185,0.2343,1,5,14032.17,88,11448.87,1,780.86,Part-time,1,714.21
62,135045.57,0.3181,0.4443,0,4,13486.65,27,10570.65,2,205.13,Self-employed,1,666.0
58,46991.6,0.2803,0.2929,4,1,25533.36,85,37908.79,1,420.08,Part-time,1,663.52
31,66235.18,0.2584,0.2611,5,15,63956.3,146,6663.62,4,248.96,Part-time,1,703.87
60,36797.78,0.243,0.4522,1,16,8649.33,162,29070.52,0,421.24,Full-time,1,774.05
24,137620.34,0.3476,0.3969,2,1,14207.92,112,5110.56,2,269.37,Part-time,1,689.83
34,63735.71,0.1973,0.3103,2,9,11744.96,31,7192.16,0,452.71,Part-time,1,689.07
54,67574.24,0.3574,0.3176,1,15,6258.97,142,17112.63,2,519.44,Full-time,1,756.71
35,121714.72,0.3552,0.1202,3,11,6204.06,58,44984.92,2,163.78,Full-time,1,686.72
55,89113.43,0.2216,0.4186,0,6,10799.31,30,15143.13,1,106.44,Part-time,1,703.87
62,44621.32,0.2802,0.4128,2,2,13668.48,123,4063.81,4,1016.35,Full-time,1,715.24
24,49450.38,0.2568,0.2865,3,2,48594.41,35,24450.58,2,233.67,Full-time,1,655.5
22,82678.85,0.385,0.448,3,16,36044.81,96,6801.2,5,162.53,Full-time,1,627.5
65,49968.37,0.484,0.4624,2,11,10154.88,92,22881.66,3,546.63,Full-time,1,615.87
45,25520.58,0.3116,0.4196,3,15,30976.61,106,17057.8,1,319.86,Full-time,1,664.95
44,64604.65,0.3413,0.2686,3,17,10305.76,65,3729.32,1,312.9,Self-employed,1,659.63
42,33992.81,0.398,0.3568,1,7,16958.49,85,18146.16,0,121.7,Unemployed,1,687.23
41,136943.92,0.1668,0.2827,2,12,22621.33,24,4676.96,4,425.88,Full-time,1,699.29
53,71650.43,0.4528,0.2176,0,4,78984.14,148,42162.71,3,217.92,Part-time,1,783.09
48,44031.97,0.2016,0.3103,1,12,21767.36,121,3509.6,5,204.86,Part-time,1,787.78
28,48320.7,0.1585,0.6414,1,14,6408.6,24,11666.55,1,135.05,Self-employed,1,637.1
50,28276.07,0.3361,0.1039,2,10,30361.71,148,5977.59,2,554.38,Full-time,1,796.53
52,40345.78,0.5587,0.3879,0,10,39975.97,171,44321.17,5,285.99,Full-time,1,727.92
26,104542.13,0.3178,0.5106,1,8,33590.98,139,3581.72,2,252.29,Self-employed,1,717.84
38,180647.66,0.298,0.2242,0,15,8991.56,35,96851.74,2,411.96,Self-employed,1,733.72
58,91755.11,0.5055,0.1543,2,9,19673.55,122,9827.34,1,499.81,Unemployed,1,711.44
50,63486.39,0.2803,0.1718,0,9,17808.93,36,8269.62,3,582.71,Full-time,1,752.96
27,54481.6,0.2525,0.6337,3,7,62234.28,143,25763.57,2,387.37,Part-time,1,659.99
22,43026.73,0.2077,0.5587,0,16,27770.21,43,12976.34,1,441.74,Full-time,1,683.85
48,167191.42,0.426,0.3679,0,2,59976.04,165,6486.28,4,359.09,Self-employed,1,767.72
42,60782.86,0.5507,0.4071,0,13,10975.86,134,6978.23,1,200.04,Part-time,1,694.68
66,171447.68,0.6673,0.4267,2,8,15495.32,148,8755.35,1,683.92,Full-time,1,616.47
45,123881.88,0.3989,0.1855,0,6,12378.34,108,7412.5,1,326.67,Full-time,1,773.96
64,30231.56,0.2197,0.5384,0,8,35778.17,22,26603.18,0,958.27,Part-time,1,667.82
31,49036.56,0.3772,0.2704,1,13,40043.04,21,14373.04,4,544.45,Part-time,1,661.74
42,48968.36,0.2606,0.2416,2,6,23707.83,146,19797.97,2,166.92,Self-employed,1,783.09
27,63835.78,0.5667,0.2421,2,6,19270.69,157,9359.26,1,698.56,Unemployed,1,700.3
47,64399.34,0.3201,0.2799,2,17,24160.45,70,23102.17,1,406.79,Full-time,1,692.33
29,250000.0,0.3238,0.5131,2,8,6851.47,178,7407.21,4,283.43,Full-time,1,722.92
44,40751.48,0.4755,0.2797,0,14,13522.96,53,6106.43,1,147.99,Part-time,1,681.59
37,73352.84,0.3542,0.1478,3,7,14305.64,91,8665.3,1,361.64,Part-time,1,707.62
29,87328.18,0.5745,0.1781,1,17,17862.93,79,44842.11,4,266.77,Full-time,1,673.96
25,66124.37,0.3448,0.4402,3,8,11425.41,6,8188.18,1,574.05,Part-time,1,566.51
45,69534.71,0.5649,0.3749,1,7,9951.55,51,8508.27,0,506.55,Full-time,1,604.3
65,41350.34,0.3998,0.5049,1,13,5892.31,93,16085.81,2,363.3,Full-time,1,656.33
30,69419.2,0.4176,0.3305,1,14,24402.87,7,11955.8,2,118.56,Full-time,1,622.93
40,83293.81,0.686,0.1353,2,5,6903.57,105,5301.22,4,341.35,Full-time,1,647.88
31,76681.85,0.1731,0.4714,1,16,36301.85,93,4894.53,1,189.73,Part-time,1,732.72
59,85527.26,0.2277,0.4512,2,6,22623.74,37,25251.42,2,330.39,Full-time,1,649.72
40,124950.58,0.3074,0.1739,1,16,33540.26,97,4864.97,1,254.95,Unemployed,1,770.14
66,100874.75,0.4145,0.5455,3,9,9660.15,9,28329.98,0,794.4,Part-time,1,521.78
32,68328.52,0.4034,0.1621,0,10,66479.66,117,8982.12,1,147.68,Full-time,1,785.96
24,39054.32,0.144,0.2287,3,5,85288.19,89,1854.44,0,243.31,Self-employed,1,748.79
48,50513.59,0.2624,0.0576,0,3,18417.06,67,23154.51,3,491.83,Full-time,1,812.71
51,59943.99,0.387,0.2204,1,3,23751.36,157,26405.1,2,647.41,Full-time,1,784.63
67,74128.52,0.4674,0.4435,3,2,17872.93,150,21912.32,0,901.03,Self-employed,1,648.9
61,53356.46,0.4746,0.2058,2,12,36502.17,46,8988.84,4,540.42,Part-time,1,644.5
62,43430.62,0.2562,0.3744,2,11,31409.49,99,9875.7,1,530.63,Full-time,1,712.04
50,38766.46,0.1698,0.3093,0,11,5204.3,68,9074.84,2,714.47,Part-time,1,778.4
37,31475.67,0.4161,0.2186,0,16,10110.77,156,7238.51,1,808.29,Full-time,1,800.52
41,59532.17,0.2691,0.2272,1,17,23740.22,163,16958.51,1,970.94,Part-time,1,823.3
27,34154.53,0.4367,0.2862,1,9,30995.68,150,11220.85,1,941.7,Part-time,1,747.44
41,42182.61,0.1663,0.2237,2,13,20021.34,110,9002.07,1,481.56,Full-time,1,785.85
38,55422.68,0.6321,0.0692,1,2,5498.9,176,7294.32,1,195.31,Self-employed,1,764.74
22,36273.3,0.1846,0.3038,3,10,26625.0,103,15146.51,5,599.52,Full-time,1,729.5
30,78502.71,0.2802,0.5598,1,8,64691.95,115,39242.96,0,759.15,Full-time,1,696.82
46,92327.78,0.2745,0.4461,2,5,3614.51,61,14781.68,4,471.35,Full-time,1,656.96
38,51676.47,0.489,0.3229,0,7,34804.62,130,4222.58,1,502.59,Part-time,1,730.91
67,54357.49,0.3528,0.3509,0,4,65021.03,173,13084.52,1,152.88,Full-time,1,800.6
43,84275.24,0.2909,0.3457,4,9,34908.56,100,20112.21,5,355.7,Full-time,1,659.64
66,47987.81,0.3656,0.3651,0,9,17043.13,126,24424.25,3,253.05,Self-employed,1,754.04
52,46526.15,0.3099,0.3522,1,3,33786.41,52,20713.36,0,186.68,Unemployed,1,687.31
22,113371.39,0.3243,0.1764,0,8,16972.83,21,14968.94,0,275.07,Full-time,1,726.11
30,98507.16,0.2467,0.5095,2,6,26355.2,69,133825.16,1,565.74,Part-time,1,656.12
54,86742.35,0.4995,0.349,0,7,19116.89,11,4856.37,2,365.32,Self-employed,1,622.07
46,100362.12,0.1933,0.2485,3,16,19494.9,179,47396.94,2,196.88,Part-time,1,804.05
35,27179.67,0.3829,0.3198,2,8,10579.66,112,21386.47,2,317.4,Self-employed,1,698.51
45,121689.26,0.203,0.1815,2,12,13038.67,134,93884.44,0,659.75,Self-employed,1,805.39
63,78938.78,0.6955,0.2651,0,4,56235.1,50,3899.59,2,684.68,Unemployed,1,616.74
39,104281.75,0.3357,0.2157,0,17,11685.8,109,49330.25,2,275.87,Unemployed,1,786.2
23,78764.9,0.4311,0.284,2,8,4586.89,22,53763.38,4,606.48,Part-time,1,618.0
35,67644.15,0.173,0.437,0,6,150000.0,166,11688.58,3,662.14,Full-time,1,827.18
64,58460.75,0.1829,0.3566,3,1,13285.26,132,6485.07,2,793.39,Unemployed,1,740.98
56,78058.59,0.4353,0.3511,2,15,14943.54,54,81191.18,5,362.23,Full-time,1,626.64
60,57509.96,0.2469,0.0676,2,10,13609.87,156,6630.66,0,88.22,Full-time,1,839.03
63,97786.74,0.4844,0.3415,4,3,18235.97,99,32522.35,3,294.49,Full-time,1,601.81
26,32405.86,0.3004,0.1916,0,10,10599.98,82,47616.11,1,723.24,Unemployed,1,780.31
34,51859.37,0.2052,0.11,1,5,51154.65,94,11654.7,2,171.95,Self-employed,1,814.27
23,166070.96,0.4883,0.3921,3,12,15682.37,56,11588.1,2,404.4,Full-time,1,577.15
21,49924.33,0.4975,0.2925,1,4,8674.28,74,59906.13,1,138.02,Full-time,1,664.29
60,59432.25,0.4296,0.1768,1,13,2420.86,27,10288.74,1,252.27,Full-time,1,674.42
65,44481.94,0.4635,0.1721,1,4,38809.19,18,8317.14,1,109.48,Unemployed,1,657.92
28,76966.89,0.2624,0.2651,2,12,13246.84,122,1347.53,1,478.01,Full-time,1,756.67
54,47509.3,0.2192,0.0651,4,5,23458.46,114,34659.56,0,327.85,Full-time,1,762.96
46,60868.74,0.2441,0.2772,1,14,9411.58,5,9726.06,1,193.66,Self-employed,1,686.64
24,96953.81,0.2977,0.4006,1,10,19257.58,68,25988.78,2,363.85,Full-time,1,692.21
64,48317.86,0.5682,0.1788,2,3,17692.64,123,11789.01,4,415.32,Full-time,1,687.34
61,94360.23,0.3457,0.3602,0,15,34358.84,28,41570.19,3,176.73,Part-time,1,679.57
47,95798.58,0.4267,0.5186,2,16,20249.44,172,42996.53,1,208.04,Full-time,1,685.67
54,106375.47,0.4339,0.2847,1,6,8216.99,60,5732.26,0,240.57,Full-time,1,673.66
39,70491.22,0.1768,0.4713,0,7,96925.42,71,9005.87,4,92.7,Full-time,1,738.3
58,250000.0,0.3773,0.2336,0,1,24445.36,110,21894.08,1,630.02,Full-time,1,770.08
41,106355.25,0.1441,0.1738,0,12,9307.57,131,44185.37,2,544.05,Self-employed,0,850.0
67,76587.94,0.3792,0.2606,1,8,20586.27,63,14706.37,3,179.01,Unemployed,1,698.59
23,44615.38,0.4164,0.2404,1,3,23712.52,12,16028.56,2,312.76,Full-time,1,649.98
29,63343.24,0.2898,0.2907,0,12,25307.8,94,17966.21,3,45.45,Self-employed,1,768.72
66,125724.36,0.1549,0.2432,3,4,23255.62,63,6346.15,0,1198.48,Self-employed,1,720.23
34,142812.89,0.2818,0.4376,0,4,21412.79,44,9086.64,2,252.13,Self-employed,1,692.73
35,128701.12,0.4413,0.4356,1,16,34282.31,83,11413.56,2,353.07,Unemployed,1,652.88
58,94215.17,0.2614,0.2716,2,13,30016.65,31,31281.53,4,406.34,Unemployed,1,679.51
29,37607.28,0.1114,0.2412,1,3,30409.85,117,61431.96,1,404.74,Full-time,1,828.78
45,82390.29,0.3852,0.1505,1,10,5199.98,122,6163.76,1,288.58,Full-time,1,773.48
34,37849.34,0.4771,0.5278,0,8,5356.08,56,24669.73,1,335.84,Full-time,1,621.59
30,33881.96,0.2091,0.1484,1,3,10350.24,76,16083.95,1,238.67,Self-employed,1,788.5
66,73689.93,0.514,0.518,0,2,15155.11,117,8721.53,0,138.76,Full-time,1,663.8
30,83737.3,0.2955,0.3125,1,15,10593.95,154,5908.89,1,227.18,Full-time,1,786.56
25,99361.47,0.5649,0.1456,0,2,8856.76,131,16225.47,1,553.79,Full-time,1,753.3
52,82760.92,0.4783,0.3457,1,11,21315.97,160,8125.7,2,599.6,Full-time,1,728.42
61,84053.91,0.4586,0.2063,2,17,9789.25,30,18343.82,2,555.71,Full-time,1,635.84
26,42485.0,0.3322,0.484,0,7,3352.68,57,5699.58,5,439.82,Self-employed,1,676.84
54,63117.95,0.3594,0.118,0,11,6969.09,152,5227.82,3,337.5,Self-employed,1,839.35
46,33583.74,0.4295,0.4623,5,8,11768.42,38,33320.56,0,189.55,Unemployed,1,512.24
60,26862.43,0.3408,0.3502,2,11,15051.23,124,15772.53,2,174.92,Full-time,1,713.54
26,92345.22,0.2493,0.1561,2,5,33829.35,16,15463.93,2,24.93,Full-time,1,699.52
66,47150.22,0.4726,0.1009,1,5,24444.96,178,8689.61,1,399.46,Part-time,1,806.33
50,97990.35,0.4977,0.2457,0,10,4430.92,56,25452.2,0,666.84,Full-time,1,685.93
60,108962.21,0.1529,0.247,1,3,49851.51,140,11438.32,1,565.54,Full-time,1,834.05
38,50076.5,0.3798,0.4275,0,10,15685.25,143,25885.64,2,445.66,Full-time,1,748.35
65,86304.76,0.487,0.1,0,11,18928.31,137,9086.66,5,485.99,Part-time,1,793.07
50,49142.5,0.4117,0.0786,0,17,19630.91,50,5415.26,1,62.22,Unemployed,1,748.51
26,28835.27,0.3571,0.6427,2,5,9928.09,6,7203.42,2,561.0,Self-employed,1,537.19
64,69946.73,0.4126,0.3685,2,2,26752.8,178,19145.8,1,309.36,Full-time,1,732.43
58,53535.85,0.2432,0.519,2,5,4610.96,77,5767.56,1,815.57,Part-time,1,661.46
35,54282.65,0.7082,0.4048,1,14,46077.21,125,62316.71,0,419.55,Full-time,1,615.51
46,160958.91,0.1979,0.1581,3,8,20563.45,57,4201.97,0,519.84,Part-time,1,723.6
39,33301.72,0.2931,0.3238,2,3,23254.77,177,11763.61,1,182.12,Part-time,1,778.62
46,78612.97,0.4023,0.4978,0,4,26072.41,139,36765.36,1,375.33,Full-time,1,720.69
66,42291.3,0.3705,0.495,1,14,13239.84,119,17030.23,3,539.06,Unemployed,1,689.27
63,99580.1,0.6291,0.123,1,16,43906.1,119,9898.21,2,470.3,Full-time,1,704.69
31,75681.88,0.2689,0.352,1,3,10854.66,14,35522.88,1,521.59,Full-time,1,668.0
66,78488.31,0.2474,0.225,1,10,8951.63,93,6067.26,0,1073.28,Full-time,1,772.03
41,43252.04,0.2129,0.0783,1,17,20016.4,51,10455.18,2,469.7,Unemployed,0,784.06
54,46886.52,0.5848,0.3489,1,2,6874.36,67,3378.87,3,465.23,Full-time,1,618.17
56,100434.67,0.2231,0.1847,1,3,12131.89,99,28319.75,1,215.41,Part-time,1,794.4
43,146804.78,0.5388,0.6058,0,9,21645.24,20,21505.89,0,767.53,Full-time,1,553.58
42,82136.56,0.4517,0.2669,2,2,30167.95,140,21551.14,2,92.69,Full-time,1,714.43
42,44185.89,0.2976,0.3591,4,10,17567.53,58,14923.09,2,89.02,Full-time,1,619.28
61,77074.08,0.3048,0.3425,2,12,9575.97,84,14315.43,1,428.69,Self-employed,1,692.94
39,197276.67,0.3327,0.133,1,7,14242.11,109,14645.1,1,274.04,Full-time,1,782.77
34,69292.38,0.431,0.3714,2,16,11297.73,20,17312.41,0,417.47,Part-time,1,594.52
37,127749.73,0.5144,0.4768,1,15,16842.23,55,14923.28,0,720.07,Self-employed,1,597.31
30,47422.49,0.5204,0.3908,2,13,11682.2,42,6052.28,1,518.36,Part-time,1,581.18
39,64929.76,0.259,0.1404,0,9,9098.67,23,1959.65,1,322.84,Full-time,1,756.37
26,87448.41,0.63,0.3939,0,2,8339.27,126,78812.17,1,562.3,Unemployed,1,667.52
25,79126.07,0.3093,0.3683,1,5,4979.9,5,7699.02,2,515.29,Full-time,1,644.3
55,46869.63,0.519,0.2645,0,17,38441.43,29,11506.93,3,293.23,Full-time,1,652.34
24,45968.75,0.2949,0.2023,0,10,29763.95,163,34422.38,5,243.2,Self-employed,1,846.79
47,103231.36,0.4513,0.4855,1,8,7631.5,116,17789.48,5,792.02,Full-time,1,664.9
57,113119.25,0.5877,0.1833,1,13,28439.5,42,3960.6,1,160.38,Full-time,1,637.86
55,130674.48,0.4304,0.5974,1,5,18576.76,136,4963.83,2,1113.22,Full-time,1,659.86
41,149010.0,0.6262,0.3762,1,6,7299.91,168,28232.84,2,488.4,Full-time,1,683.09
30,70303.63,0.1801,0.1005,1,7,8644.25,71,22189.93,0,53.76,Full-time,0,805.01
64,57524.16,0.3044,0.3792,1,15,16247.04,6,8613.82,0,234.79,Full-time,1,643.88
60,121533.58,0.3047,0.3019,2,8,30297.71,91,12898.63,1,365.1,Full-time,1,708.95
49,91206.48,0.5518,0.2799,1,1,27334.22,78,13803.96,2,372.5,Unemployed,1,654.48
25,42527.03,0.4239,0.2555,0,8,12368.71,43,16488.54,2,624.13,Unemployed,1,694.79
22,41558.77,0.2889,0.5004,1,6,24871.92,90,19104.9,2,188.92,Full-time,1,688.23
35,82567.27,0.3033,0.2262,2,9,16092.81,66,9599.72,1,483.56,Self-employed,1,707.46
28,61097.51,0.6843,0.265,1,16,10781.16,72,24239.86,5,278.42,Part-time,1,613.46
61,65388.82,0.312,0.465,1,6,35326.16,53,22133.45,3,326.76,Full-time,1,659.32
30,107220.21,0.3356,0.3435,0,5,20111.07,20,28030.91,2,672.7,Self-employed,1,680.11
34,93112.78,0.1703,0.277,1,9,25786.02,64,25721.91,1,152.67,Self-employed,1,757.99
66,120384.13,0.5791,0.3294,1,2,8363.14,158,25172.73,1,150.05,Self-employed,1,700.59
59,27744.94,0.3954,0.167,2,4,12534.47,162,9076.89,1,127.41,Full-time,1,774.63
31,74163.62,0.3037,0.1919,1,1,32019.58,165,12022.84,1,879.07,Full-time,1,823.42
39,90455.19,0.2642,0.337,2,16,14816.77,47,6478.97,1,380.94,Part-time,1,675.66
45,33290.8,0.36,0.1266,1,13,15428.55,136,15849.99,0,350.92,Part-time,1,798.68
52,49281.15,0.3986,0.5179,2,3,8580.27,6,6760.04,3,395.21,Self-employed,1,555.94
65,45332.6,0.1222,0.1176,0,6,20698.28,22,19918.84,0,763.96,Self-employed,0,802.27
61,66820.43,0.2961,0.194,2,2,8472.58,144,37032.85,4,231.55,Full-time,1,782.67
66,137658.92,0.4226,0.2732,1,14,23296.12,47,13351.87,3,267.17,Full-time,1,669.09
22,164417.67,0.4414,0.2789,1,3,9000.16,154,8432.27,1,287.13,Full-time,1,751.19
32,45870.18,0.4336,0.2123,0,12,15574.95,55,20331.51,1,698.19,Full-time,1,712.68
47,83863.92,0.5023,0.5066,0,10,54312.82,115,32126.63,2,135.23,Full-time,1,668.49
23,85089.51,0.4029,0.4078,2,13,23296.2,170,7075.55,2,240.24,Self-employed,1,718.85
37,78781.35,0.1632,0.0869,2,15,14150.16,99,14738.45,0,373.39,Full-time,0,811.82
28,79184.89,0.465,0.4705,3,16,32852.29,144,17440.68,2,444.51,Full-time,1,637.88
64,75862.98,0.2154,0.3064,3,6,10867.7,173,10547.95,1,320.16,Full-time,1,777.95
23,141408.28,0.4218,0.3206,1,14,9042.11,80,20659.98,4,409.0,Full-time,1,684.98
27,108674.23,0.2189,0.5578,0,3,13970.61,88,3321.06,0,540.39,Full-time,1,718.21
30,41065.79,0.3988,0.2282,1,3,38912.59,92,17895.13,0,258.03,Full-time,1,724.98
27,94662.62,0.3355,0.6002,2,16,37411.86,124,61360.03,0,218.71,Full-time,1,652.63
47,98870.68,0.5476,0.4169,0,16,12737.86,144,21511.66,2,430.82,Self-employed,1,701.5
38,76247.15,0.3247,0.3768,0,12,14783.11,41,13801.79,3,325.77,Unemployed,1,692.56
63,110099.63,0.4463,0.4126,3,6,24202.75,14,4751.82,2,610.37,Full-time,1,549.63
33,72015.26,0.6667,0.1039,1,8,98688.25,77,9980.47,0,967.07,Full-time,1,663.18
46,72418.02,0.4567,0.3587,2,14,15270.63,72,17371.54,3,433.89,Full-time,1,633.32
52,69881.64,0.2627,0.2735,2,4,47466.19,100,14462.73,2,237.3,Full-time,1,736.15
50,26683.22,0.2177,0.4583,1,9,21474.68,12,4679.65,0,727.53,Part-time,1,655.12
58,63819.92,0.2892,0.3936,2,7,32770.57,32,16512.76,2,266.5,Self-employed,1,641.51
30,48985.87,0.5882,0.3077,3,3,36662.09,164,6445.61,2,1313.37,Full-time,1,658.28
44,38797.01,0.2148,0.4345,0,10,20397.79,104,8197.95,0,124.81,Self-employed,1,763.6
58,126160.25,0.2774,0.102,2,12,17679.57,81,28634.28,3,430.69,Part-time,1,758.78
61,83024.7,0.4845,0.3516,2,4,15599.07,111,10907.26,1,416.17,Unemployed,1,659.25
50,65288.81,0.2578,0.3793,1,12,23050.47,34,7713.53,3,217.9,Full-time,1,681.17
51,51320.14,0.3345,0.242,2,16,41418.3,58,5785.02,2,633.99,Full-time,1,687.48
61,75604.9,0.2578,0.0618,4,16,45520.12,176,7273.79,0,836.09,Full-time,1,803.88
50,103377.87,0.625,0.557,1,16,42082.77,40,8445.62,1,449.07,Full-time,1,531.58
65,45609.23,0.5873,0.0683,1,7,13014.76,158,27702.88,1,275.94,Full-time,1,763.4
26,66027.54,0.4124,0.2557,0,12,12115.93,31,13000.92,1,261.81,Unemployed,1,688.19
37,97795.12,0.2372,0.22,0,13,10100.51,92,37181.25,2,152.08,Self-employed,1,800.51
26,27689.25,0.559,0.4082,1,17,20086.82,146,4949.13,0,847.42,Unemployed,1,676.92
25,64478.92,0.1445,0.1205,2,9,34649.4,166,40025.29,0,231.5,Self-employed,1,850.0
43,54547.05,0.2021,0.5017,2,15,12142.66,37,11763.99,0,147.75,Full-time,1,644.78
31,62303.73,0.355,0.2628,0,10,15865.63,35,11024.14,3,306.37,Part-time,1,706.97
40,52800.04,0.2355,0.2021,1,14,28358.03,73,10917.26,4,120.05,Part-time,1,764.66
41,70398.77,0.5166,0.4444,1,6,14402.96,138,91185.97,2,710.27,Self-employed,1,673.92
50,157256.3,0.1501,0.3883,3,2,15783.96,22,8908.8,1,409.74,Part-time,1,651.23
65,57195.75,0.2063,0.2291,0,7,39341.67,139,77668.35,2,341.2,Full-time,1,846.67
60,75453.36,0.4102,0.1568,0,6,18335.38,93,27832.68,1,109.54,Full-time,1,765.24
38,162370.48,0.2766,0.3249,3,14,10892.36,107,5221.86,2,68.77,Full-time,1,699.96
36,51662.79,0.1636,0.3027,2,12,19291.97,124,5899.42,4,477.34,Full-time,1,778.58
57,149732.24,0.3789,0.2661,0,11,24424.38,73,15728.34,2,432.41,Self-employed,1,730.64
26,66329.85,0.2323,0.3562,2,4,104106.8,71,14591.92,1,484.53,Full-time,1,700.43
46,147539.81,0.529,0.5582,2,12,52227.1,52,9522.53,0,202.95,Full-time,1,545.08
40,92743.28,0.4747,0.2896,0,12,150000.0,13,8476.47,1,134.01,Unemployed,1,646.02
29,75977.97,0.2933,0.1253,0,16,8554.91,116,49835.93,0,594.01,Full-time,1,827.35
49,64245.45,0.3441,0.2352,1,5,47755.92,125,15226.93,1,269.04,Full-time,1,767.14
36,49970.16,0.3216,0.3252,0,12,53478.75,60,19924.88,2,135.94,Full-time,1,722.22
29,68466.93,0.4426,0.1258,0,2,18422.72,178,14760.82,1,475.95,Self-employed,1,834.1
51,99092.86,0.4485,0.1509,3,13,13702.16,26,13861.13,1,296.16,Full-time,1,624.39
29,65781.89,0.3718,0.3843,2,14,30214.94,154,83393.84,1,483.64,Full-time,1,720.72
52,57383.94,0.3034,0.3823,2,14,14355.57,153,21745.12,1,726.54,Self-employed,1,740.9
28,59109.55,0.5233,0.5741,2,8,8097.02,12,124959.59,0,186.4,Part-time,1,509.48
41,103426.29,0.5054,0.1838,1,8,6687.12,144,25889.8,1,730.66,Unemployed,1,747.43
58,114843.16,0.447,0.3563,1,1,6325.02,32,7673.54,2,373.26,Self-employed,1,628.49
31,49010.13,0.1294,0.2402,2,8,21230.02,55,38453.97,5,212.72,Full-time,1,746.96
57,48978.44,0.3691,0.5021,2,13,28850.47,122,12515.25,4,396.14,Full-time,1,665.41
54,78488.82,0.2756,0.5181,1,17,9115.77,4,48826.11,2,459.19,Full-time,1,616.13
63,131582.52,0.3454,0.2343,4,2,25299.88,44,7520.22,2,467.4,Part-time,1,624.47
28,110823.67,0.2161,0.0814,2,10,25175.38,45,3473.09,1,922.94,Full-time,1,752.32
54,37671.78,0.5171,0.2042,1,5,22987.77,11,14571.28,1,154.98,Part-time,1,627.99
65,58757.01,0.1723,0.45,1,7,29025.69,103,46522.84,1,507.43,Unemployed,1,746.64
56,43530.99,0.2769,0.277,1,14,20970.71,120,7816.4,0,235.47,Full-time,1,772.68
29,58666.22,0.2229,0.2929,1,1,45844.59,124,21870.09,1,595.78,Full-time,1,788.24
59,136214.28,0.2141,0.3529,0,1,27907.04,133,7533.53,2,906.6,Self-employed,1,808.38
26,34885.61,0.5526,0.3466,0,4,7493.59,74,29808.6,1,309.76,Self-employed,1,659.24
48,31936.68,0.4165,0.4922,1,5,65383.59,69,9796.09,4,435.55,Full-time,1,634.5
44,45576.64,0.544,0.327,1,14,9204.54,154,16781.54,3,1015.9,Self-employed,1,708.38
45,75304.09,0.2162,0.2872,2,5,17830.42,9,10065.16,1,256.87,Self-employed,1,670.84
45,87495.24,0.3744,0.2872,2,16,107633.38,49,7059.96,2,818.08,Full-time,1,656.71
22,80567.59,0.4942,0.098,0,17,25407.45,59,2606.43,0,591.81,Full-time,1,726.41
44,112314.52,0.1815,0.2157,2,14,10139.78,170,4425.38,1,706.18,Part-time,1,833.29
65,29929.85,0.2158,0.2891,1,9,22827.87,35,10544.46,0,239.17,Self-employed,1,717.15
41,112955.75,0.3293,0.2471,1,14,25994.66,117,19564.18,3,274.23,Self-employed,1,761.94
34,57500.97,0.396,0.0727,2,3,20760.62,62,64595.46,0,506.3,Full-time,1,714.69
67,91965.84,0.107,0.4865,0,15,12648.08,135,8588.35,0,462.69,Part-time,1,808.78
25,36477.78,0.13,0.2521,1,6,7362.24,70,7774.33,0,517.88,Unemployed,1,781.31
43,66318.92,0.5816,0.2038,0,8,7980.4,98,4331.86,2,179.74,Full-time,1,706.24
45,73594.23,0.1441,0.192,1,16,10451.2,27,27645.69,2,286.26,Full-time,1,756.27
43,111311.51,0.2129,0.1778,1,3,44642.65,179,21714.83,4,242.24,Part-time,1,850.0
64,32423.39,0.3892,0.3992,2,2,7682.84,19,19542.41,2,269.55,Full-time,1,599.27
40,67093.24,0.2754,0.1757,1,11,20111.02,32,17907.36,1,628.46,Full-time,1,725.12
66,40604.9,0.2194,0.3478,0,17,47994.13,79,9727.84,2,546.0,Full-time,1,763.06
24,83072.85,0.1919,0.539,3,16,28439.51,83,42390.26,2,311.97,Full-time,1,651.85
55,93877.63,0.3858,0.1924,2,17,48774.94,85,6903.72,3,211.54,Part-time,1,706.99
48,118092.87,0.6436,0.3596,0,8,11962.82,49,8930.66,1,682.44,Full-time,1,607.85
32,52012.36,0.0968,0.573,1,11,27992.74,42,5631.49,5,86.62,Part-time,1,687.71
31,100433.58,0.3024,0.3389,1,14,40361.66,50,11973.52,3,1294.86,Self-employed,1,691.22
54,122076.81,0.674,0.5264,1,4,34850.41,89,6911.37,2,143.93,Full-time,1,565.37
50,31588.2,0.4869,0.2606,0,15,33622.0,146,7824.59,2,453.16,Self-employed,1,760.45
49,87164.74,0.3269,0.3524,0,15,7814.66,25,4818.01,2,1161.99,Full-time,1,684.66
23,101857.5,0.2678,0.3734,1,2,28765.83,104,5915.43,1,578.13,Unemployed,1,737.98
49,58898.63,0.3801,0.2411,2,9,25372.7,75,3403.96,1,478.25,Full-time,1,688.2
67,38374.63,0.1595,0.4145,2,8,16232.49,21,18112.65,2,129.1,Part-time,1,666.02
21,101146.99,0.4532,0.4463,2,14,11808.3,74,6419.53,2,976.35,Part-time,1,614.13
43,38569.65,0.5753,0.1034,0,8,24718.6,167,52549.98,1,222.71,Full-time,1,790.73
44,61067.91,0.6209,0.4337,0,16,9035.04,31,29879.47,1,739.89,Full-time,1,581.14
63,64987.11,0.2469,0.1879,0,8,13334.24,28,14174.82,1,166.8,Full-time,1,752.29
34,91307.86,0.5735,0.5683,1,9,34874.03,173,21689.65,2,478.42,Self-employed,1,655.04
43,49911.95,0.5862,0.5495,4,5,37399.1,128,27715.08,2,85.96,Full-time,1,543.43
54,48627.15,0.4645,0.1323,0,15,25272.3,75,8771.79,2,304.29,Part-time,1,740.08
23,69183.11,0.2931,0.104,1,9,13070.92,123,11238.06,3,309.36,Full-time,1,813.57
58,104075.9,0.3783,0.1349,1,9,8282.75,111,33402.99,3,383.62,Part-time,1,770.28
59,185229.8,0.2133,0.2636,1,13,10450.38,149,35290.28,1,245.9,Full-time,1,819.28
54,33578.24,0.3648,0.1624,2,14,44352.59,69,6935.64,2,453.59,Full-time,1,707.46
51,76260.01,0.1953,0.2121,2,12,20664.64,115,94048.23,4,67.57,Part-time,1,784.22
56,40581.16,0.3762,0.3611,2,3,16791.94,32,4231.29,4,272.59,Self-employed,1,623.53
57,104659.24,0.2936,0.2126,0,16,20219.97,70,1914.7,4,206.79,Unemployed,1,767.1
63,43375.71,0.2779,0.1603,2,15,29120.38,29,57766.24,3,344.99,Self-employed,1,700.72
41,48845.05,0.3495,0.4335,0,13,8790.15,38,24819.67,5,788.05,Full-time,1,668.44
42,50758.18,0.3359,0.2391,1,10,12830.09,138,15639.97,2,121.77,Full-time,1,779.46
50,63940.64,0.3861,0.3648,0,13,28346.14,98,26597.2,1,422.8,Full-time,1,724.64
30,76530.06,0.3056,0.2685,1,13,21329.44,20,7501.4,1,181.96,Unemployed,1,682.86
61,82262.09,0.1413,0.3524,2,5,39115.67,8,3049.46,1,497.26,Unemployed,1,676.18
57,65999.64,0.3622,0.0961,0,8,30557.96,174,9115.87,3,464.18,Unemployed,1,850.0
50,36371.8,0.2128,0.5358,0,1,10504.41,95,7386.15,4,602.41,Part-time,1,731.38
35,91812.5,0.4254,0.1872,2,1,2000.0,67,5766.45,1,538.73,Full-time,1,681.41
37,64612.85,0.3171,0.2722,2,9,20805.99,33,8003.89,5,268.12,Self-employed,1,664.32
41,111611.64,0.5346,0.2724,1,13,8675.89,43,8100.09,0,90.33,Self-employed,1,632.35
52,48123.1,0.3792,0.112,2,14,25727.57,117,8944.96,2,612.75,Full-time,1,755.74
57,32176.01,0.5185,0.3794,1,14,54904.0,16,18470.32,1,975.06,Full-time,1,587.93
52,65165.68,0.3331,0.3164,2,7,8771.34,75,21464.68,1,184.84,Unemployed,1,683.47
64,118560.51,0.2086,0.3839,2,10,28353.91,144,17233.35,1,514.36,Part-time,1,761.44
66,71141.35,0.3989,0.5051,0,14,33162.26,137,1541.05,1,146.18,Unemployed,1,718.22
54,60484.87,0.6357,0.0744,1,1,22971.3,76,5626.7,1,427.54,Part-time,1,679.02
38,44727.5,0.5704,0.251,0,11,22686.35,107,5691.99,3,933.03,Unemployed,1,705.3
49,145946.43,0.5702,0.3664,1,7,4215.42,123,36945.22,0,513.92,Part-time,1,664.84
40,41634.27,0.5486,0.1164,0,6,18880.38,91,6495.16,0,173.17,Self-employed,1,732.15
50,47742.28,0.2005,0.0552,2,10,17924.54,127,2663.3,2,193.72,Full-time,1,831.88
59,85520.84,0.1077,0.5272,0,6,37601.91,119,23996.05,2,627.01,Unemployed,1,785.06
38,28703.97,0.5979,0.6152,1,11,35311.45,60,14437.16,2,317.98,Full-time,1,541.83
44,117426.26,0.2012,0.1409,0,12,12616.48,42,113237.56,1,457.8,Part-time,0,789.42
23,87630.72,0.5073,0.3212,0,9,4769.69,48,4130.02,3,194.6,Full-time,1,657.51
55,99176.26,0.198,0.435,0,10,5900.51,166,11100.47,1,347.5,Self-employed,1,820.18
44,85063.44,0.2093,0.3209,1,7,48344.24,22,5532.89,4,832.88,Full-time,1,700.32
42,61543.19,0.2142,0.1878,4,2,17083.98,15,5542.09,1,590.03,Full-time,1,651.29
46,41010.49,0.1664,0.5085,0,6,6550.88,132,6638.81,3,439.63,Full-time,1,782.96
31,62128.87,0.5372,0.2889,0,10,7146.4,63,5252.02,2,502.4,Unemployed,1,669.12
49,42665.4,0.4869,0.1357,2,7,21195.83,144,15646.66,2,778.7,Full-time,1,740.01
56,82352.98,0.448,0.1931,1,1,19627.2,13,14094.6,0,546.27,Full-time,1,653.16
37,95134.88,0.1912,0.4761,1,9,57476.18,147,13006.41,2,562.59,Part-time,1,771.12
27,128613.09,0.3209,0.4482,0,10,17049.12,106,39262.77,1,102.32,Unemployed,1,730.01
39,78221.16,0.3438,0.3739,3,15,23631.16,3,21469.59,2,625.27,Self-employed,1,580.88
30,100313.84,0.1982,0.2681,1,16,17512.29,70,27177.34,1,282.19,Part-time,1,756.85
38,57889.13,0.3894,0.106,0,10,31992.35,7,15324.63,3,430.63,Part-time,1,712.51
50,53357.79,0.3452,0.1711,1,2,61823.57,13,17375.42,2,288.04,Full-time,1,689.5
26,81891.65,0.2625,0.3673,1,14,34930.37,15,29394.1,2,341.76,Full-time,1,666.92
56,55608.27,0.3192,0.5448,1,9,71662.22,121,5055.81,0,754.58,Full-time,1,693.87
31,74692.4,0.1395,0.1408,1,11,26335.38,89,7661.92,2,714.79,Part-time,1,822.12
63,41046.61,0.4691,0.432,2,14,5941.82,172,14216.98,2,230.66,Full-time,1,694.6
55,44501.03,0.501,0.13,0,11,10129.25,124,13839.68,2,209.06,Full-time,1,770.53
33,88074.14,0.3026,0.4152,1,8,32035.48,21,3991.67,1,286.02,Part-time,1,647.92
47,98618.14,0.2291,0.4698,0,15,15231.26,162,25533.15,1,437.5,Full-time,1,798.82
26,42465.82,0.4498,0.3706,0,7,18057.09,42,45412.35,1,199.98,Self-employed,1,657.41
25,89480.54,0.1312,0.3925,0,12,10228.22,61,42578.58,1,236.99,Self-employed,1,763.35
65,52066.08,0.3316,0.2794,1,10,49567.96,51,7411.03,0,327.73,Self-employed,1,698.17
58,66664.46,0.1825,0.2071,1,14,52680.24,73,27513.68,3,262.55,Full-time,1,779.31
28,125194.65,0.1637,0.0831,0,15,15362.8,123,9483.46,2,489.06,Self-employed,0,850.0
34,95165.17,0.3388,0.3979,4,4,15468.22,36,14184.67,4,443.82,Part-time,1,578.88
30,94669.05,0.5391,0.2835,1,15,44037.49,71,34089.41,0,345.96,Unemployed,1,651.56
39,156209.86,0.328,0.4343,1,11,37506.2,155,41753.61,4,308.1,Full-time,1,747.19
34,48206.75,0.2597,0.5444,0,5,5757.93,136,9175.54,2,131.07,Part-time,1,749.32
36,42461.64,0.1796,0.6442,3,11,29017.13,54,8592.11,0,199.88,Full-time,1,605.07
45,47812.62,0.5435,0.1896,2,17,25515.96,84,47742.11,1,142.03,Self-employed,1,659.55
29,59010.73,0.1455,0.5337,1,11,20551.1,122,12261.4,2,533.65,Self-employed,1,749.59
62,22935.75,0.5691,0.3146,1,3,9756.41,7,1042.53,5,429.25,Part-time,1,581.45
55,60274.07,0.2547,0.1954,0,9,9906.32,139,19418.24,0,78.65,Full-time,1,840.57
56,51789.52,0.4126,0.4693,2,4,2061.19,33,6760.46,3,820.12,Full-time,1,586.4
28,94154.46,0.3034,0.2107,3,5,11390.18,73,10492.04,1,218.59,Unemployed,1,692.14
54,77543.06,0.4105,0.3419,0,12,4539.22,59,22118.9,2,60.7,Unemployed,1,690.54
60,50497.87,0.424,0.142,2,2,12349.57,22,2774.97,2,497.75,Unemployed,1,655.63
29,86291.15,0.3768,0.2995,1,15,23897.1,115,25581.13,0,128.91,Unemployed,1,732.92
56,91625.82,0.3591,0.3156,1,16,7963.54,59,3685.48,1,241.98,Part-time,1,687.54
37,46824.15,0.1711,0.2036,1,4,45814.05,123,7105.61,3,227.13,Part-time,1,825.27
58,53004.87,0.5955,0.2575,0,6,70909.26,59,17508.58,2,468.19,Self-employed,1,656.14
43,24308.63,0.3842,0.2848,1,6,21286.81,116,4694.44,1,745.61,Full-time,1,735.21
58,40505.9,0.6241,0.2266,0,1,27611.42,173,4708.28,0,315.79,Full-time,1,750.29
27,47376.84,0.1708,0.1251,1,2,5808.48,13,17760.59,2,236.6,Self-employed,1,753.32
39,68416.87,0.1931,0.1069,2,13,20504.19,12,20950.68,2,166.84,Full-time,1,725.34
33,43242.44,0.1539,0.2059,0,8,6743.88,68,11486.97,1,504.8,Full-time,1,809.02
32,52519.86,0.4557,0.2222,1,4,5394.81,141,22620.59,1,211.47,Self-employed,1,750.24
35,38124.07,0.6327,0.2694,0,9,7433.7,115,150000.0,2,387.62,Self-employed,1,688.67
38,71467.73,0.4553,0.3168,2,5,16186.77,174,3765.52,4,482.06,Full-time,1,729.21
26,80143.3,0.4594,0.124,0,11,17527.33,116,1991.27,1,922.65,Full-time,1,777.85
54,79305.63,0.2248,0.5591,2,4,17137.76,155,34713.23,3,906.83,Full-time,1,721.95
46,66540.26,0.4135,0.3076,2,4,7985.37,105,4889.34,1,217.7,Self-employed,1,686.55
59,33074.48,0.2945,0.5707,4,15,19424.81,38,18290.08,2,731.79,Full-time,1,550.64
54,50062.17,0.3752,0.2318,2,5,11083.74,78,22383.32,1,714.14,Full-time,1,694.49
28,55089.37,0.2408,0.1818,2,5,19733.85,115,12971.78,2,303.8,Full-time,1,778.14
24,55188.9,0.2107,0.4971,1,13,15287.92,4,16918.59,2,646.68,Self-employed,1,640.85
40,68441.97,0.2794,0.5403,3,7,5105.84,71,57120.0,0,424.68,Unemployed,1,615.27
43,125679.92,0.3689,0.1922,4,2,11208.72,101,7939.74,1,489.46,Full-time,1,675.45
32,95362.75,0.6185,0.2685,0,14,26396.39,80,39547.68,3,933.23,Full-time,1,663.99
57,42430.26,0.123,0.0763,1,1,32437.46,49,4387.63,3,252.4,Part-time,0,809.86
48,89794.71,0.2629,0.1944,3,8,7613.74,79,18003.16,1,384.69,Full-time,1,713.36
56,88268.28,0.5476,0.2831,2,7,10562.9,65,20206.85,2,1033.81,Full-time,1,619.11
26,46040.17,0.2227,0.5758,0,12,13186.11,132,12520.64,1,769.97,Full-time,1,749.24
59,96953.78,0.5062,0.2006,1,10,40948.34,108,30475.48,1,557.09,Full-time,1,712.99
30,61563.87,0.5687,0.114,1,10,25044.4,165,13860.42,4,431.63,Full-time,1,763.39
42,35084.72,0.2799,0.2264,2,16,7361.63,87,17723.15,1,683.55,Full-time,1,731.93
41,81213.86,0.5528,0.3581,1,11,25449.96,117,7331.49,5,406.68,Part-time,1,667.14
59,72957.53,0.3346,0.1541,0,1,43832.06,79,5718.72,1,2234.1,Part-time,1,776.93
34,59727.33,0.3541,0.0947,1,2,20983.27,133,5598.54,3,850.14,Unemployed,1,805.93
32,65065.26,0.3325,0.4076,0,6,10482.83,74,7934.15,3,177.17,Full-time,1,710.02
36,47878.01,0.4705,0.3271,1,1,32654.11,140,4496.17,2,390.39,Full-time,1,718.74
37,87077.93,0.431,0.3141,1,15,20526.91,138,65352.5,0,167.49,Full-time,1,732.18
29,64889.9,0.4537,0.3217,2,14,15141.99,42,10282.23,3,158.89,Self-employed,1,618.46
29,71317.85,0.4775,0.3074,1,13,33697.43,90,13256.84,1,213.89,Full-time,1,679.9
31,77708.03,0.4624,0.2374,0,12,17984.51,141,5036.27,3,318.61,Unemployed,1,769.43
42,39357.29,0.5862,0.2011,3,11,19081.61,112,75942.61,1,975.26,Full-time,1,642.2
37,44248.32,0.2753,0.2979,0,6,32929.99,117,10758.38,3,82.1,Full-time,1,790.44
39,24477.88,0.2365,0.3487,1,1,12699.52,19,8096.72,1,306.43,Part-time,1,682.71
54,85317.43,0.2417,0.0889,2,3,8027.0,161,8756.03,3,355.97,Part-time,1,839.43
32,38349.83,0.4009,0.1372,1,8,22644.57,111,11166.3,2,334.69,Part-time,1,762.93
63,70238.82,0.3048,0.427,2,5,53625.43,16,10319.19,2,320.14,Full-time,1,615.14
56,78193.73,0.3256,0.2938,1,17,3669.6,13,4255.38,2,244.09,Self-employed,1,664.7
29,86773.69,0.3693,0.1608,3,14,30132.95,45,27755.01,1,264.57,Full-time,1,661.51
35,38491.49,0.4655,0.536,2,12,18478.16,139,5183.38,2,181.53,Unemployed,1,642.18
29,64259.01,0.3278,0.1008,1,7,12408.08,123,26582.89,3,153.8,Full-time,1,803.96
33,140312.34,0.3402,0.6497,0,14,11470.9,4,4312.08,1,467.96,Full-time,1,588.85
38,143120.41,0.3211,0.0728,2,7,33930.57,58,15479.18,1,236.09,Part-time,1,733.8
27,103186.71,0.1385,0.2008,0,9,29025.17,134,5593.11,1,203.05,Full-time,0,850.0
21,77023.97,0.3071,0.2088,0,13,8725.71,45,7196.69,0,352.74,Full-time,1,743.17
41,42095.75,0.5287,0.3257,3,7,22319.92,96,20108.31,1,499.87,Full-time,1,614.96
53,91434.64,0.148,0.2252,3,9,47127.69,140,36454.45,1,357.89,Self-employed,1,790.97
35,61629.16,0.2709,0.0884,0,6,29383.61,128,62890.94,5,317.43,Self-employed,1,850.0
61,85155.79,0.638,0.3965,1,3,5610.98,173,18345.24,2,518.46,Full-time,1,678.64
38,49772.63,0.35,0.3657,2,14,28344.86,46,13297.95,5,624.49,Part-time,1,641.91
63,61216.99,0.4702,0.3488,0,17,7531.06,94,5890.99,3,688.7,Full-time,1,700.07
32,71244.03,0.1612,0.2013,2,8,21007.99,96,2919.11,4,545.81,Full-time,1,781.32
46,73926.39,0.4765,0.2164,4,1,10685.34,78,22635.7,3,392.81,Full-time,1,617.95
56,82633.89,0.1904,0.3831,0,6,23902.7,152,10771.02,4,200.53,Full-time,1,823.77
23,50988.85,0.5777,0.3088,2,16,11284.54,66,13462.92,3,517.05,Self-employed,1,604.49
64,36153.25,0.3062,0.3527,1,12,8669.27,40,9523.72,1,486.52,Full-time,1,678.3
38,137468.94,0.5435,0.1199,0,5,22481.23,4,7257.48,1,283.76,Full-time,1,660.31
44,202838.3,0.216,0.2371,2,17,19550.8,7,23745.69,1,1057.78,Part-time,1,681.76
50,80929.96,0.4055,0.3793,2,3,32052.5,19,56908.27,3,323.26,Full-time,1,599.36
51,36468.48,0.4838,0.3331,1,8,12441.77,136,4818.09,0,453.44,Full-time,1,709.92
22,46726.29,0.3332,0.5203,1,9,6249.39,104,2716.48,0,341.61,Full-time,1,681.63
61,83208.34,0.5149,0.1393,2,3,28947.31,127,10941.1,2,315.3,Full-time,1,716.54
50,120994.7,0.2171,0.4492,0,4,49653.75,44,7258.33,2,213.79,Full-time,1,709.24
67,38338.09,0.3396,0.5119,1,11,12034.47,29,36538.65,1,262.86,Part-time,1,619.31
43,62570.56,0.2782,0.3923,1,1,25344.01,138,20540.6,3,518.03,Self-employed,1,758.46
49,72270.36,0.2885,0.2962,1,7,14498.55,63,66921.25,1,86.21,Full-time,1,716.9
41,97641.74,0.288,0.3546,2,12,69757.56,140,33394.29,2,172.3,Full-time,1,741.62
62,56691.5,0.4559,0.3317,3,11,12479.7,76,14604.4,2,209.51,Part-time,1,618.64
60,32737.73,0.3912,0.315,1,7,17461.19,26,15145.12,0,361.24,Full-time,1,650.56
63,87512.67,0.2949,0.4297,1,17,4378.95,9,18631.23,1,219.39,Full-time,1,636.6
44,109771.72,0.4784,0.4251,2,9,54239.27,18,6163.42,1,415.43,Unemployed,1,565.21
58,63756.97,0.6242,0.3653,0,8,12406.14,70,19339.98,4,466.37,Full-time,1,629.75
37,79408.29,0.344,0.1024,0,11,44753.72,58,42830.86,1,151.07,Unemployed,1,769.53
42,53448.77,0.1841,0.207,4,6,11281.44,19,7808.38,3,190.7,Full-time,1,658.85
56,45224.86,0.2786,0.2676,5,7,17066.87,43,10877.33,1,468.24,Part-time,1,610.35
24,105018.47,0.5334,0.1743,0,17,10436.35,178,23346.63,0,208.97,Full-time,1,794.74
54,78776.75,0.1368,0.457,0,4,9374.56,112,47764.85,1,595.31,Unemployed,1,788.04
21,82509.27,0.2277,0.3316,3,12,14688.8,176,7108.73,2,842.29,Self-employed,1,770.46
48,130086.1,0.4585,0.2417,1,14,16367.6,93,16446.27,1,1190.36,Full-time,1,704.53
43,41164.07,0.5389,0.5355,3,6,13969.27,103,13008.82,1,870.42,Full-time,1,565.29
43,51616.06,0.3246,0.2362,1,6,6214.72,91,10583.41,0,293.94,Unemployed,1,744.4
44,71045.09,0.474,0.3184,1,6,21994.95,87,2751.34,1,722.86,Part-time,1,675.7
44,51331.46,0.3908,0.3603,0,8,4583.66,56,7097.09,3,328.77,Self-employed,1,689.35
40,94128.06,0.3248,0.2159,1,11,14235.27,173,4705.98,2,575.79,Full-time,1,817.75
42,60819.78,0.52,0.1665,1,13,5965.08,16,11916.85,1,389.93,Self-employed,1,640.71
47,42334.61,0.2244,0.0774,4,7,33867.55,121,9089.86,1,373.6,Full-time,1,764.16
56,68158.92,0.1722,0.3698,3,9,42722.66,158,4861.79,3,492.83,Self-employed,1,762.56
46,71442.8,0.2698,0.3226,2,14,27291.11,26,10653.13,1,744.18,Part-time,1,660.08
51,100771.1,0.1844,0.377,1,1,12921.27,167,65237.98,1,337.49,Full-time,1,814.6
60,78977.12,0.3027,0.2552,2,4,10731.31,40,7604.56,2,277.29,Full-time,1,678.72
67,81431.37,0.1892,0.1108,0,2,15099.5,173,9608.95,2,630.4,Full-time,0,850.0
26,76430.05,0.2486,0.0706,1,4,17354.64,119,11023.56,1,920.23,Full-time,1,831.94
54,60797.25,0.3097,0.2951,1,15,25281.84,83,7193.2,3,241.82,Self-employed,1,727.48
31,47939.8,0.1796,0.426,3,4,23825.15,170,3494.72,1,206.57,Part-time,1,756.29
30,75355.88,0.1389,0.4965,1,17,4329.4,37,62186.37,0,400.58,Self-employed,1,690.04
58,56959.39,0.5212,0.2187,2,15,28666.99,61,2817.83,7,900.8,Self-employed,1,639.8
24,141551.68,0.2495,0.1514,0,7,23621.83,107,3111.67,1,586.27,Part-time,1,826.47
60,121052.79,0.3535,0.1474,1,2,10432.92,23,25249.32,2,280.59,Full-time,1,701.27
57,87972.33,0.4688,0.4558,3,4,9161.33,31,2340.49,0,470.47,Part-time,1,546.24
67,78457.32,0.558,0.3712,1,11,18828.74,137,25728.66,3,137.47,Full-time,1,678.97
52,63603.16,0.1716,0.1738,2,8,20456.46,27,27778.09,2,879.38,Full-time,1,727.57
62,37514.93,0.4279,0.2254,0,15,8338.07,39,6759.32,1,451.24,Full-time,1,697.78
26,60037.37,0.5665,0.1403,2,7,18784.51,160,13839.9,0,184.06,Self-employed,1,728.31
62,69260.5,0.5167,0.4299,1,4,20520.0,20,12798.5,1,157.63,Full-time,1,579.18
28,73368.9,0.2003,0.2119,1,12,32880.44,113,6738.49,3,917.43,Full-time,1,806.1
35,81739.4,0.3633,0.4931,2,16,16685.34,125,7919.3,4,689.26,Full-time,1,671.9
27,100167.45,0.5216,0.4452,3,10,4360.72,18,11691.28,3,337.77,Part-time,1,522.22
39,48461.78,0.4539,0.2318,4,13,21513.3,99,8982.62,0,246.7,Full-time,1,638.38
56,48660.16,0.2893,0.2679,2,10,5522.19,75,21792.33,2,397.8,Part-time,1,708.74
33,127119.84,0.355,0.3704,1,4,9947.04,80,11757.09,1,423.29,Full-time,1,692.57
59,93614.61,0.495,0.335,5,10,7005.57,60,19606.54,1,389.24,Full-time,1,542.75
49,55500.82,0.4959,0.316,1,17,25481.48,12,9608.27,3,119.02,Self-employed,1,607.23
50,63054.52,0.4332,0.3492,1,17,8431.1,92,23019.73,1,857.2,Full-time,1,684.41
65,63182.25,0.2354,0.1653,3,15,36298.34,5,28319.34,2,276.4,Full-time,1,667.22
41,67118.05,0.482,0.2772,1,9,8018.07,77,2482.8,3,170.84,Unemployed,1,675.27
37,81855.22,0.1781,0.5115,2,1,4405.1,76,18424.22,2,228.33,Full-time,1,682.03
67,207056.45,0.1367,0.1757,2,8,14135.68,110,7402.48,1,524.74,Self-employed,1,806.73
47,72069.81,0.2792,0.3427,2,15,7118.6,109,9200.64,0,280.27,Full-time,1,721.4
49,89158.34,0.1864,0.0967,2,16,45324.64,136,17431.74,0,261.51,Full-time,0,833.24
34,30979.64,0.4337,0.2534,1,10,11207.28,158,14825.19,1,289.72,Self-employed,1,763.21
31,53199.01,0.4163,0.1924,1,1,40454.9,93,10953.59,5,386.09,Self-employed,1,729.51
28,115032.13,0.389,0.0669,1,16,14557.53,108,23436.96,4,324.35,Full-time,1,781.58
31,79303.85,0.1807,0.3536,0,15,23140.22,94,15558.67,4,581.91,Full-time,1,785.72
30,20000.0,0.2892,0.4125,0,11,12449.65,89,7012.21,0,950.14,Self-employed,1,734.28
56,89617.91,0.2421,0.4173,1,7,95225.6,109,33992.22,2,323.16,Unemployed,1,738.88
23,156870.2,0.2639,0.266,1,14,8069.2,34,33018.68,4,394.29,Part-time,1,707.66
50,26952.78,0.2067,0.4016,2,6,2129.1,8,13511.72,0,808.3,Full-time,1,644.26
65,131101.15,0.2265,0.2898,3,15,21636.53,30,8311.16,0,262.54,Unemployed,1,659.6
56,20000.0,0.5376,0.1706,3,6,8800.31,33,6934.8,1,652.67,Full-time,1,598.57
39,100921.63,0.3815,0.531,1,14,20806.28,111,55379.5,3,512.51,Unemployed,1,670.3
23,65914.13,0.3798,0.4583,1,12,17179.67,21,11422.82,2,290.49,Full-time,1,613.98
60,22983.07,0.2462,0.1165,1,1,12449.28,65,15119.66,0,115.24,Unemployed,1,776.18
21,80883.25,0.4116,0.0704,1,1,13563.48,21,19127.84,1,545.69,Self-employed,1,701.42
53,111065.78,0.6087,0.273,1,12,24015.96,30,1276.61,2,361.0,Full-time,1,599.14
52,77944.25,0.1715,0.4949,0,8,14004.2,116,6133.32,1,147.58,Full-time,1,771.49
30,86092.06,0.3871,0.5001,4,16,16204.89,73,86798.26,0,196.48,Full-time,1,569.68
55,54981.15,0.5112,0.3525,1,14,12727.62,146,1239.76,3,325.27,Self-employed,1,705.18
29,28634.7,0.2845,0.2575,0,16,56379.92,133,3744.55,1,493.43,Part-time,1,811.11
31,90340.29,0.4672,0.4176,1,4,45103.75,46,9116.93,1,93.3,Full-time,1,618.77
59,145421.15,0.6051,0.4854,1,14,6433.69,16,5748.3,2,242.03,Part-time,1,535.45
67,110008.33,0.4277,0.4771,2,8,18065.86,173,7056.7,2,260.8,Unemployed,1,696.58
33,27050.37,0.5944,0.3792,1,6,10196.65,26,5004.75,1,774.73,Full-time,1,573.55
64,33466.41,0.2751,0.154,0,7,7542.69,123,11543.27,0,562.58,Full-time,1,831.47
63,45220.89,0.3215,0.272,1,15,2000.0,106,18098.42,2,165.57,Self-employed,1,748.88
57,32310.94,0.1834,0.3727,2,10,14359.74,148,18779.39,3,1338.81,Part-time,1,775.14
27,67500.17,0.3177,0.3085,3,1,15152.81,100,6643.49,2,346.4,Part-time,1,685.9
35,78986.89,0.2222,0.3172,3,9,46589.51,4,30536.53,4,218.75,Unemployed,1,632.37
52,34765.68,0.4622,0.3437,3,14,37541.57,30,15086.52,1,544.13,Full-time,1,575.42
67,93873.91,0.2477,0.442,0,13,25445.21,149,33204.72,3,495.37,Self-employed,1,789.36
59,86724.94,0.4436,0.3361,0,9,30228.19,109,17068.82,2,613.31,Self-employed,1,723.73
40,51705.96,0.4343,0.3932,1,14,32734.98,139,10696.44,2,651.93,Part-time,1,712.24
32,61228.32,0.1619,0.2317,2,15,25369.93,114,10923.35,1,568.67,Part-time,1,788.51
66,27517.83,0.3209,0.373,0,1,47540.16,176,18023.51,0,471.61,Full-time,1,807.15
33,56981.51,0.1925,0.1854,0,9,7415.25,17,39068.17,3,201.43,Full-time,1,760.07
37,66391.43,0.4869,0.1218,1,15,12820.62,17,14858.98,1,487.28,Full-time,1,662.65
66,71391.67,0.3007,0.3376,0,8,11613.91,131,15956.89,1,521.48,Full-time,1,784.56
47,78471.8,0.2732,0.1901,0,17,12258.48,10,21597.98,2,232.47,Full-time,1,728.85
33,73858.68,0.5763,0.4185,0,15,16217.74,22,2954.91,1,243.23,Full-time,1,590.82
21,58749.94,0.283,0.4235,3,4,56545.64,131,3960.72,1,197.88,Self-employed,1,693.39
41,75266.3,0.3816,0.2349,2,6,33750.18,137,16077.05,3,757.27,Part-time,1,740.96
67,103871.97,0.4437,0.512,1,7,42454.44,152,5926.62,1,1045.4,Unemployed,1,690.56
41,63387.75,0.2739,0.103,2,9,17076.36,45,10673.21,2,637.58,Full-time,1,729.58
53,76337.36,0.4983,0.1867,2,12,16543.66,121,13208.75,0,341.56,Part-time,1,704.67
32,60853.4,0.4011,0.5387,1,15,27034.24,42,103858.68,1,652.34,Part-time,1,605.0
57,49461.93,0.4618,0.5356,1,10,24402.36,178,11496.34,3,632.43,Unemployed,1,700.89
57,83725.25,0.3679,0.3225,1,1,24392.03,121,2214.69,3,235.51,Full-time,1,734.84
49,51541.8,0.1776,0.375,2,15,91389.05,139,15888.11,2,164.99,Full-time,1,768.8
57,78728.94,0.435,0.2289,4,6,27176.24,120,31725.27,2,127.35,Self-employed,1,662.28
48,67017.89,0.3504,0.4372,1,6,10394.4,177,21005.18,1,211.59,Self-employed,1,758.08
38,57712.52,0.3374,0.4989,1,15,11017.75,50,19830.99,3,391.1,Full-time,1,640.72
55,57087.23,0.1546,0.3953,1,14,32509.92,138,7141.81,2,590.48,Part-time,1,794.8
60,52646.0,0.3436,0.2984,0,15,30780.83,173,9345.33,1,375.22,Full-time,1,816.49
60,31551.91,0.3073,0.463,0,16,35778.84,40,6491.69,2,620.07,Self-employed,1,675.39
31,78613.82,0.247,0.3634,1,3,25967.96,71,7152.79,2,256.36,Self-employed,1,719.22
52,73437.95,0.3041,0.1066,2,4,8707.45,127,11190.99,2,487.55,Part-time,1,787.95
21,96988.88,0.4359,0.3107,0,8,52874.63,74,29204.35,1,470.13,Part-time,1,703.22
47,52096.05,0.4411,0.409,3,17,46166.77,127,150000.0,2,1132.88,Unemployed,1,646.25
47,155270.28,0.1834,0.2274,1,6,13767.52,38,15132.24,3,186.54,Full-time,1,744.8
38,55777.11,0.3411,0.3981,1,6,23307.91,16,21150.41,2,1131.98,Part-time,1,636.48
67,44631.75,0.4572,0.4863,0,17,20538.65,13,1719.21,1,996.96,Full-time,1,602.1
62,42312.67,0.6272,0.3214,2,17,13903.84,36,9193.66,3,191.46,Unemployed,1,561.49
22,30325.22,0.2765,0.4942,0,10,8011.0,148,49116.57,1,387.48,Full-time,1,766.83
30,131884.6,0.3871,0.5352,2,11,26960.7,122,14466.09,0,803.8,Full-time,1,651.74
30,122636.54,0.1909,0.3876,1,7,6346.18,62,12219.88,1,101.28,Full-time,1,722.5
63,86710.94,0.4235,0.0926,1,14,11887.42,122,150000.0,4,213.7,Full-time,1,776.47
45,44212.38,0.5067,0.2151,2,15,59771.07,89,36728.17,1,38.67,Unemployed,1,668.38
55,149502.81,0.4987,0.4384,2,5,24135.54,34,25741.91,2,605.99,Self-employed,1,569.12
59,56484.77,0.4797,0.2223,1,13,23581.31,141,12656.17,2,89.43,Unemployed,1,743.02
57,58626.28,0.3536,0.1153,0,9,14673.94,9,16834.72,2,324.46,Full-time,1,722.59
25,126344.37,0.3431,0.1249,1,13,6045.35,21,82226.05,1,484.09,Full-time,1,708.34
27,89010.51,0.4023,0.3576,0,8,24100.75,48,89097.96,1,152.91,Self-employed,1,679.91
39,178170.53,0.4834,0.4229,1,11,25571.51,112,8460.92,3,1039.5,Part-time,1,667.59
36,74007.74,0.4267,0.1089,0,11,31442.73,65,3360.03,3,547.45,Unemployed,1,748.93
56,55344.7,0.5994,0.2141,1,8,13700.26,67,13932.71,2,630.82,Full-time,1,647.49
28,50246.08,0.5198,0.2514,0,4,13547.07,98,25569.09,2,375.52,Part-time,1,712.88
38,28820.77,0.4369,0.314,3,2,26840.37,150,62025.71,2,419.39,Part-time,1,690.43
32,58374.35,0.5204,0.1449,2,17,7476.39,61,12218.98,0,265.24,Self-employed,1,658.49
29,110754.02,0.2132,0.4528,1,11,31861.35,71,9933.05,1,289.58,Unemployed,1,707.01
29,86636.4,0.4921,0.2295,2,8,16120.07,9,34379.42,3,253.44,Unemployed,1,602.5
30,66778.64,0.4151,0.3249,2,8,22139.65,171,6096.59,3,170.67,Self-employed,1,736.74
47,42288.88,0.5683,0.4043,0,7,90706.98,152,10917.92,1,277.82,Full-time,1,705.1
40,73283.65,0.3434,0.3081,0,8,14908.1,69,13422.26,2,120.51,Full-time,1,727.46
41,104377.16,0.3064,0.2955,1,8,19880.96,153,12570.24,1,1136.6,Part-time,1,786.7
43,80323.99,0.5447,0.3824,0,16,18415.97,8,39629.67,3,257.48,Full-time,1,597.66
55,71327.04,0.2173,0.1079,0,8,4513.38,15,21061.28,1,230.34,Self-employed,0,770.33
61,46229.3,0.2979,0.0971,5,13,27667.84,99,8439.73,1,320.92,Unemployed,1,693.86
45,97756.19,0.4996,0.3457,1,9,3510.53,101,10938.11,2,458.51,Part-time,1,672.86
51,20000.0,0.3465,0.4081,3,14,30645.06,25,144078.27,3,202.02,Part-time,1,589.86
55,78612.07,0.3753,0.477,1,1,11113.0,93,3916.28,3,461.94,Part-time,1,670.66
53,210374.57,0.6009,0.3343,2,13,10756.1,27,2706.12,5,178.56,Part-time,1,558.66
27,33564.76,0.3994,0.3712,1,4,17554.9,83,4651.41,4,163.31,Full-time,1,681.55
67,59360.47,0.4092,0.6073,1,8,7129.04,88,17300.15,1,624.04,Self-employed,1,623.75
28,65936.01,0.3108,0.3194,1,11,16673.62,39,35115.47,5,254.63,Full-time,1,684.41
40,53735.96,0.1326,0.3658,0,10,8373.98,53,12114.92,2,272.21,Self-employed,1,762.94
51,105489.68,0.1231,0.5149,0,1,7313.42,94,8271.88,7,92.72,Full-time,1,762.68
39,81846.67,0.4943,0.4381,0,10,15476.74,99,7155.55,1,457.77,Self-employed,1,674.68
32,70865.23,0.2474,0.2024,0,3,42466.12,177,3062.37,4,281.87,Part-time,1,850.0
64,94728.73,0.1592,0.4098,0,5,29898.67,119,52024.79,4,622.66,Full-time,1,798.96
24,66671.83,0.3292,0.3412,1,8,12324.63,135,11247.09,3,627.05,Full-time,1,753.44
32,250000.0,0.4895,0.1242,3,11,16081.06,162,16141.7,2,380.6,Full-time,1,732.1
67,70834.83,0.318,0.3207,0,9,12331.43,70,27583.23,2,354.24,Full-time,1,732.76
55,72249.23,0.3384,0.3445,0,7,7816.87,53,43425.46,0,255.57,Full-time,1,706.52
25,30646.98,0.6524,0.2505,0,2,8664.26,106,11026.02,2,1176.82,Full-time,1,679.99
56,51815.64,0.2186,0.2612,2,1,21704.65,93,6152.85,0,245.32,Full-time,1,746.62
66,110892.88,0.1854,0.2619,2,8,10816.09,116,13116.63,4,743.06,Full-time,1,775.57
25,36280.82,0.4257,0.1733,1,17,17284.28,137,11944.98,2,386.57,Full-time,1,768.13
40,25061.78,0.2268,0.2402,3,14,8826.65,110,8315.48,4,78.16,Self-employed,1,738.58
43,67140.45,0.1644,0.1816,2,8,31389.82,106,4569.14,1,1227.38,Self-employed,1,793.61
27,122618.73,0.4704,0.361,1,4,28206.26,147,18596.38,3,196.28,Unemployed,1,716.13
30,67445.26,0.3426,0.2184,1,6,53618.23,66,41212.69,2,252.38,Full-time,1,722.62
29,56882.55,0.4753,0.2782,1,9,46775.96,35,59218.34,2,414.87,Full-time,1,642.03
29,28672.12,0.2853,0.1288,1,11,9460.22,18,7023.75,0,622.37,Full-time,1,722.21
39,81106.17,0.1891,0.2739,2,10,9877.69,33,59568.35,2,453.43,Full-time,1,702.3
42,89105.27,0.2095,0.3493,2,8,23062.36,36,5242.16,3,308.54,Part-time,1,679.82
32,29679.75,0.531,0.1983,2,11,9697.0,81,15166.39,2,318.63,Part-time,1,658.62
34,110253.73,0.41,0.4064,3,17,21261.84,9,32491.16,2,300.5,Full-time,1,557.9
30,93392.19,0.4001,0.1816,1,8,14152.53,139,21367.9,0,380.88,Self-employed,1,775.4
58,110143.81,0.3472,0.4345,1,1,34256.99,111,44363.55,4,509.71,Full-time,1,704.72
30,86041.61,0.2192,0.7302,3,15,34950.33,48,5591.09,0,670.66,Self-employed,1,566.69
63,88801.36,0.3757,0.2748,2,14,14552.58,92,11439.07,0,409.32,Full-time,1,695.26
46,83643.95,0.6943,0.4723,1,11,5010.97,18,11241.64,2,346.84,Full-time,1,513.64
58,97812.98,0.2559,0.2589,0,1,36580.04,56,35182.84,3,904.95,Self-employed,1,755.17
50,29189.34,0.594,0.3059,0,16,11757.35,88,10973.97,1,285.27,Self-employed,1,668.66
33,33675.41,0.4797,0.314,5,4,17739.79,171,16295.95,1,342.9,Full-time,1,645.09
49,47514.8,0.5673,0.2848,3,17,16387.94,118,10726.21,2,264.19,Full-time,1,631.94
33,62416.25,0.6634,0.4362,3,3,23597.24,91,18172.33,2,257.34,Full-time,1,542.76
26,78799.48,0.2466,0.4168,1,1,11664.77,179,7054.98,1,472.63,Full-time,1,795.99
32,76581.19,0.1913,0.4648,1,6,8241.48,178,5158.63,1,149.1,Full-time,1,799.74
33,109392.5,0.4616,0.2823,2,9,20052.02,97,8744.02,2,315.55,Full-time,1,671.78
27,110948.66,0.4591,0.2053,1,15,32162.2,68,6121.27,0,249.56,Unemployed,1,692.61
22,44686.5,0.2241,0.3882,0,1,16543.63,67,11244.32,1,345.06,Unemployed,1,741.55
65,73670.61,0.53,0.3819,2,5,16508.32,113,25964.4,0,324.37,Full-time,1,639.69
45,45182.98,0.4316,0.1983,1,12,7859.17,142,4285.88,1,860.61,Full-time,1,764.28
39,60796.58,0.4143,0.2885,2,9,25844.31,57,9397.53,3,655.78,Part-time,1,651.08
64,76481.65,0.2017,0.3087,4,15,27185.92,153,84524.2,2,746.32,Full-time,1,739.82
31,20000.0,0.566,0.2543,1,9,16729.39,167,2905.65,0,340.79,Self-employed,1,730.79
39,195841.28,0.6776,0.4283,3,11,9117.51,103,5169.88,0,423.62,Full-time,1,550.48
60,85381.43,0.365,0.4924,1,5,19096.94,48,17272.3,3,475.62,Full-time,1,632.4
50,50611.47,0.3854,0.5312,0,7,20254.27,55,3417.52,2,262.89,Full-time,1,647.41
39,157521.37,0.3379,0.2472,1,8,17523.8,37,11951.5,2,144.08,Full-time,1,692.66
33,56593.87,0.4536,0.175,1,11,8449.06,49,55386.59,0,250.05,Part-time,1,686.0
22,70237.23,0.1425,0.0887,1,15,21537.77,115,7848.05,3,477.82,Unemployed,0,850.0
24,53145.99,0.3458,0.1141,1,6,20208.67,11,6240.36,3,654.64,Full-time,1,701.9
28,139162.32,0.5035,0.1699,2,12,24176.41,60,3347.44,1,1629.8,Full-time,1,656.48
57,63117.72,0.2668,0.2335,1,4,16392.99,152,6318.0,2,128.62,Full-time,1,813.25
51,70775.48,0.5552,0.4311,1,7,44288.85,157,10890.91,3,559.83,Part-time,1,681.5
41,113743.59,0.6753,0.178,1,2,18009.83,16,82000.62,2,414.59,Full-time,1,591.24
57,86104.14,0.5556,0.3451,1,5,47882.67,24,11400.03,0,1026.28,Full-time,1,592.04
28,64572.47,0.3662,0.5373,0,14,21078.43,44,11868.52,0,657.48,Self-employed,1,642.48
30,109062.45,0.4565,0.3241,0,9,8015.89,13,12818.05,2,275.79,Part-time,1,642.86
39,207381.93,0.2858,0.2214,1,16,32372.65,103,6362.39,3,261.37,Unemployed,1,769.74
64,76331.02,0.7413,0.2025,1,4,13975.52,7,1796.54,0,269.99,Part-time,1,557.82
49,69740.89,0.1925,0.1708,0,8,13215.26,46,45551.13,2,113.86,Full-time,1,787.88
60,71452.07,0.6616,0.4127,5,3,37296.95,56,22315.37,3,105.42,Full-time,1,470.01
32,119335.4,0.5433,0.2191,0,5,7520.7,158,34332.14,0,197.59,Part-time,1,763.9
60,50531.95,0.2374,0.4783,0,1,5290.92,145,16310.34,0,141.3,Full-time,1,780.04
24,58381.66,0.4995,0.2595,3,4,15469.36,135,35773.98,1,58.87,Full-time,1,672.78
31,33128.55,0.3757,0.354,2,1,22270.46,166,3597.63,0,321.58,Self-employed,1,737.12
45,38842.08,0.3398,0.1763,0,12,33100.02,176,13948.05,3,383.23,Unemployed,1,850.0
23,52417.2,0.326,0.4275,1,17,19958.13,162,20714.93,4,1022.4,Part-time,1,755.32
61,64526.31,0.3327,0.4616,2,1,3731.35,170,40975.11,4,33.46,Part-time,1,726.46
61,146691.57,0.417,0.1623,3,7,9139.0,167,19029.83,2,292.8,Self-employed,1,748.49
46,84220.76,0.6237,0.4213,1,16,7466.85,41,19042.62,1,346.03,Unemployed,1,566.73
35,43895.39,0.1495,0.2736,0,1,4819.21,55,16190.31,3,342.64,Full-time,1,782.58
25,47686.75,0.2046,0.4059,2,13,16008.75,87,3802.62,2,984.88,Part-time,1,709.64
50,122839.87,0.1723,0.0981,2,10,25787.27,100,8066.27,3,103.56,Part-time,1,807.12
46,109861.38,0.5361,0.2562,1,15,35591.01,83,8699.8,2,300.51,Full-time,1,669.29
56,67014.71,0.3893,0.235,0,8,25526.93,65,27123.97,1,151.43,Unemployed,1,728.63
49,54223.14,0.2291,0.2021,0,2,12201.89,80,20675.85,1,225.71,Part-time,1,797.41
27,109778.48,0.3462,0.1964,0,10,38470.7,127,48059.21,3,188.04,Full-time,1,802.87
26,42319.48,0.4343,0.12,0,17,15564.3,134,20228.75,0,569.89,Full-time,1,801.38
57,78937.66,0.2268,0.5806,1,10,18813.36,163,11145.13,1,341.26,Part-time,1,747.64
28,184001.01,0.3777,0.301,2,1,11343.65,145,39741.43,2,537.28,Self-employed,1,732.27
65,72577.49,0.4158,0.4527,1,2,15191.2,32,4639.51,1,855.71,Self-employed,1,613.75
25,46675.55,0.1218,0.3622,1,9,13428.98,38,10433.24,2,588.29,Unemployed,1,729.58
55,79591.77,0.4823,0.3684,2,13,6856.44,88,5973.22,1,165.48,Full-time,1,636.54
66,53556.69,0.5797,0.4134,1,4,28167.48,155,5152.85,5,684.42,Self-employed,1,676.91
41,35335.66,0.4549,0.4156,2,7,20279.69,82,5304.44,1,345.76,Self-employed,1,627.96
23,90713.93,0.3138,0.4261,1,17,31458.45,25,7614.07,3,406.17,Self-employed,1,645.17
62,109428.37,0.3589,0.4263,2,17,11017.29,163,15706.06,3,720.76,Full-time,1,721.59
29,57531.74,0.2678,0.2636,0,16,29549.73,107,9916.53,0,108.32,Part-time,1,792.93
45,55839.9,0.4464,0.292,2,11,6014.07,159,16660.05,1,449.79,Self-employed,1,725.58
67,42928.69,0.5293,0.3216,0,16,26344.28,66,16123.07,3,101.5,Full-time,1,665.81
56,61853.81,0.2661,0.1882,0,9,28942.24,155,1833.04,1,230.14,Part-time,1,850.0
23,51376.4,0.3885,0.1453,1,17,8717.2,12,15236.62,3,709.63,Part-time,1,682.12
59,41983.64,0.3449,0.0894,1,7,39408.01,135,7061.99,0,245.12,Full-time,1,811.68
28,155045.82,0.4733,0.226,1,16,53687.7,177,3307.02,3,356.47,Unemployed,1,774.01
56,81627.52,0.483,0.3089,0,10,12059.59,165,16195.58,2,658.95,Self-employed,1,765.38
50,85611.75,0.3791,0.2866,1,16,49740.7,84,14102.7,1,291.56,Unemployed,1,709.62
34,98472.22,0.2312,0.323,2,9,5479.7,179,15140.26,0,298.39,Self-employed,1,799.06
40,93616.91,0.2735,0.2832,1,16,16393.06,177,24087.29,2,285.24,Part-time,1,819.65
26,54945.69,0.3589,0.2456,1,9,2893.19,26,7485.62,0,158.91,Unemployed,1,677.6
67,74805.65,0.453,0.313,0,14,34570.39,89,5746.8,0,527.43,Full-time,1,710.02
32,58626.16,0.5959,0.2304,0,17,6178.04,164,12903.0,2,491.67,Unemployed,1,750.3
35,80604.41,0.6683,0.1526,1,2,4601.56,157,9019.42,1,881.12,Full-time,1,717.19
44,77169.6,0.2178,0.3993,2,7,21668.87,100,132418.88,1,222.01,Full-time,1,718.17
52,55703.76,0.561,0.1991,0,1,37249.62,45,11666.29,2,450.84,Self-employed,1,669.42
44,36381.5,0.3747,0.2685,0,5,13586.85,50,13004.75,3,221.81,Self-employed,1,712.13
44,70672.14,0.7038,0.5302,3,1,19839.18,19,6136.69,1,837.88,Full-time,1,447.14
48,60359.81,0.3263,0.2539,1,8,61903.49,103,5319.4,1,392.59,Full-time,1,749.47
61,28263.67,0.1259,0.336,1,6,9269.85,7,3102.24,1,1057.65,Full-time,1,709.06
39,83153.85,0.3433,0.1596,2,1,9072.44,90,9591.52,1,279.34,Full-time,1,732.11
60,102171.08,0.4657,0.4909,1,7,38558.65,34,10588.68,0,409.24,Full-time,1,590.9
57,206439.03,0.435,0.2786,2,8,21100.05,98,31972.37,2,279.55,Full-time,1,681.52
66,55490.17,0.4971,0.3027,2,1,48892.9,12,10138.29,4,973.08,Full-time,1,585.19
63,51926.25,0.1518,0.1734,2,16,7280.7,68,8858.93,2,648.61,Full-time,1,767.78
58,40165.37,0.2577,0.1563,0,6,5155.3,64,15239.49,0,570.95,Self-employed,1,786.95
32,72684.89,0.326,0.1355,1,4,6608.59,117,11332.82,0,618.6,Self-employed,1,790.82
57,72478.35,0.282,0.2218,2,1,29575.5,123,27896.52,1,664.44,Full-time,1,762.45
55,45931.97,0.2419,0.4585,0,2,41789.15,122,41804.33,2,471.73,Unemployed,1,764.47
34,61162.01,0.2149,0.5437,2,12,38157.65,90,11917.14,1,342.62,Full-time,1,674.6
52,27162.71,0.5194,0.5375,1,1,26603.07,13,5377.45,2,184.0,Full-time,1,545.64
32,100395.19,0.4182,0.282,0,2,43346.06,162,10842.76,1,159.21,Part-time,1,789.04
45,46779.22,0.1606,0.1448,0,11,11787.85,139,14679.01,2,176.29,Unemployed,0,850.0
58,65147.2,0.3782,0.2405,1,6,4491.37,121,3893.58,4,559.96,Self-employed,1,752.25
29,34821.42,0.2925,0.1423,4,14,5814.92,99,9566.39,0,409.61,Self-employed,1,709.18
36,50916.43,0.4178,0.3016,0,12,6520.77,103,3428.43,0,253.73,Full-time,1,735.09
58,58348.21,0.71,0.2877,1,12,4653.65,157,17479.42,0,224.12,Unemployed,1,670.91
42,65835.81,0.2235,0.172,1,2,6957.94,57,4780.45,1,127.46,Full-time,1,762.45
66,82115.3,0.3099,0.1802,1,11,9434.85,118,9300.73,1,303.05,Full-time,1,785.31
21,126447.67,0.2774,0.3068,2,16,27577.2,178,10754.78,3,213.94,Part-time,1,788.41
54,92016.2,0.2835,0.2541,1,14,22159.19,178,4105.19,3,177.3,Full-time,1,824.76
59,102025.09,0.1876,0.361,0,16,51840.9,136,12739.13,3,101.41,Unemployed,1,816.8
64,126848.26,0.3952,0.458,2,15,7572.43,134,4905.16,1,222.31,Part-time,1,678.61
28,85508.28,0.2732,0.2195,0,16,23416.35,23,43489.93,1,158.85,Full-time,1,732.33
67,65087.11,0.3498,0.096,0,6,45308.42,81,38242.79,1,566.9,Unemployed,1,788.56
39,104203.43,0.2673,0.4896,2,5,12611.63,150,33550.92,0,326.89,Full-time,1,722.41
37,107243.17,0.7014,0.5447,3,10,13204.98,45,14009.64,0,525.93,Full-time,1,465.9
37,88597.12,0.4403,0.4118,1,4,47439.73,63,16499.3,1,332.97,Full-time,1,642.46
50,34386.44,0.4194,0.1847,0,12,14057.03,115,10645.73,0,710.68,Unemployed,1,773.84
51,45312.71,0.4772,0.1655,3,17,49180.9,174,19525.76,1,58.64,Self-employed,1,735.46
43,58472.72,0.3767,0.2815,0,6,6393.02,91,49778.7,0,246.58,Self-employed,1,742.45
24,93979.27,0.7325,0.246,0,6,56016.72,145,5384.41,1,559.16,Full-time,1,689.58
67,65538.57,0.4217,0.4595,0,11,43485.97,79,17998.91,1,245.18,Part-time,1,674.45
31,110369.7,0.2685,0.341,1,11,9232.89,118,2887.15,3,248.71,Part-time,1,757.53
25,119593.82,0.3155,0.2338,2,12,14533.96,149,8718.5,2,136.94,Unemployed,1,771.07
49,113507.79,0.586,0.4714,2,7,7564.73,158,11739.05,2,247.08,Part-time,1,638.02
40,113833.63,0.2311,0.1629,1,1,12765.45,165,16219.37,2,337.43,Full-time,1,850.0
49,41496.02,0.1281,0.4838,4,5,6034.9,156,22005.6,5,941.17,Full-time,1,720.62
62,82222.64,0.2779,0.2272,3,2,5187.01,83,37692.34,2,226.5,Full-time,1,704.0
25,50342.85,0.5616,0.4981,3,3,7497.09,21,3764.25,6,341.21,Full-time,1,499.5
34,31505.59,0.494,0.1716,0,13,37264.15,8,25932.13,0,1338.46,Full-time,1,665.57
45,58141.68,0.483,0.2429,1,2,4904.49,178,57377.99,0,931.93,Full-time,1,767.71
58,120106.2,0.1945,0.3204,0,2,47142.85,158,9013.4,2,575.93,Full-time,1,843.22
49,81416.55,0.1887,0.7751,0,4,34206.83,55,8105.11,2,494.68,Full-time,1,645.45
38,164064.38,0.2405,0.2833,3,9,45350.95,10,14791.8,2,335.35,Full-time,1,640.36
49,71664.7,0.4526,0.5887,1,1,22955.32,106,11749.98,4,552.82,Part-time,1,630.38
67,199089.8,0.4263,0.4133,0,1,57205.3,82,11099.85,4,372.34,Full-time,1,687.12
43,71674.09,0.148,0.1373,1,16,6607.72,90,45237.99,3,69.48,Full-time,0,821.28
62,66843.95,0.4096,0.6182,0,15,46997.01,61,100744.5,1,313.73,Part-time,1,623.4
57,37207.83,0.5348,0.1904,0,4,150000.0,4,10131.31,0,264.12,Full-time,1,645.29
35,109070.88,0.6951,0.1182,2,10,14996.04,66,95356.01,2,276.06,Unemployed,1,616.92
32,52788.24,0.3138,0.4436,0,13,17348.35,75,9874.93,0,354.77,Unemployed,1,707.46
57,49455.5,0.2042,0.3029,2,4,9461.73,116,25416.75,7,253.39,Unemployed,1,759.68
30,117777.64,0.299,0.2141,1,10,18891.53,44,5491.21,1,637.38,Unemployed,1,718.44
36,111435.39,0.344,0.2244,3,15,20543.53,154,6304.83,2,756.75,Full-time,1,744.03
32,110130.7,0.6877,0.2142,2,1,3449.19,148,10131.37,3,678.17,Full-time,1,663.47
49,56219.22,0.2135,0.3513,1,3,27678.8,130,27082.87,1,195.35,Full-time,1,781.46
34,64670.53,0.5907,0.1445,0,15,39211.27,69,15939.46,1,776.72,Full-time,1,694.16
51,64412.66,0.3239,0.1504,3,16,9732.07,80,3300.99,1,310.65,Part-time,1,706.9
64,94101.87,0.4108,0.2809,0,12,13398.66,169,4300.97,3,1299.63,Self-employed,1,797.37
59,133133.03,0.3568,0.4069,0,17,32654.65,139,3074.5,0,1067.53,Self-employed,1,757.07
65,78093.8,0.8323,0.0759,1,13,9410.28,104,17493.44,1,146.02,Full-time,1,643.0
22,160926.17,0.3801,0.2817,0,12,30341.93,117,15137.79,2,354.6,Full-time,1,763.04
42,99085.41,0.1691,0.3206,2,1,22031.96,175,14892.98,3,236.48,Self-employed,1,814.95
31,59536.23,0.4076,0.213,2,15,92449.93,89,14759.75,0,504.02,Self-employed,1,698.64
64,96078.43,0.3371,0.2455,0,6,16486.03,66,7008.48,5,518.7,Self-employed,1,742.5
54,142582.08,0.2883,0.3164,0,15,12410.93,62,15415.24,2,725.42,Full-time,1,736.08
36,162629.53,0.276,0.2988,1,1,21439.55,157,45151.85,5,844.19,Full-time,1,798.33
47,112882.32,0.4267,0.3383,1,8,19554.64,89,21652.89,0,153.03,Self-employed,1,686.58
49,66940.1,0.6017,0.2288,1,11,56520.82,68,4938.58,4,993.66,Self-employed,1,643.96
44,60023.3,0.2391,0.2344,1,3,54481.86,142,10044.42,0,356.89,Self-employed,1,813.0
43,85753.42,0.2547,0.2883,2,7,10821.63,153,7827.01,3,362.46,Unemployed,1,779.02
23,140545.78,0.4783,0.3965,0,2,15763.41,124,28249.91,9,103.95,Unemployed,1,710.72
42,80434.31,0.5044,0.1899,2,8,11089.68,157,5435.38,1,413.85,Full-time,1,732.04
37,81189.35,0.5415,0.2481,1,2,9796.5,146,15579.01,0,255.62,Self-employed,1,722.19
59,67719.47,0.2494,0.3428,2,5,2000.0,121,9971.24,0,125.34,Full-time,1,740.31
61,57093.7,0.4521,0.1176,1,9,58816.86,177,6891.51,3,344.08,Self-employed,1,807.47
56,61515.19,0.4553,0.3146,3,8,11279.8,69,15924.66,1,293.06,Self-employed,1,617.26
22,70329.15,0.3413,0.2466,1,1,13196.73,174,11059.78,3,840.67,Part-time,1,805.96
60,143364.41,0.5601,0.5948,1,14,125380.53,62,25135.45,2,773.91,Full-time,1,559.94
39,59404.71,0.3853,0.2112,1,9,11520.28,165,8818.45,1,274.9,Self-employed,1,794.11
40,67756.48,0.2197,0.0971,2,6,15864.64,125,4886.11,3,450.59,Self-employed,1,813.98
65,44827.63,0.6321,0.1535,0,5,21742.08,136,11200.9,0,698.68,Part-time,1,735.33
61,91352.78,0.1885,0.1065,2,2,22848.98,178,16523.63,3,128.13,Part-time,1,850.0
23,122394.61,0.3919,0.207,1,15,11695.14,178,22445.3,2,334.73,Full-time,1,804.01
37,137451.17,0.5572,0.2859,0,13,39588.7,165,11403.09,3,298.39,Part-time,1,748.86
56,72512.49,0.3083,0.3417,3,2,20179.31,87,27352.99,1,80.69,Full-time,1,669.58
46,85687.26,0.2327,0.1588,3,15,19509.02,86,4272.2,0,259.01,Full-time,1,737.16
33,61753.28,0.3078,0.5149,5,12,11252.89,28,30723.18,0,76.0,Full-time,1,527.27
45,83919.09,0.5857,0.2637,0,12,16458.38,70,21670.72,0,128.19,Unemployed,1,666.7
61,76212.77,0.2463,0.068,1,2,35678.29,145,9163.9,3,253.84,Part-time,1,850.0
31,67929.04,0.462,0.2227,1,5,35760.65,107,32563.53,3,526.05,Part-time,1,719.89
56,70402.86,0.4795,0.1232,1,9,13354.74,33,17405.45,3,137.06,Part-time,1,677.85
55,81094.06,0.3066,0.2804,1,12,10490.18,57,39564.79,1,439.56,Full-time,1,710.42
62,57967.13,0.3253,0.4458,1,6,33355.16,93,6902.41,3,608.53,Full-time,1,693.46
35,59330.36,0.6027,0.214,0,14,22268.35,54,7478.27,2,233.92,Unemployed,1,660.69
31,142673.33,0.6295,0.1835,0,10,33315.86,162,21317.09,3,515.84,Full-time,1,750.28
46,224077.23,0.4156,0.5183,1,15,9152.31,147,14146.24,4,493.56,Full-time,1,693.24
45,38485.42,0.5227,0.3253,0,2,17764.84,141,3929.41,1,332.45,Full-time,1,729.36
40,37542.84,0.3343,0.2193,1,5,33373.9,148,65485.33,3,266.7,Part-time,1,793.22
57,43014.01,0.1133,0.3686,1,9,10954.63,58,59222.58,1,304.44,Unemployed,1,747.19
58,63165.92,0.1441,0.2617,1,14,67581.31,29,15720.58,1,1204.66,Self-employed,1,740.51
32,99022.39,0.6346,0.2837,1,9,56452.79,44,7451.18,0,171.46,Self-employed,1,600.36
58,86341.34,0.3826,0.5032,3,5,15635.59,29,7596.01,2,988.22,Self-employed,1,558.59
31,71497.23,0.6536,0.2978,1,15,15713.82,110,18560.05,1,192.87,Unemployed,1,646.14
40,83953.72,0.6911,0.516,1,1,22580.03,45,45298.64,0,539.77,Self-employed,1,526.17
22,48463.26,0.4094,0.2706,1,1,20312.34,136,126556.98,3,102.7,Self-employed,1,747.86
36,59286.97,0.2257,0.545,1,7,42202.02,146,10340.33,1,112.04,Unemployed,1,742.71
66,65575.5,0.1563,0.1123,0,3,9734.37,138,9871.39,1,831.95,Full-time,0,850.0
41,32438.54,0.4528,0.2644,1,6,9806.96,57,11607.59,2,153.85,Part-time,1,670.56
54,39238.37,0.3062,0.1276,1,17,21800.56,138,18907.18,0,586.39,Full-time,1,816.24
26,39946.46,0.3229,0.1349,1,8,25500.64,35,6461.0,0,432.95,Full-time,1,723.57
50,93325.5,0.2692,0.4411,0,9,17586.37,3,4195.1,3,360.67,Full-time,1,661.46
38,73895.69,0.5359,0.2816,2,7,33754.05,123,10960.3,3,559.18,Part-time,1,671.33
55,87114.41,0.3877,0.1771,0,13,46964.62,127,17385.94,3,541.25,Part-time,1,795.25
64,28916.14,0.2509,0.3844,2,7,30424.39,144,57360.98,1,359.69,Full-time,1,748.63
45,33941.54,0.2919,0.1243,1,5,23385.14,119,5337.53,1,61.74,Full-time,1,805.52
25,89183.11,0.3518,0.5158,0,1,15497.16,89,34891.49,3,341.59,Part-time,1,689.68
43,20000.0,0.357,0.2169,3,11,19006.07,74,12248.14,1,1018.09,Full-time,1,675.34
26,114815.67,0.5482,0.4526,1,14,6930.01,128,10857.53,3,219.3,Full-time,1,654.06
42,29129.52,0.3119,0.1431,2,8,7842.45,179,3572.15,4,297.38,Full-time,1,819.82
23,96713.2,0.2483,0.3182,0,6,43525.51,77,18641.17,3,121.79,Full-time,1,760.13
51,44361.93,0.2086,0.4207,3,15,61545.37,82,16876.65,0,281.23,Full-time,1,675.58
35,106086.14,0.203,0.1771,1,17,6930.23,46,91821.3,1,361.99,Full-time,1,758.16
30,250000.0,0.4427,0.3667,0,8,26437.98,15,10728.46,6,256.28,Full-time,1,638.02
21,23791.18,0.7443,0.1626,2,4,6203.06,130,50036.98,1,346.68,Full-time,1,644.39
62,90483.22,0.4564,0.3513,1,12,57158.24,13,10310.5,1,292.79,Full-time,1,611.09
60,29328.84,0.494,0.1117,3,11,17824.41,13,9991.86,8,801.83,Full-time,1,609.71
59,80181.33,0.367,0.3606,0,6,105186.85,78,3202.33,1,195.03,Full-time,1,714.75
23,60291.87,0.2542,0.3998,1,14,11549.1,118,35500.83,0,659.05,Part-time,1,747.12
37,70150.77,0.2427,0.2139,0,4,12621.81,112,15019.4,2,242.54,Self-employed,1,817.05
66,43903.14,0.324,0.2756,2,1,23854.09,177,13304.9,1,201.12,Full-time,1,781.4
48,94018.18,0.5902,0.2293,2,4,33948.3,179,10439.24,1,554.0,Self-employed,1,714.78
27,34483.59,0.3392,0.2694,0,13,31820.5,68,16320.15,0,186.32,Unemployed,1,737.56
27,115697.78,0.4377,0.1728,0,10,35660.51,80,7299.2,2,364.75,Full-time,1,742.16
33,55041.2,0.4189,0.4139,2,12,15394.9,58,19579.68,0,327.69,Full-time,1,619.19
66,35199.57,0.1564,0.3477,2,9,35949.23,104,5934.86,1,975.36,Full-time,1,752.82
28,135634.84,0.2844,0.5,0,2,85518.14,109,11922.25,3,353.08,Full-time,1,730.51
63,64195.98,0.3091,0.1843,0,12,31598.03,152,20389.48,3,61.89,Full-time,1,837.86
52,156128.74,0.4182,0.3972,0,12,10172.12,64,44199.63,0,431.01,Full-time,1,678.57
64,114646.67,0.3264,0.2798,0,15,24315.51,128,15968.53,3,674.66,Part-time,1,788.8
59,46204.59,0.5626,0.3641,0,3,4580.67,24,40221.19,1,534.0,Self-employed,1,610.2
36,63688.2,0.3056,0.6365,0,1,29485.46,164,13217.94,3,409.22,Part-time,1,735.86
59,69875.27,0.2326,0.44,1,6,5612.77,21,6033.97,2,283.68,Full-time,1,662.72
28,131509.77,0.4489,0.1238,0,14,29816.0,116,78382.44,2,503.4,Full-time,1,781.05
34,80570.11,0.4702,0.0792,0,2,17531.72,28,12109.88,0,358.1,Full-time,1,712.47
30,71634.47,0.6225,0.323,0,15,36437.71,169,29874.75,3,406.0,Full-time,1,723.33
27,60479.16,0.6017,0.2332,2,17,18656.75,154,7882.15,1,543.8,Unemployed,1,689.52
25,64682.72,0.1726,0.1394,1,13,48499.56,116,20798.41,0,820.1,Self-employed,1,835.04
29,119022.33,0.4488,0.4856,1,17,26923.31,77,17905.21,3,241.34,Full-time,1,633.13
26,66281.59,0.5665,0.3176,1,12,38993.1,25,13357.6,4,238.44,Part-time,1,596.48
38,55395.37,0.2822,0.2292,2,2,13782.23,174,74957.98,6,395.75,Full-time,1,803.04
24,51326.98,0.6087,0.211,2,16,13283.57,63,19234.1,1,362.73,Part-time,1,617.14
23,51575.69,0.3499,0.1622,1,14,6797.58,23,9746.02,1,383.18,Full-time,1,698.65
67,35208.99,0.2305,0.2949,1,16,8133.15,85,50916.04,4,238.39,Full-time,1,752.96
25,47208.59,0.3775,0.2825,2,3,19299.91,13,2865.2,4,149.49,Full-time,1,626.96
24,129869.99,0.3313,0.4446,3,7,18880.1,144,3868.57,0,133.17,Unemployed,1,684.46
22,60296.56,0.3309,0.3442,2,4,23895.1,77,28227.14,4,144.87,Self-employed,1,678.85
27,90851.83,0.5686,0.4525,1,11,11133.08,55,16199.51,1,207.37,Full-time,1,587.13
45,21688.98,0.1741,0.2882,4,11,20315.58,48,8396.35,1,943.29,Part-time,1,665.72
59,85454.56,0.4306,0.3032,3,10,46287.03,90,18646.16,1,469.08,Full-time,1,645.02
55,61536.84,0.2525,0.2373,1,3,24432.53,17,33071.35,2,601.41,Self-employed,1,704.09
48,53281.9,0.1831,0.1764,0,2,18546.93,42,5441.49,2,145.78,Full-time,1,785.97
24,71785.08,0.3549,0.1312,2,17,22032.39,61,12401.5,1,344.71,Unemployed,1,711.56
57,52938.1,0.518,0.3449,0,4,43078.98,69,13804.11,4,556.64,Full-time,1,665.88
22,25444.54,0.2007,0.3688,3,17,20370.7,5,17332.17,2,175.8,Self-employed,1,626.76
50,100208.83,0.4637,0.4469,0,9,12537.43,52,23100.25,2,379.18,Full-time,1,642.5
40,73818.0,0.2155,0.2799,0,1,12625.04,70,2507.88,1,237.32,Full-time,1,773.71
62,57453.2,0.4365,0.3748,2,8,12321.63,169,21073.0,2,126.84,Part-time,1,716.18
35,42839.53,0.4024,0.4148,0,15,12107.31,160,2637.76,2,98.3,Full-time,1,758.91
51,34151.58,0.3377,0.217,0,10,31344.23,163,12945.94,1,410.49,Full-time,1,830.27
41,73185.44,0.4042,0.4316,1,17,59302.14,34,5448.17,3,271.15,Full-time,1,624.17
45,136768.97,0.146,0.1901,0,14,13547.92,132,15789.48,0,326.57,Unemployed,0,850.0
65,72506.02,0.1629,0.1842,1,16,9590.06,3,23523.96,1,113.52,Full-time,1,732.58
54,35516.66,0.1846,0.3709,1,14,7411.45,24,14025.13,1,487.65,Part-time,1,696.9
40,73225.76,0.3217,0.3687,1,12,60385.36,7,7667.93,1,1071.09,Unemployed,1,642.15
42,64601.68,0.5845,0.2291,1,5,35473.03,169,4365.46,2,615.46,Full-time,1,733.21
54,97618.24,0.4022,0.1308,2,11,11195.77,56,12946.37,5,221.3,Part-time,1,693.31
37,86944.91,0.4959,0.1149,1,5,19894.6,30,9451.85,2,76.96,Self-employed,1,672.5
28,20000.0,0.2975,0.36,2,11,48150.52,23,17783.43,1,558.59,Part-time,1,639.92
42,84572.04,0.168,0.188,0,11,17247.42,12,9264.52,2,690.17,Full-time,1,762.6
24,42126.58,0.3397,0.247,1,14,32986.21,21,43994.3,0,483.44,Self-employed,1,678.84
28,34899.3,0.3763,0.6328,1,7,16166.85,10,13900.53,1,319.47,Self-employed,1,562.24
40,60790.39,0.4526,0.1196,2,6,14664.55,107,29188.17,1,670.76,Full-time,1,723.49
58,79613.34,0.3372,0.1958,0,17,2823.77,52,8740.84,2,397.04,Full-time,1,743.22
57,31623.93,0.268,0.3457,1,6,13585.99,172,24954.3,1,308.43,Part-time,1,801.51
33,90858.57,0.1874,0.3254,0,11,12390.83,31,22704.9,4,595.47,Unemployed,1,738.26
40,93293.2,0.4324,0.2557,0,16,25959.41,36,7490.7,2,769.46,Unemployed,1,686.36
28,67584.86,0.2668,0.1106,1,5,21478.77,33,3741.15,1,234.19,Self-employed,1,744.81
56,44782.35,0.2753,0.2785,2,7,20711.44,63,39262.32,2,195.22,Full-time,1,700.28
32,42585.96,0.3742,0.4726,2,2,35128.22,53,9349.24,2,386.04,Part-time,1,613.76
58,104995.15,0.4881,0.3055,1,3,3511.49,173,7714.16,2,426.87,Part-time,1,746.36
60,33521.75,0.3025,0.1348,1,13,17419.52,159,10349.82,0,338.98,Full-time,1,833.05
53,106831.88,0.1809,0.2137,1,2,7951.78,18,5974.74,1,730.38,Full-time,1,732.3
36,61430.42,0.2675,0.5005,0,6,7509.35,163,22822.66,2,522.83,Full-time,1,780.46
65,63378.15,0.1349,0.5731,0,3,14714.59,177,13258.31,1,436.58,Self-employed,1,813.76
53,30679.82,0.6325,0.3538,3,4,18309.05,163,13967.57,2,324.09,Self-employed,1,632.63
51,61943.47,0.1743,0.2848,4,14,25633.27,164,35159.38,1,950.4,Full-time,1,763.18
61,87213.42,0.6947,0.4134,2,5,24469.9,141,14541.94,1,635.92,Full-time,1,605.74
62,36265.26,0.2926,0.2167,0,9,10111.74,50,50982.27,4,1023.55,Part-time,1,749.71
24,82816.79,0.3274,0.3774,0,12,15710.47,119,13136.72,2,400.73,Self-employed,1,756.6
62,68875.48,0.4225,0.2035,3,16,49313.18,45,3714.49,3,254.32,Part-time,1,634.88
56,49528.82,0.4585,0.1815,1,12,55811.57,107,6288.06,1,669.48,Self-employed,1,731.24
30,97207.47,0.5143,0.1135,2,7,14547.46,4,7199.7,1,341.11,Full-time,1,620.67
35,24562.7,0.2956,0.4431,0,2,19244.79,178,14703.84,1,240.61,Full-time,1,798.88
56,77343.08,0.404,0.2601,1,8,9629.64,3,48716.46,0,317.05,Unemployed,1,641.28
31,137138.39,0.5473,0.3331,2,12,37015.79,58,15683.17,2,551.08,Full-time,1,600.87
42,126497.07,0.3587,0.4666,2,1,91236.64,21,11000.78,3,360.42,Full-time,1,593.24
53,78858.71,0.3295,0.165,1,11,12399.16,132,10324.45,1,260.45,Full-time,1,794.9
51,57771.08,0.3349,0.1558,1,1,41083.19,113,21239.73,1,325.15,Full-time,1,779.75
63,49706.39,0.1873,0.5399,0,14,30201.03,14,19018.39,2,250.04,Full-time,1,670.5
26,57738.73,0.7253,0.2798,0,17,16035.17,106,26318.99,3,201.64,Full-time,1,650.79
34,84517.45,0.4726,0.3241,1,2,11078.29,18,7345.66,3,132.82,Full-time,1,617.2
67,46015.81,0.5132,0.329,2,16,102219.16,121,90508.27,2,727.77,Full-time,1,664.62
47,93045.2,0.3563,0.1099,1,5,30831.82,106,9968.31,2,723.41,Unemployed,1,778.97
32,172805.55,0.4153,0.3966,0,2,35278.42,12,7785.0,1,419.21,Unemployed,1,636.26
34,64353.88,0.3261,0.4066,0,14,15551.33,154,36880.85,3,218.19,Part-time,1,778.85
36,36135.19,0.5496,0.2161,2,6,18820.49,16,28771.84,2,293.18,Full-time,1,594.43
47,36129.5,0.11,0.2828,1,8,7694.39,162,7728.91,2,156.57,Self-employed,1,850.0
34,93850.14,0.2158,0.3633,2,17,30718.36,127,23769.68,2,139.56,Full-time,1,750.27
50,64415.8,0.4362,0.2965,0,16,13874.76,7,9301.06,3,228.4,Full-time,1,650.85
41,98181.58,0.464,0.4135,3,10,8790.59,64,19073.77,1,494.42,Self-employed,1,585.76
49,52045.03,0.4272,0.2985,0,12,9912.46,53,16308.86,0,121.02,Full-time,1,691.38
28,96161.14,0.3584,0.227,1,5,97482.32,163,116295.46,3,524.1,Full-time,1,796.56
50,61621.45,0.367,0.2426,0,1,14643.69,154,43555.29,0,448.18,Full-time,1,807.58
64,47589.77,0.4424,0.3264,2,12,23335.77,69,33077.84,2,439.54,Full-time,1,643.18
27,55245.97,0.3897,0.3024,0,8,7812.83,100,25609.71,1,362.53,Self-employed,1,740.82
36,38612.28,0.4892,0.2531,0,16,15798.07,39,4603.93,2,436.32,Unemployed,1,672.46
53,161977.35,0.4523,0.4347,3,6,6909.38,32,15635.01,2,332.66,Full-time,1,557.3
50,63362.54,0.439,0.0909,1,4,23395.19,49,9199.81,2,119.06,Unemployed,1,711.41
52,88435.73,0.482,0.245,1,13,9534.15,83,12789.69,0,898.32,Part-time,1,688.32
47,51969.32,0.316,0.25,0,10,31530.14,5,14372.54,2,271.8,Full-time,1,696.87
53,41218.09,0.3611,0.3081,0,3,5152.33,142,3110.06,1,285.55,Self-employed,1,782.98
49,59560.85,0.3922,0.1942,1,11,11585.93,139,10495.61,2,374.2,Self-employed,1,774.62
24,108611.94,0.4826,0.1984,2,16,41097.91,140,14883.39,4,1003.37,Full-time,1,722.29
56,52348.09,0.1606,0.2259,0,11,52741.45,132,29335.98,1,624.01,Part-time,1,850.0
42,44723.78,0.3944,0.2361,2,13,18109.37,155,6863.07,1,417.11,Full-time,1,751.82
23,70966.19,0.5341,0.323,0,3,13741.38,25,6824.06,0,358.33,Full-time,1,629.85
40,82831.21,0.4748,0.2198,1,10,19565.91,6,6449.86,0,275.97,Full-time,1,632.61
41,138590.9,0.4424,0.2975,1,12,75841.22,77,10194.24,3,468.41,Self-employed,1,682.07
25,77589.53,0.4006,0.2297,2,10,14944.36,57,5122.91,3,243.89,Full-time,1,669.9
67,88414.98,0.4413,0.578,1,16,18077.43,144,41268.28,0,348.49,Full-time,1,668.11
31,91461.54,0.2264,0.2156,1,17,8629.77,56,25835.96,2,754.32,Part-time,1,749.85
36,39385.11,0.5728,0.2439,2,10,11221.94,83,134295.71,5,329.44,Full-time,1,636.35
41,42894.57,0.1293,0.1936,0,15,24548.96,48,8504.04,6,488.57,Self-employed,1,802.81
60,40629.38,0.5096,0.1038,0,2,33697.48,150,27761.63,6,288.95,Full-time,1,796.17
55,36334.92,0.1291,0.101,1,16,22285.14,80,4762.47,4,274.0,Unemployed,0,827.69
57,94651.49,0.5557,0.1517,0,3,32256.54,119,46588.67,2,722.16,Full-time,1,744.53
32,75396.98,0.4268,0.3788,1,14,8952.11,76,11132.46,4,562.29,Self-employed,1,665.59
60,68581.17,0.353,0.1067,1,8,8352.1,130,12436.44,2,672.04,Unemployed,1,800.76
59,20604.76,0.3927,0.1343,2,6,31447.9,73,39502.56,4,465.83,Full-time,1,709.45
42,166869.04,0.3632,0.3393,1,15,12922.02,163,37511.07,5,384.06,Unemployed,1,767.05
46,44248.54,0.1069,0.2421,0,3,7925.46,80,5808.22,2,95.36,Part-time,1,824.07
22,166594.12,0.3235,0.3994,1,10,20784.99,63,12208.52,1,188.86,Full-time,1,680.6
56,34469.89,0.4389,0.3824,2,6,19150.72,58,44854.96,2,164.26,Full-time,1,621.06
66,45909.14,0.6322,0.4019,2,5,15789.58,143,9771.94,0,314.58,Full-time,1,629.03
43,24556.15,0.3472,0.1744,1,17,54770.43,176,17327.44,1,426.84,Self-employed,1,823.91
46,77882.48,0.3034,0.152,0,3,66987.4,100,21106.71,0,171.1,Self-employed,1,804.31
44,40313.21,0.1318,0.1159,1,17,35307.36,103,44249.76,3,149.17,Full-time,0,842.32
24,40829.08,0.2743,0.3141,2,1,24358.75,169,23567.31,3,291.47,Part-time,1,780.02
50,35680.82,0.3529,0.2216,1,4,47385.28,85,10862.17,1,130.06,Full-time,1,734.56
54,93883.49,0.4472,0.1637,3,7,20139.73,153,2517.71,1,738.67,Full-time,1,727.42
64,91140.6,0.2214,0.1866,6,4,15746.45,45,24294.68,3,182.25,Part-time,1,624.43
64,149554.36,0.5193,0.2894,0,5,11985.7,24,15467.59,0,297.02,Full-time,1,641.86
44,48602.59,0.4064,0.5314,1,12,10429.93,48,60444.88,2,214.67,Part-time,1,610.23
66,73018.54,0.3368,0.2871,2,2,34531.09,22,21793.91,5,297.67,Full-time,1,645.52
45,37041.68,0.5785,0.3963,2,10,6302.47,137,8253.19,1,84.91,Part-time,1,641.54
51,56910.35,0.3547,0.2562,1,7,11896.47,27,4631.49,4,771.26,Full-time,1,677.04
49,52392.55,0.5172,0.4848,3,10,14078.55,76,11537.75,1,861.82,Full-time,1,561.97
67,81552.52,0.4213,0.5581,1,6,6733.34,135,18185.24,1,144.92,Part-time,1,671.58
55,104575.0,0.3817,0.3278,0,16,13711.87,60,14603.29,1,396.71,Full-time,1,703.54
26,103360.69,0.3273,0.2336,0,6,19256.87,157,4569.67,0,415.4,Part-time,1,824.24
24,45285.15,0.1805,0.3297,3,10,37015.26,35,1250.38,2,349.42,Self-employed,1,667.59
40,103705.51,0.162,0.4687,1,8,12654.69,131,5922.82,2,684.58,Unemployed,1,768.39
45,64871.37,0.3462,0.1888,0,10,19350.68,178,1680.13,2,542.76,Part-time,1,847.27
52,57178.4,0.382,0.2348,1,7,6336.2,58,5800.26,4,253.8,Self-employed,1,700.03
43,48106.37,0.2564,0.3669,1,12,7696.02,67,16403.75,2,546.15,Unemployed,1,712.19
45,51432.67,0.4536,0.363,0,4,4757.5,130,45669.48,1,244.65,Unemployed,1,731.5
64,144935.08,0.171,0.4435,1,9,35782.64,37,1668.23,3,130.41,Part-time,1,693.66
36,75988.31,0.3209,0.4399,3,15,14335.54,114,5588.81,2,842.14,Full-time,1,663.76
44,71580.31,0.445,0.4491,0,10,21050.32,133,18695.16,1,985.32,Part-time,1,715.06
47,58805.4,0.4023,0.6802,2,4,26015.51,171,9109.11,1,154.19,Full-time,1,651.76
43,198926.44,0.2684,0.3035,1,13,31759.0,162,15340.21,1,374.7,Unemployed,1,803.6
66,119044.75,0.3896,0.0903,2,6,73404.96,45,18409.79,1,680.99,Self-employed,1,698.04
66,47835.44,0.2229,0.093,0,16,17519.49,136,9414.06,1,352.97,Part-time,0,850.0
45,58505.33,0.4753,0.6077,1,15,10959.06,142,37197.17,4,311.53,Full-time,1,648.82
42,60089.47,0.4295,0.2875,1,16,29402.72,68,105306.63,2,429.35,Full-time,1,680.94
48,70660.53,0.328,0.2592,0,15,94280.23,160,5393.13,3,469.84,Full-time,1,820.13
29,48264.34,0.2352,0.5422,2,12,12364.4,132,29374.66,2,358.83,Full-time,1,703.89
41,80617.21,0.3262,0.3039,1,12,10337.3,77,80149.81,3,656.37,Full-time,1,715.33
31,127190.3,0.5398,0.2146,0,5,3015.51,59,45710.41,0,396.62,Part-time,1,683.58
27,36638.96,0.2345,0.497,1,7,4243.0,24,7437.6,2,291.78,Full-time,1,650.4
25,39828.34,0.3386,0.5158,0,15,48706.35,89,10107.73,2,985.22,Full-time,1,693.64
48,53240.71,0.1071,0.3977,1,11,15971.07,18,3063.49,0,207.31,Self-employed,1,708.44
21,54363.16,0.5239,0.3699,2,12,8132.0,21,8229.93,2,449.89,Full-time,1,567.85
51,162642.47,0.4725,0.327,2,4,18072.16,122,8444.62,1,309.17,Full-time,1,678.17
41,103856.89,0.3419,0.2729,1,7,111402.86,53,19710.29,2,441.99,Part-time,1,698.37
38,101209.21,0.4618,0.3333,0,5,18086.72,104,5085.79,1,177.09,Full-time,1,714.8
57,58749.35,0.4985,0.4097,1,11,68891.47,92,14205.16,0,163.65,Part-time,1,649.69
46,58171.97,0.2855,0.3103,0,9,9359.52,103,15947.73,1,395.03,Full-time,1,772.61
55,34431.69,0.3756,0.2903,1,8,50121.53,15,8991.33,3,453.83,Unemployed,1,652.24
54,94068.93,0.2863,0.0678,2,14,12176.31,102,27244.17,0,82.31,Part-time,1,782.16
22,82534.74,0.5034,0.2341,2,15,10522.39,132,9097.67,1,432.94,Full-time,1,700.46
31,118030.56,0.2154,0.4689,0,16,9342.25,144,17617.49,2,312.6,Self-employed,1,788.16
47,60181.88,0.589,0.1122,4,6,14374.95,76,4428.53,4,108.7,Self-employed,1,608.58
66,62081.26,0.2615,0.3055,1,9,35707.97,83,6893.17,1,155.8,Full-time,1,739.34
28,71433.38,0.2114,0.1747,1,8,12872.01,96,30219.91,2,147.94,Unemployed,1,797.91
25,98849.51,0.5386,0.2578,2,16,38130.11,116,3228.07,0,354.07,Full-time,1,670.64
65,34146.08,0.4467,0.2287,1,14,10914.49,84,25330.3,1,64.92,Unemployed,1,703.82
66,92154.82,0.4206,0.2814,2,16,17026.99,117,10113.82,2,441.07,Full-time,1,700.97
28,65563.67,0.3938,0.3161,1,4,12437.5,128,2375.33,1,276.23,Full-time,1,734.5
39,41093.83,0.6337,0.2192,6,10,64109.56,133,9153.73,3,1004.15,Part-time,1,565.92
50,25898.17,0.3599,0.2785,3,10,25907.0,115,24935.94,1,60.75,Full-time,1,693.24
30,62229.65,0.1273,0.3537,2,8,22003.36,173,94925.39,1,246.77,Full-time,1,817.55
36,126940.13,0.5113,0.1171,1,8,14835.7,127,65238.63,3,59.55,Unemployed,1,748.17
39,140590.7,0.3691,0.4643,0,15,11991.8,172,6057.69,2,323.04,Full-time,1,766.53
51,77646.31,0.266,0.3023,1,7,8914.07,44,26351.04,0,239.62,Full-time,1,706.29
35,159995.75,0.6836,0.4098,0,8,45496.54,118,9130.44,1,675.37,Full-time,1,640.8
40,64904.78,0.286,0.3405,1,2,5824.57,114,7944.89,4,216.15,Full-time,1,749.08
34,101619.08,0.1628,0.3825,4,11,13993.85,66,31415.97,3,159.84,Full-time,1,660.54
56,54011.17,0.3381,0.0963,0,1,33449.34,95,16205.28,1,235.02,Full-time,1,803.66
28,52492.76,0.1196,0.4026,2,13,5581.79,75,16257.63,2,374.02,Full-time,1,725.97
31,48782.21,0.4312,0.2054,2,11,20430.63,16,3210.59,2,291.13,Full-time,1,632.62
32,26180.29,0.3677,0.3728,1,17,9804.3,70,5876.13,3,470.17,Part-time,1,679.82
63,118088.72,0.3772,0.1389,2,10,18373.22,12,6213.31,3,478.26,Full-time,1,662.12
65,49576.16,0.5074,0.1981,0,13,16026.73,159,20656.35,0,223.62,Unemployed,1,780.76
44,46136.17,0.193,0.4226,0,16,3720.37,105,24887.0,4,189.46,Full-time,1,773.95
28,38910.24,0.141,0.1948,1,4,28186.22,109,58402.98,2,389.17,Part-time,1,824.83
56,60357.36,0.4524,0.4251,1,6,9032.03,106,6003.37,2,582.8,Self-employed,1,671.34
44,146322.96,0.3958,0.3533,1,9,12282.24,68,59594.09,2,77.0,Self-employed,1,674.6
60,169770.11,0.1428,0.129,1,1,18685.12,139,10708.12,1,379.28,Full-time,1,850.0
37,31338.73,0.65,0.4385,0,5,23458.63,74,14287.91,1,267.81,Full-time,1,607.04
67,56415.45,0.298,0.339,1,8,24665.68,138,12096.17,1,155.83,Self-employed,1,765.85
58,41545.27,0.3705,0.1826,3,5,31369.96,87,16571.15,2,446.54,Unemployed,1,690.7
31,103233.84,0.2283,0.3428,3,1,3205.61,83,24164.66,3,221.34,Part-time,1,689.98
55,75279.8,0.5446,0.3649,0,13,25284.33,51,32270.87,2,642.51,Full-time,1,637.9
34,49689.25,0.5146,0.0789,2,5,18172.76,78,10853.76,3,880.22,Part-time,1,690.9
37,68367.84,0.2007,0.1953,1,1,12242.0,45,14406.45,3,162.42,Self-employed,1,753.46
32,53378.41,0.3293,0.277,1,12,21672.81,71,6158.37,3,337.59,Full-time,1,716.13
53,136818.53,0.3759,0.1703,1,4,34350.95,66,23769.3,4,257.5,Unemployed,1,724.66
33,84637.42,0.2736,0.2436,1,8,9763.63,169,16749.66,2,236.1,Full-time,1,822.85
51,89448.7,0.4684,0.2897,0,13,48117.03,71,6900.79,2,274.41,Unemployed,1,696.22
48,20000.0,0.4708,0.3754,2,6,40232.39,125,4642.96,2,271.74,Self-employed,1,669.08
56,64211.98,0.1992,0.242,3,10,23367.37,63,15316.35,1,799.0,Self-employed,1,707.24
67,168964.67,0.5422,0.1919,3,14,7660.47,64,40560.27,1,545.26,Unemployed,1,617.7
21,120181.46,0.4172,0.4034,0,13,81510.52,67,51443.34,2,784.02,Full-time,1,679.82
67,28819.56,0.256,0.293,1,6,22006.57,127,4449.16,0,157.66,Self-employed,1,780.78
26,57466.55,0.4339,0.2655,1,7,20006.75,39,29563.84,0,559.73,Full-time,1,660.96
45,38534.77,0.3476,0.3739,0,3,19526.55,98,26314.43,4,393.78,Full-time,1,733.91
37,142913.62,0.4287,0.115,1,3,26550.24,92,43352.87,0,567.3,Full-time,1,744.31
51,73859.89,0.6308,0.5256,3,5,34504.9,104,20014.55,2,183.02,Part-time,1,541.03
54,46839.96,0.4776,0.1383,1,17,17719.21,19,10054.58,1,127.84,Full-time,1,662.98
61,67196.14,0.2514,0.5703,3,17,7555.71,164,26056.66,2,184.96,Unemployed,1,693.67
39,20469.38,0.4619,0.1535,1,15,37214.42,50,1494.71,0,209.55,Self-employed,1,689.72
64,40609.91,0.3466,0.3869,1,5,10191.22,110,5751.29,1,311.6,Unemployed,1,715.96
36,67265.29,0.4973,0.4433,2,11,8925.45,60,6379.93,3,706.46,Full-time,1,589.98
30,96814.68,0.2354,0.3393,3,7,17247.38,163,7541.8,0,504.75,Full-time,1,755.39
38,27623.13,0.3018,0.3609,0,5,13107.48,175,3669.94,1,193.32,Self-employed,1,815.07
45,55741.49,0.2643,0.2337,2,3,23529.55,96,8269.23,1,297.33,Part-time,1,742.29
52,104230.34,0.2632,0.2718,4,17,26878.42,159,8344.94,3,370.4,Self-employed,1,735.59
60,34435.59,0.4308,0.402,1,12,12977.23,138,10678.76,4,38.94,Full-time,1,710.26
31,73359.87,0.5028,0.1978,1,12,19631.55,173,17004.9,2,567.51,Part-time,1,768.88
35,68165.14,0.4395,0.5416,1,5,12839.37,96,4612.14,2,494.7,Unemployed,1,637.75
65,143124.64,0.289,0.3916,2,17,30846.36,116,9091.9,2,463.08,Self-employed,1,712.07
41,59661.29,0.377,0.3324,0,4,25417.1,103,12359.98,1,266.33,Full-time,1,739.63
32,61253.71,0.3426,0.1323,0,4,29799.27,130,2763.28,6,605.92,Self-employed,1,822.48
67,97220.02,0.2859,0.1562,3,10,14780.6,79,12548.81,2,368.96,Full-time,1,716.01
42,36429.83,0.3802,0.1323,3,16,21608.22,76,16365.27,0,388.46,Part-time,1,691.2
67,59910.23,0.4639,0.3729,1,13,25771.82,119,25446.65,4,697.03,Full-time,1,691.77
64,53902.05,0.356,0.3438,0,17,30460.96,161,4350.72,1,295.4,Self-employed,1,791.42
63,62161.41,0.2532,0.1988,1,11,28681.08,14,11744.6,0,94.91,Self-employed,1,711.01
48,96933.74,0.3297,0.2919,2,5,16548.09,169,38323.04,3,634.35,Unemployed,1,768.95
58,84912.17,0.2916,0.3676,0,9,8064.34,123,3054.84,1,114.31,Part-time,1,773.12
66,47244.57,0.3637,0.3306,1,9,25620.47,6,13283.14,0,305.64,Part-time,1,638.24
33,70369.46,0.3292,0.1508,0,17,24746.01,95,3662.36,1,111.01,Full-time,1,792.71
22,129404.54,0.263,0.5247,1,6,8350.67,165,9273.35,3,172.03,Part-time,1,752.42
36,45519.02,0.2993,0.0621,1,5,32620.15,131,6739.57,1,420.35,Unemployed,1,828.85
50,70638.11,0.1739,0.3211,2,8,20117.42,101,18363.7,0,559.37,Self-employed,1,751.72
46,60662.3,0.3576,0.421,2,9,16477.87,4,10394.65,1,643.55,Full-time,1,590.8
24,64321.4,0.3324,0.2053,3,10,20940.2,81,4513.73,2,666.26,Full-time,1,691.46
47,31767.66,0.6163,0.2919,2,4,34604.92,54,48763.6,6,626.89,Full-time,1,587.14
29,124846.88,0.4274,0.161,2,14,53688.94,149,15542.62,2,329.47,Self-employed,1,755.7
44,46701.97,0.3361,0.2009,3,9,17369.36,103,30909.43,0,681.42,Part-time,1,709.78
48,105001.76,0.1337,0.5102,1,8,15347.88,50,5266.14,1,228.17,Full-time,1,699.01
50,50030.12,0.1993,0.3919,2,9,27596.63,85,9564.5,1,79.44,Part-time,1,713.07
40,49937.27,0.4974,0.2657,0,16,7058.37,123,31233.3,2,442.19,Full-time,1,736.86
40,114222.72,0.3322,0.1567,0,14,32979.0,22,7062.29,3,129.52,Part-time,1,729.5
52,103491.84,0.3139,0.2462,0,10,6986.0,90,13302.22,1,165.93,Full-time,1,769.28
56,72685.68,0.4762,0.3049,0,8,6890.84,12,12636.67,2,167.35,Self-employed,1,640.92
58,93201.37,0.4247,0.2191,1,4,53493.04,34,1792.73,2,202.34,Full-time,1,671.15
36,58113.38,0.3222,0.2694,1,3,4196.92,74,12601.28,3,468.32,Part-time,1,722.66
40,65922.47,0.3127,0.0614,2,17,45029.12,108,9357.82,2,796.06,Full-time,1,780.84
36,49132.16,0.3368,0.2709,2,17,53734.33,76,11602.72,1,547.31,Unemployed,1,694.57
45,99392.23,0.2689,0.2635,1,5,22872.59,167,7247.71,0,179.82,Full-time,1,817.62
26,48434.32,0.2805,0.4433,1,5,27557.1,70,4466.81,1,258.14,Full-time,1,688.36
41,129097.13,0.2613,0.2131,0,15,5991.7,114,6690.84,3,63.56,Full-time,1,813.34
29,57404.31,0.3613,0.3757,2,5,12775.79,169,8537.61,1,292.59,Full-time,1,738.52
46,66784.67,0.3712,0.405,1,12,23177.02,118,22379.32,1,430.89,Full-time,1,710.72
60,93099.83,0.1316,0.3745,3,16,22709.21,39,8301.15,3,597.06,Full-time,1,674.4
67,66885.6,0.6297,0.3157,2,16,24613.39,4,14668.16,4,168.31,Full-time,1,535.5
41,57869.24,0.3489,0.3077,1,12,22700.63,129,15850.57,1,600.39,Self-employed,1,750.91
23,65283.16,0.3813,0.3874,0,2,18300.99,39,8435.78,3,201.27,Part-time,1,671.26
31,98934.99,0.2198,0.2471,2,16,7667.47,35,30506.51,2,602.5,Full-time,1,701.45
25,49105.02,0.5418,0.3124,4,4,23072.96,150,9712.85,3,590.8,Self-employed,1,634.36
56,62516.97,0.3975,0.2183,1,5,8137.2,10,8292.23,2,801.34,Full-time,1,659.51
67,66478.18,0.4331,0.4576,2,4,13969.68,58,34171.22,2,1262.61,Self-employed,1,604.0
47,97642.03,0.3134,0.4014,1,1,47786.77,112,15009.41,2,224.47,Full-time,1,723.96
29,63263.86,0.4857,0.1626,1,4,6032.7,164,1749.37,2,554.0,Unemployed,1,775.31
21,149303.23,0.2713,0.3107,3,8,16531.0,152,1394.13,0,270.75,Self-employed,1,742.6
66,61670.29,0.7233,0.3673,1,1,33115.69,119,51762.62,0,145.45,Full-time,1,615.35
35,59459.01,0.1684,0.4815,1,5,28200.77,61,14335.09,1,439.73,Part-time,1,704.94
26,61269.38,0.2666,0.4299,2,3,22335.65,43,11524.21,2,510.93,Full-time,1,648.38
29,36589.31,0.1694,0.3231,1,13,11225.06,99,2026.87,2,283.07,Full-time,1,775.9
32,41501.0,0.4536,0.1465,3,12,45142.68,110,11797.91,2,183.03,Full-time,1,693.96
51,52114.57,0.3689,0.3048,2,4,7655.75,114,5450.83,2,444.62,Part-time,1,708.13
62,110318.12,0.3571,0.2986,1,15,29291.53,177,10216.42,1,179.31,Full-time,1,790.72
33,65192.08,0.442,0.275,1,2,20072.85,121,7193.07,0,303.07,Part-time,1,724.48
53,53205.13,0.3961,0.4479,1,3,10397.44,32,10444.89,1,512.69,Full-time,1,620.86
24,114914.15,0.3845,0.3992,3,9,13733.82,109,15748.96,1,424.56,Unemployed,1,650.68
21,132990.07,0.5052,0.4032,4,16,64073.83,147,18340.49,1,555.64,Unemployed,1,620.14
23,116415.63,0.1817,0.479,3,5,7994.51,161,12638.13,3,212.63,Part-time,1,734.91
64,45076.19,0.4897,0.3237,1,17,5260.96,69,14626.86,4,303.79,Part-time,1,654.67
48,52951.84,0.3569,0.3107,0,5,11538.37,35,2931.38,2,238.71,Part-time,1,694.42
58,149668.96,0.6051,0.3589,0,11,24078.36,70,12439.92,1,355.34,Full-time,1,637.08
22,73755.65,0.5436,0.1032,2,6,48857.98,134,15928.76,1,214.66,Full-time,1,722.79
22,58663.2,0.3827,0.2931,0,11,18355.86,37,12488.94,1,303.97,Full-time,1,692.75
60,91423.39,0.2034,0.2137,0,6,5767.66,170,47239.36,2,345.82,Full-time,1,850.0
25,104118.46,0.1992,0.3829,2,5,19281.66,148,10672.07,2,754.84,Full-time,1,767.85
28,51166.88,0.1998,0.4625,0,8,32832.04,64,4334.29,1,259.33,Part-time,1,727.77
45,73038.94,0.5265,0.3116,3,6,22569.81,81,13354.32,1,404.6,Part-time,1,606.65
49,100403.47,0.4657,0.094,1,10,25479.81,140,8199.88,3,726.04,Full-time,1,778.46
31,39256.44,0.2628,0.6706,1,9,4863.95,111,3083.57,1,119.76,Full-time,1,671.01
41,66539.79,0.3089,0.2964,4,10,7048.09,111,10312.58,5,461.42,Full-time,1,675.73
52,40075.67,0.2733,0.4135,1,3,16419.9,34,46838.19,5,458.99,Self-employed,1,667.97
41,42505.5,0.332,0.4745,0,11,39872.6,51,9763.71,2,378.18,Self-employed,1,674.28
38,51359.49,0.5351,0.6249,1,13,10377.53,36,33549.85,0,326.16,Self-employed,1,538.24
24,82018.8,0.2939,0.326,0,3,20812.4,74,24585.92,3,690.7,Part-time,1,742.0
42,57244.67,0.3044,0.5775,0,4,20259.24,109,99892.44,4,40.52,Full-time,1,705.14
58,49425.01,0.1533,0.2889,0,2,8691.53,158,19649.65,0,427.07,Full-time,1,850.0
50,67724.25,0.5691,0.0919,1,4,10771.18,175,14256.61,2,384.31,Part-time,1,777.13
62,39492.53,0.3885,0.396,0,16,17718.43,88,14414.4,2,371.22,Unemployed,1,707.78
26,80254.77,0.3787,0.6344,1,2,13961.63,77,16927.73,3,266.21,Full-time,1,616.96
21,110097.77,0.5253,0.0855,0,4,32029.48,54,10711.58,2,236.44,Part-time,1,716.04
46,63854.23,0.4632,0.1828,1,3,13432.75,154,8671.77,0,251.38,Full-time,1,768.67
29,60403.84,0.2374,0.5664,2,15,33555.52,179,19769.27,3,298.05,Full-time,1,736.35
48,78280.06,0.2711,0.5437,3,10,13999.2,74,7802.97,3,307.67,Self-employed,1,619.41
63,26560.72,0.3167,0.1666,0,2,18338.38,56,2732.92,2,66.89,Part-time,1,760.01
36,84252.02,0.1803,0.4527,1,5,31569.18,179,4386.34,0,476.15,Part-time,1,806.9
46,250000.0,0.3823,0.3724,1,12,16730.06,10,54168.17,2,135.41,Full-time,1,625.54
53,62617.23,0.5597,0.2556,0,13,13382.75,85,10186.63,2,387.85,Full-time,1,689.02
28,62717.37,0.1822,0.3394,2,11,17181.1,38,25669.94,2,195.01,Part-time,1,692.16
63,92468.48,0.498,0.2748,1,10,33701.13,107,7382.48,2,392.02,Self-employed,1,696.07
30,138745.93,0.373,0.3093,0,8,22746.35,174,28448.93,1,821.09,Full-time,1,805.78
58,102614.6,0.3808,0.2061,3,15,4018.89,16,18806.94,0,138.35,Part-time,1,622.57
52,25083.79,0.3493,0.3142,4,7,10878.3,58,72575.54,1,368.66,Unemployed,1,614.99
27,85265.86,0.5213,0.4575,0,17,10944.18,10,40909.25,6,357.81,Full-time,1,587.57
55,210526.87,0.2924,0.145,1,15,27131.7,155,24967.61,1,153.15,Part-time,1,830.2
30,87561.66,0.3474,0.2064,1,16,4715.54,25,8099.59,0,720.08,Self-employed,1,690.01
49,39357.0,0.4385,0.1301,0,12,21934.55,157,4917.75,1,158.4,Unemployed,1,816.76
66,75118.59,0.2167,0.27,2,6,28147.51,63,11858.19,1,107.14,Self-employed,1,719.99
65,37186.12,0.4131,0.1671,3,11,28150.33,6,13577.67,2,242.94,Part-time,1,614.29
61,115238.79,0.6477,0.11,2,8,16995.81,90,9437.14,3,737.15,Part-time,1,653.19
44,43038.61,0.2566,0.1673,3,16,5818.9,132,24327.64,0,386.57,Self-employed,1,766.2
47,68419.26,0.4532,0.4316,1,16,15062.35,42,14269.61,1,696.81,Full-time,1,616.14
35,44981.16,0.323,0.5045,2,2,50598.29,99,13332.29,0,440.47,Self-employed,1,659.48
64,51745.79,0.1943,0.2755,0,13,11883.31,71,48800.31,1,534.88,Part-time,1,782.0
43,129154.91,0.5217,0.3976,1,13,82998.96,113,14602.55,0,162.27,Full-time,1,663.26
57,69324.64,0.3169,0.1015,2,11,31818.61,37,4221.86,3,87.95,Full-time,1,710.39
37,51449.65,0.1961,0.2071,2,17,16315.77,80,31899.14,2,505.84,Unemployed,1,756.06
55,39523.37,0.51,0.4322,0,2,21120.8,163,15963.87,2,218.4,Part-time,1,724.78
31,28502.14,0.6324,0.1692,0,17,23436.92,25,10597.45,2,100.41,Unemployed,1,638.81
55,37681.47,0.5867,0.3129,1,1,12039.95,49,5927.95,1,485.42,Unemployed,1,611.6
23,69590.38,0.3386,0.2332,2,3,13498.16,27,39027.42,2,441.75,Part-time,1,662.62
25,102858.05,0.3818,0.3418,1,11,72856.24,76,56204.17,2,883.22,Full-time,1,688.34
37,51423.05,0.4932,0.1825,3,14,51236.11,7,7543.63,0,277.57,Unemployed,1,587.25
43,134154.13,0.42,0.1695,3,16,13843.33,7,17204.86,3,315.47,Self-employed,1,612.46
54,47912.17,0.4423,0.3146,1,2,10454.74,49,19402.38,1,502.98,Full-time,1,654.49
37,59450.23,0.2184,0.3764,2,15,5912.27,135,3035.07,1,882.27,Full-time,1,752.88
21,40708.43,0.2826,0.482,2,12,81601.37,118,12872.61,2,655.59,Full-time,1,693.05
36,103346.51,0.3135,0.1957,1,7,36938.35,105,3041.1,2,165.9,Self-employed,1,769.53
41,170055.44,0.1581,0.2282,3,11,43152.8,52,13153.93,4,285.3,Unemployed,1,713.85
46,29946.94,0.3781,0.3309,1,7,12328.03,166,91451.26,2,394.54,Full-time,1,767.18
51,56626.2,0.344,0.5513,0,8,11772.73,70,3898.02,3,346.74,Self-employed,1,667.31
32,116908.98,0.5479,0.2786,4,4,9461.17,108,65829.04,1,177.19,Part-time,1,605.98
49,34505.52,0.6521,0.3299,1,6,2000.0,107,60471.29,3,832.59,Full-time,1,636.06
50,85392.01,0.2632,0.3144,1,12,9777.19,164,13296.57,4,284.16,Part-time,1,804.11
57,114652.66,0.4432,0.1635,3,5,22555.02,115,20699.86,2,120.03,Self-employed,1,697.0
45,68542.07,0.2383,0.2186,1,14,21458.52,81,10499.66,4,296.35,Part-time,1,766.36
59,84763.34,0.3224,0.3942,1,6,11715.74,155,9135.27,1,547.31,Full-time,1,758.9
31,146152.53,0.3274,0.3231,1,16,28517.05,118,15880.22,0,717.78,Unemployed,1,744.34
54,159021.06,0.2683,0.4043,0,2,11249.64,66,6915.13,0,232.64,Full-time,1,723.44
23,64351.45,0.3405,0.5096,0,6,30865.69,8,19973.08,4,362.66,Unemployed,1,627.12
25,52074.46,0.2486,0.3196,0,6,30588.71,132,13839.44,2,349.18,Full-time,1,805.52
61,43739.59,0.3013,0.2345,2,10,31997.53,142,5392.47,0,361.99,Part-time,1,769.32
43,102706.83,0.6199,0.2155,1,9,18990.54,64,24418.69,3,817.06,Part-time,1,638.49
50,35692.68,0.3721,0.5488,1,2,10185.1,109,24967.98,0,170.26,Full-time,1,667.0
49,59061.92,0.4235,0.2067,1,9,7827.36,128,34702.1,2,1029.01,Unemployed,1,752.94
53,69300.71,0.2153,0.2083,2,10,3951.91,139,8886.23,3,82.67,Part-time,1,799.17
32,52767.4,0.3437,0.4905,2,10,30638.7,167,32035.53,3,312.27,Self-employed,1,713.43
29,75050.7,0.2364,0.2817,5,10,5540.92,108,84262.09,2,701.34,Full-time,1,673.66
22,209825.39,0.5669,0.3869,0,13,16406.88,62,13701.06,2,770.49,Full-time,1,634.87
61,62647.6,0.5066,0.3638,1,13,21006.8,83,14777.78,2,671.54,Full-time,1,651.24
31,54397.17,0.2323,0.14,1,2,8532.33,90,23786.34,0,282.66,Unemployed,1,795.31
48,104495.5,0.3229,0.2494,1,11,16543.35,35,2120.0,4,764.46,Self-employed,1,694.95
42,73704.02,0.3347,0.1686,2,15,22545.44,46,4183.09,4,802.83,Self-employed,1,695.77
28,126462.5,0.2147,0.1917,0,8,14893.13,39,8365.56,4,652.44,Self-employed,1,770.17
40,71261.35,0.3411,0.1969,2,7,24891.34,95,9997.72,2,104.41,Part-time,1,727.61
24,59172.34,0.5421,0.1485,1,9,13210.57,78,14696.45,1,195.65,Part-time,1,690.24
29,29653.15,0.3587,0.5449,0,4,14846.87,94,16767.05,1,430.52,Full-time,1,684.5
27,31924.19,0.4951,0.2949,4,8,9680.37,16,4158.67,0,613.94,Self-employed,1,541.08
59,28967.67,0.3969,0.4715,3,4,16400.59,146,35575.61,5,178.03,Full-time,1,659.72
47,78488.13,0.3708,0.2733,3,7,18110.52,159,17732.54,2,267.23,Full-time,1,727.94
64,35846.02,0.1777,0.4791,1,14,9445.65,141,14056.46,1,323.45,Full-time,1,769.42
41,116425.84,0.2253,0.1004,0,16,24349.43,126,20271.34,0,354.33,Full-time,0,850.0
30,67077.97,0.3056,0.1122,1,9,3210.46,76,7918.57,1,437.0,Full-time,1,768.6
49,59285.25,0.287,0.2848,2,16,38461.04,23,10908.05,2,520.18,Full-time,1,661.87
64,45263.91,0.6108,0.3025,2,5,6685.94,33,5322.6,1,68.75,Part-time,1,568.64
46,87554.47,0.4251,0.4231,1,5,37357.95,60,2052.04,3,516.03,Full-time,1,641.7
21,46072.71,0.2476,0.2904,1,16,27843.1,47,10927.89,3,550.48,Full-time,1,717.29
35,42471.13,0.5229,0.2882,2,11,36637.13,59,57867.86,2,289.52,Full-time,1,620.25
64,112956.43,0.4699,0.2828,1,10,8198.23,91,8238.91,1,605.54,Full-time,1,689.16
45,77619.93,0.1909,0.2942,2,7,15638.37,78,3557.51,2,247.68,Full-time,1,734.18
65,59532.74,0.3521,0.1168,3,11,22151.87,174,21590.69,3,627.83,Full-time,1,785.17
44,88313.2,0.587,0.4029,1,16,24332.52,21,8893.7,1,365.14,Self-employed,1,565.67
21,66437.66,0.2103,0.4578,1,5,32471.06,123,19375.53,2,210.29,Full-time,1,749.96
62,78618.0,0.3399,0.1997,2,13,28451.13,41,23428.21,2,628.88,Full-time,1,682.27
56,45817.36,0.5895,0.3269,1,7,25160.59,50,8685.81,3,610.17,Self-employed,1,608.09
54,167993.3,0.4283,0.1872,1,6,25436.86,81,19007.15,3,716.63,Full-time,1,717.21
66,50979.1,0.2984,0.279,1,6,29103.92,178,12963.12,2,472.54,Self-employed,1,814.06
30,133279.99,0.2734,0.3605,0,15,18286.06,172,2508.18,2,407.73,Full-time,1,821.19
63,60779.57,0.6056,0.3988,1,5,40219.79,150,8553.58,1,231.66,Full-time,1,668.62
31,95148.46,0.1707,0.5462,0,8,17087.88,12,6599.23,3,174.55,Self-employed,1,672.24
66,92078.85,0.4977,0.3102,1,16,5519.72,81,3707.33,0,911.66,Part-time,1,665.64
29,110866.64,0.347,0.228,2,9,43121.01,146,6501.57,2,103.29,Full-time,1,760.57
46,45329.77,0.4394,0.2845,1,3,25024.56,124,23635.98,3,450.18,Full-time,1,725.39
58,107369.98,0.4056,0.2983,0,17,16247.96,67,13519.93,0,153.83,Self-employed,1,709.58
24,151887.89,0.316,0.2522,1,2,19532.69,23,2758.99,2,456.05,Unemployed,1,686.32
24,58899.52,0.5549,0.2844,1,16,51788.44,87,5196.5,3,651.04,Full-time,1,659.93
60,67212.72,0.2716,0.1098,0,7,19342.19,176,13533.23,1,495.98,Full-time,1,850.0
23,52284.17,0.2908,0.1472,2,12,52226.18,54,13326.04,5,147.27,Self-employed,1,720.96
49,56619.21,0.3074,0.2561,2,12,25088.57,31,10174.42,2,326.05,Full-time,1,669.59
65,142934.29,0.4991,0.1967,0,5,13988.84,147,25346.05,1,455.07,Part-time,1,773.6
49,42112.27,0.3822,0.4968,0,6,7209.69,153,18281.6,1,162.64,Full-time,1,738.64
43,43306.0,0.4373,0.3198,2,3,19224.87,144,8220.08,4,351.06,Full-time,1,708.86
40,136612.73,0.3809,0.3847,1,4,45247.15,87,7525.1,4,372.8,Full-time,1,687.06
50,87644.73,0.3069,0.2389,0,1,12113.21,85,11256.3,2,229.43,Unemployed,1,769.04
47,171813.8,0.3257,0.3084,0,1,23309.24,135,2273.38,0,313.57,Self-employed,1,787.69
44,54030.43,0.1492,0.3993,1,8,52814.41,15,17125.01,2,550.34,Full-time,1,692.92
28,70040.33,0.5366,0.3607,2,15,5213.44,61,4591.64,1,345.4,Self-employed,1,599.68
52,49153.11,0.2534,0.061,2,7,23820.17,17,37350.41,2,608.95,Full-time,1,722.9
55,70578.83,0.4586,0.1487,1,13,26577.82,93,3117.61,1,578.64,Full-time,1,727.74
54,29781.91,0.2823,0.43,1,6,23138.7,165,18290.97,4,619.79,Full-time,1,770.31
24,90059.83,0.168,0.4791,1,11,5471.12,108,2458.87,2,356.52,Full-time,1,744.82
54,76539.59,0.5207,0.2129,2,9,10599.03,10,7717.21,0,515.07,Full-time,1,598.9
55,64479.36,0.4502,0.4487,2,13,4187.76,76,18698.34,2,609.75,Unemployed,1,616.1
29,55510.98,0.2802,0.207,1,12,7169.81,107,29137.17,4,478.78,Self-employed,1,778.36
60,44238.94,0.3706,0.2157,3,15,32551.93,85,27916.14,3,661.2,Part-time,1,680.73
45,91809.48,0.6155,0.0868,0,10,14314.23,84,23961.18,3,89.36,Full-time,1,713.65
43,39066.07,0.1972,0.555,1,5,31999.38,175,26330.85,2,867.68,Full-time,1,772.92
54,83312.44,0.4386,0.1966,1,2,30797.25,38,28292.26,3,427.58,Part-time,1,675.94
44,168299.96,0.2079,0.1494,1,14,8212.89,83,8257.55,1,512.85,Full-time,1,794.45
46,129118.35,0.1398,0.1746,2,4,20302.36,69,9604.33,1,1212.19,Part-time,1,771.91
35,33613.82,0.2539,0.1695,2,2,5940.9,31,23603.98,1,647.91,Self-employed,1,707.29
64,51972.39,0.2372,0.2017,0,8,21857.53,178,33658.03,6,253.5,Self-employed,1,850.0
66,79989.67,0.5253,0.4526,1,16,24260.65,89,11570.82,1,626.81,Full-time,1,628.43
27,64111.12,0.2833,0.284,0,6,15379.71,90,8322.03,3,990.31,Full-time,1,769.01
55,35251.64,0.2846,0.2175,2,10,5555.43,163,8088.52,1,468.9,Unemployed,1,796.08
22,78699.51,0.3444,0.385,0,8,6365.25,51,6471.17,2,340.68,Part-time,1,692.93
38,65873.56,0.4622,0.3192,1,13,106920.15,47,19488.08,3,847.62,Part-time,1,645.71
66,156599.43,0.4883,0.404,2,14,27860.8,156,34248.78,3,486.24,Unemployed,1,682.51
29,59044.52,0.1903,0.5366,2,9,14836.01,57,19738.47,1,225.04,Full-time,1,656.26
38,111926.93,0.4084,0.15,1,8,35310.59,79,12869.12,1,319.17,Self-employed,1,730.81
31,37414.37,0.2878,0.1278,0,7,50521.21,50,66714.77,0,468.85,Unemployed,1,773.38
55,41664.13,0.2105,0.1983,2,13,42081.86,51,13149.11,2,117.06,Full-time,1,729.78
42,91559.83,0.2186,0.1986,0,13,15749.36,68,42788.09,1,675.1,Unemployed,1,791.44
48,107761.84,0.5459,0.395,1,5,14275.33,49,5253.25,2,240.97,Unemployed,1,603.31
65,43009.37,0.3918,0.3258,1,6,31480.31,86,15953.14,2,384.17,Full-time,1,697.68
45,66892.01,0.3738,0.321,0,13,15293.81,146,5762.28,0,683.67,Part-time,1,779.28
55,35535.57,0.3326,0.1302,3,11,41733.49,62,6074.44,0,614.52,Full-time,1,694.34
25,60989.14,0.5143,0.1171,1,13,19505.76,51,6688.17,2,508.71,Self-employed,1,683.94
31,96434.11,0.5697,0.3458,2,1,31427.62,36,14071.56,2,143.05,Unemployed,1,572.64
65,54408.12,0.2784,0.2886,2,16,37335.26,78,9004.99,1,499.9,Unemployed,1,709.33
61,59156.06,0.2408,0.1685,1,15,7264.45,63,2297.77,3,247.07,Part-time,1,763.14
51,39798.8,0.184,0.2758,2,16,19970.04,73,9222.46,1,279.46,Self-employed,1,736.68
38,49426.34,0.4292,0.1711,3,3,40287.84,76,7847.63,4,572.99,Unemployed,1,666.8
30,145969.05,0.264,0.0955,0,10,10252.79,103,3021.03,1,201.87,Full-time,0,832.76
61,68378.67,0.3188,0.1895,3,11,12288.89,89,19629.83,3,521.29,Full-time,1,706.15
57,42148.8,0.2186,0.256,1,5,41814.19,37,23514.86,2,817.79,Full-time,1,726.25
32,57431.75,0.3113,0.281,2,15,52550.6,119,22565.94,0,361.3,Self-employed,1,735.53
48,32246.27,0.2508,0.3536,0,2,2000.0,103,56825.03,1,754.43,Full-time,1,772.19
50,41924.6,0.2246,0.1742,0,12,41734.1,133,5147.45,1,339.02,Full-time,1,849.9
43,122045.95,0.1853,0.3567,2,10,3542.56,143,5256.37,1,266.56,Unemployed,1,774.4
64,62061.61,0.2495,0.297,5,9,17254.23,149,12974.6,4,285.25,Full-time,1,700.07
26,154945.48,0.1914,0.3991,0,14,6836.0,130,12073.85,5,592.3,Full-time,1,801.14
33,63392.03,0.2163,0.4351,1,9,12292.09,47,14966.08,3,352.94,Unemployed,1,690.5
25,65108.45,0.1272,0.1133,0,2,19408.68,23,27188.92,3,292.12,Full-time,0,802.68
53,88291.79,0.675,0.3652,0,8,26148.31,111,10748.73,1,878.82,Self-employed,1,648.7
51,20000.0,0.4727,0.3865,1,16,49049.45,35,32142.23,0,827.75,Full-time,1,615.73
67,72563.89,0.1209,0.2718,2,1,7032.59,35,6935.3,1,370.72,Full-time,1,724.95
46,64728.45,0.5135,0.3659,2,2,40512.52,120,8682.46,2,341.17,Full-time,1,654.48
28,129148.41,0.6062,0.4925,3,14,14847.3,112,5195.6,3,116.51,Part-time,1,563.35
42,102140.62,0.2859,0.2833,2,2,15070.2,33,735.27,3,326.78,Part-time,1,670.9
25,39729.08,0.3166,0.2323,1,17,59296.36,165,3018.07,1,111.74,Full-time,1,809.44
52,115723.89,0.6806,0.2803,0,10,32523.24,19,28586.75,3,484.95,Full-time,1,591.58
52,58803.61,0.3597,0.3577,0,13,5554.55,157,34103.86,2,107.3,Unemployed,1,783.5
61,44046.27,0.4917,0.287,0,12,17071.53,146,4504.16,1,365.51,Full-time,1,752.41
36,72308.46,0.1584,0.2755,0,16,10685.08,110,29487.82,1,386.3,Full-time,1,825.27
35,60400.57,0.1276,0.2034,1,17,13303.15,63,1695.69,1,445.22,Full-time,1,788.37
24,132231.49,0.3244,0.2654,0,15,16448.69,51,5559.33,1,1535.8,Unemployed,1,728.83
40,77132.49,0.3133,0.124,3,12,24940.9,100,8978.21,0,112.03,Self-employed,1,733.34
43,72587.39,0.4512,0.2533,2,7,7489.6,27,32717.45,4,913.37,Full-time,1,623.81
56,99239.48,0.1995,0.2998,2,6,15440.87,141,62035.52,5,766.4,Full-time,1,782.7
56,108206.01,0.427,0.3729,0,7,13680.21,81,9012.27,3,441.47,Full-time,1,696.18
27,94147.91,0.4181,0.3837,1,17,23597.83,97,12604.83,2,856.89,Unemployed,1,684.48
34,125336.65,0.5208,0.2804,0,8,17377.31,73,32357.61,2,850.88,Self-employed,1,684.49
45,87021.2,0.5198,0.0712,2,1,34767.27,25,90277.07,2,647.99,Self-employed,1,647.09
36,71356.46,0.2913,0.205,1,2,21612.13,122,36671.37,1,232.92,Full-time,1,788.03
22,115569.51,0.3964,0.4529,1,10,27509.73,123,4776.07,1,277.01,Full-time,1,695.36
60,63519.15,0.2874,0.143,1,1,21227.0,21,28127.71,0,602.89,Full-time,1,720.53
55,67168.59,0.3368,0.3759,1,12,8065.2,62,7714.65,3,251.94,Part-time,1,681.65
45,143588.9,0.2711,0.3173,1,1,13873.32,11,43951.1,2,207.61,Full-time,1,673.51
35,137292.07,0.4607,0.0989,4,12,11292.3,62,22880.52,1,511.37,Full-time,1,638.73
60,65928.16,0.7121,0.0872,3,9,30675.61,131,5600.35,2,318.21,Full-time,1,648.74
22,53954.79,0.1581,0.4795,1,12,32729.78,103,34179.52,0,167.95,Part-time,1,743.53
41,127826.36,0.4767,0.1748,1,10,17029.23,109,20944.1,1,165.84,Full-time,1,729.12
58,94862.93,0.3978,0.1854,1,7,19963.87,108,18744.51,2,758.21,Part-time,1,749.31
65,76268.22,0.4426,0.2032,1,2,5969.12,65,13704.61,0,882.36,Full-time,1,695.59
32,57248.53,0.2297,0.2845,0,11,13727.6,74,8560.29,1,137.04,Full-time,1,771.63
51,76823.32,0.1529,0.2589,1,4,3129.27,134,22577.25,3,577.99,Full-time,1,826.07
29,65527.89,0.2719,0.3002,1,16,31773.76,129,86798.56,1,885.12,Self-employed,1,775.88
26,49072.19,0.2622,0.294,1,13,85841.44,81,67641.48,1,436.47,Full-time,1,740.34
37,70127.41,0.5407,0.549,2,17,12416.22,134,11421.66,3,82.33,Part-time,1,612.21
62,74566.07,0.4225,0.2218,2,10,21166.69,143,2234.29,1,366.09,Full-time,1,736.97
53,55886.17,0.3392,0.2748,1,16,24150.63,74,8387.95,4,511.12,Unemployed,1,716.21
43,99381.53,0.3444,0.4745,1,14,8138.86,151,15125.99,3,320.98,Part-time,1,728.89
34,118181.23,0.591,0.3804,3,15,16448.21,30,17025.14,3,1208.59,Self-employed,1,527.6
27,102380.75,0.35,0.2702,0,4,25019.49,135,28672.24,5,406.36,Part-time,1,789.95
33,58436.05,0.4656,0.2081,1,14,20298.42,101,24766.1,3,760.61,Part-time,1,717.46
28,92978.14,0.6168,0.3775,1,10,18801.73,168,25079.12,0,384.61,Full-time,1,685.58
29,68533.82,0.4623,0.4459,2,14,14655.0,37,7797.7,2,814.86,Full-time,1,580.67
53,37945.81,0.357,0.546,2,5,10185.54,15,8564.85,3,189.12,Self-employed,1,568.9
27,89565.75,0.1613,0.1319,0,5,28945.93,11,5328.15,2,180.66,Unemployed,0,777.8
23,70668.78,0.2187,0.1302,5,17,61837.1,25,16663.15,0,114.79,Full-time,1,647.67
46,212584.88,0.2363,0.309,1,7,4430.3,97,27872.48,2,37.24,Full-time,1,757.69
34,127487.28,0.483,0.3639,0,16,3994.71,143,33145.89,2,427.07,Full-time,1,733.29
42,91127.74,0.553,0.5908,1,4,7706.61,149,1584.42,2,178.39,Full-time,1,635.57
27,74022.67,0.3413,0.4938,3,6,13242.13,132,19929.01,2,176.79,Part-time,1,659.16
30,71230.4,0.2134,0.2989,1,8,15009.04,54,5509.7,3,441.31,Full-time,1,731.26
41,42122.6,0.394,0.2722,0,3,19712.58,78,22063.38,3,730.51,Self-employed,1,728.75
53,30256.18,0.4053,0.1971,1,8,18972.47,11,5478.75,2,651.39,Full-time,1,663.3
40,44683.0,0.2816,0.5128,1,3,16365.66,97,24942.71,2,138.6,Full-time,1,693.15
46,64765.44,0.5807,0.3045,2,3,43936.86,138,7705.59,0,359.84,Full-time,1,664.66
45,25655.35,0.58,0.2345,2,3,9432.53,39,7845.72,1,183.68,Unemployed,1,599.88
33,51795.33,0.3181,0.2891,1,7,34032.95,93,26449.35,4,405.49,Full-time,1,734.8
34,59193.92,0.3944,0.2042,3,11,72372.11,63,8359.36,1,763.34,Part-time,1,658.13
41,60057.52,0.2978,0.1821,0,7,6442.06,161,30181.33,3,221.95,Full-time,1,849.3
22,49129.96,0.316,0.3688,0,4,4606.24,16,25100.24,1,503.58,Part-time,1,676.33
53,56744.77,0.3607,0.3491,3,17,20535.91,130,12154.07,1,718.53,Full-time,1,687.85
49,143738.68,0.227,0.2455,4,4,28361.25,9,9086.31,2,498.36,Full-time,1,628.02
35,89140.17,0.3422,0.3656,1,11,18496.72,83,39529.07,3,691.66,Unemployed,1,700.11
38,51424.23,0.4777,0.1615,0,7,4072.2,119,27051.18,1,429.47,Full-time,1,765.48
36,64166.95,0.1908,0.2518,1,1,5537.14,83,53966.32,0,466.64,Full-time,1,773.98
51,65333.42,0.2174,0.2488,0,14,12636.84,107,3037.05,1,343.44,Full-time,1,811.75
56,46836.59,0.464,0.2072,1,2,24125.42,120,10449.09,4,112.36,Part-time,1,734.0
26,46811.84,0.1635,0.1777,2,3,14070.46,127,9071.95,2,251.66,Full-time,1,812.36
40,104269.67,0.4319,0.299,0,1,20938.87,5,20647.61,3,1008.24,Self-employed,1,649.85
21,54780.91,0.334,0.325,1,3,20530.9,71,5962.69,1,586.41,Part-time,1,702.72
42,40432.4,0.3465,0.3361,0,6,34606.68,91,6721.58,2,268.26,Self-employed,1,737.86
32,64898.96,0.3636,0.4284,2,2,8001.77,145,13833.18,3,766.9,Self-employed,1,704.65
36,69780.12,0.1172,0.1678,1,4,19181.66,113,2712.66,1,477.6,Self-employed,1,842.06
42,27235.68,0.3476,0.431,2,2,49370.21,69,2416.65,2,159.89,Unemployed,1,645.47
36,64968.91,0.2401,0.3613,2,4,10373.39,146,12113.97,4,369.48,Part-time,1,759.31
39,97791.31,0.4259,0.168,3,3,11628.03,57,127516.17,3,247.85,Full-time,1,652.73
56,81068.78,0.367,0.4148,1,5,19156.26,150,14713.13,0,308.29,Part-time,1,736.2
59,180485.88,0.2961,0.4823,1,14,8603.68,108,9700.61,0,611.33,Part-time,1,705.59
21,116192.0,0.2808,0.2187,2,3,7982.33,142,19277.2,2,87.26,Full-time,1,779.42
38,127009.9,0.4505,0.3839,1,17,14143.36,99,21842.66,1,255.2,Full-time,1,676.38
60,233290.25,0.6461,0.4131,2,9,15201.71,141,11980.44,2,198.17,Part-time,1,620.4
45,93075.88,0.4755,0.4141,4,4,30516.64,130,7519.53,2,94.38,Full-time,1,612.16
30,71209.51,0.4323,0.4887,1,3,9626.75,95,3522.28,4,238.04,Full-time,1,652.3
48,102557.93,0.157,0.4513,1,4,18422.63,84,28724.76,2,649.92,Part-time,1,735.08
27,51448.86,0.3449,0.347,1,14,42788.23,83,8954.38,4,365.37,Full-time,1,703.95
22,69456.7,0.471,0.5757,3,3,41042.85,170,19992.23,3,154.89,Unemployed,1,631.44
50,49440.37,0.2219,0.5458,1,10,16695.02,109,32798.95,3,750.88,Self-employed,1,712.81
45,79149.44,0.2824,0.5016,5,1,20583.43,89,10292.17,0,117.53,Full-time,1,589.05
56,49347.43,0.5483,0.3471,1,8,9569.47,61,3844.48,3,702.09,Full-time,1,624.57
37,48575.87,0.3145,0.5658,2,15,22074.93,5,11020.21,3,379.92,Full-time,1,568.37
61,79703.04,0.602,0.1318,1,14,52640.45,33,11705.57,1,363.55,Full-time,1,638.95
40,62195.0,0.689,0.181,2,9,44780.75,105,20350.22,0,905.55,Full-time,1,635.55
55,27795.11,0.5268,0.2358,1,5,17755.11,11,8216.33,4,353.17,Full-time,1,617.18
25,34372.06,0.1894,0.1406,1,6,22974.28,137,7867.47,1,395.89,Full-time,1,847.2
25,39487.13,0.5975,0.2291,1,6,10776.78,66,9626.53,2,437.29,Full-time,1,643.48
57,44474.12,0.1793,0.3579,3,4,9406.76,91,18326.71,1,765.36,Self-employed,1,707.57
60,79737.12,0.3808,0.0685,1,12,13974.88,103,28708.99,2,435.15,Full-time,1,779.47
65,73022.47,0.3124,0.257,0,3,21797.05,57,97084.13,3,265.09,Full-time,1,739.53
36,106870.78,0.3466,0.6363,0,17,29892.04,109,68841.72,0,336.86,Self-employed,1,677.78
22,92851.88,0.4534,0.2478,3,2,17060.4,100,11925.32,2,92.13,Self-employed,1,660.36
67,107189.8,0.2141,0.331,1,11,24541.13,61,7251.79,4,252.87,Full-time,1,728.85
49,87010.0,0.5259,0.5903,1,12,3022.19,122,7864.24,2,655.34,Self-employed,1,621.32
32,72718.83,0.2579,0.3228,0,12,20319.02,51,4377.58,2,135.37,Full-time,1,734.43
56,108522.01,0.372,0.1615,1,12,11682.46,113,14848.36,8,515.04,Full-time,1,767.19
63,100081.06,0.1542,0.5476,0,8,7513.19,6,5756.92,2,103.4,Self-employed,1,671.84
34,78373.64,0.2673,0.3224,1,3,24779.96,75,5213.97,1,408.57,Full-time,1,726.71
57,117240.46,0.2273,0.1422,0,11,49662.84,78,5514.63,1,526.71,Full-time,1,811.26
58,23026.37,0.2812,0.2988,1,4,17861.41,70,28429.79,1,389.39,Part-time,1,724.27
44,58063.45,0.2855,0.1197,3,4,33384.78,157,12454.13,1,859.54,Full-time,1,790.26
50,57664.34,0.2686,0.0956,0,14,13461.7,146,4195.17,1,355.19,Full-time,0,850.0
33,111157.93,0.347,0.3428,1,3,75887.26,129,28254.45,2,327.34,Self-employed,1,742.7
64,134205.54,0.1359,0.1757,0,10,5982.91,49,36773.56,1,401.31,Part-time,0,806.14
67,34455.34,0.387,0.5302,0,7,16804.32,73,9038.2,3,551.69,Self-employed,1,662.18
67,124869.59,0.6611,0.3079,2,4,30516.02,71,6863.54,0,624.02,Full-time,1,583.86
55,39059.82,0.2521,0.2251,0,17,17648.25,131,6364.54,1,550.14,Part-time,1,827.26
22,39594.8,0.5289,0.4772,1,12,47263.38,120,16738.4,4,1181.88,Self-employed,1,647.03
38,59549.99,0.3589,0.162,1,9,4225.31,28,28993.58,3,396.8,Full-time,1,700.16
41,57343.06,0.4561,0.2534,1,15,16683.33,76,15417.59,4,966.57,Self-employed,1,688.15
66,32817.34,0.2727,0.3972,1,6,15145.64,107,4256.39,2,266.18,Full-time,1,733.06
46,88649.45,0.3132,0.3992,1,6,16693.63,73,33009.14,0,24.91,Full-time,1,692.07
46,89835.1,0.5121,0.5205,2,1,5954.75,14,12757.09,1,346.44,Part-time,1,527.91
27,106331.7,0.344,0.486,0,13,14706.75,25,11261.8,4,533.22,Full-time,1,646.13
58,54444.93,0.24,0.1642,1,17,14239.02,176,19271.31,5,230.65,Full-time,1,850.0
36,65002.94,0.2544,0.2104,1,15,21380.15,93,32431.68,1,343.21,Unemployed,1,773.58
25,65271.3,0.4128,0.2332,1,1,38901.31,27,5075.34,1,845.5,Full-time,1,665.36
67,141435.34,0.5342,0.7777,2,6,19497.45,178,4271.35,1,671.72,Unemployed,1,593.65
29,20000.0,0.4429,0.2086,3,17,24159.64,169,12826.12,3,161.56,Part-time,1,730.81
21,43018.05,0.2587,0.1264,1,16,43488.99,154,12955.27,0,570.24,Full-time,1,844.12
24,66336.36,0.4359,0.4877,1,4,41458.33,100,28767.0,2,328.84,Self-employed,1,655.64
42,40598.78,0.3313,0.3941,1,7,3397.9,141,39248.52,4,119.76,Full-time,1,744.58
25,58909.39,0.2221,0.1692,1,10,31513.77,177,8711.67,0,462.01,Part-time,1,850.0
60,62521.51,0.572,0.105,2,2,31375.54,88,17660.52,5,770.67,Full-time,1,675.48
45,49219.31,0.2776,0.2513,0,7,15009.75,178,19742.31,4,1027.21,Full-time,1,850.0
36,68118.97,0.5681,0.3069,1,13,13082.58,148,21445.61,4,139.66,Full-time,1,701.18
21,87786.87,0.4619,0.676,2,13,8181.36,114,3367.75,4,40.94,Full-time,1,587.43
43,59496.94,0.5763,0.2727,1,3,4633.9,164,20815.13,1,695.46,Unemployed,1,720.6
28,53963.46,0.4999,0.1852,1,9,32690.95,73,6589.76,4,677.99,Part-time,1,689.56
66,61414.78,0.5273,0.2826,1,4,30809.55,41,21723.09,3,339.69,Part-time,1,630.33
34,65950.1,0.2102,0.2571,2,13,16814.94,172,4997.88,3,651.6,Part-time,1,816.0
43,30238.05,0.4436,0.4177,2,12,29640.59,90,14041.97,0,602.38,Unemployed,1,637.5
21,81446.31,0.5442,0.3727,1,12,36919.75,124,10268.22,2,324.53,Part-time,1,671.9
27,54016.75,0.1946,0.26,1,9,5130.46,154,81650.82,0,261.26,Unemployed,1,829.95
30,116738.4,0.3655,0.2016,2,7,21472.33,30,6233.35,1,345.23,Full-time,1,664.95
23,86333.59,0.2249,0.4002,4,2,15215.91,148,5847.75,3,164.91,Unemployed,1,705.81
55,112030.89,0.2798,0.1571,2,13,24405.8,126,46369.03,1,275.53,Part-time,1,781.78
65,41984.19,0.4965,0.1663,0,14,20546.45,159,27455.77,2,303.94,Full-time,1,791.97
67,55987.07,0.4872,0.1,1,8,30912.69,40,16348.73,1,581.09,Part-time,1,687.17
33,37831.36,0.3786,0.391,0,1,5955.13,172,8588.79,1,168.59,Part-time,1,782.0
58,48178.3,0.131,0.4012,0,10,45241.8,25,4847.13,2,254.64,Full-time,1,731.23
44,116244.09,0.432,0.3313,1,4,12499.41,53,8929.65,3,486.06,Part-time,1,656.74
23,129232.81,0.6511,0.3488,0,16,16416.13,94,8162.66,2,298.3,Full-time,1,645.8
25,39471.73,0.2736,0.2126,0,11,5262.25,106,7090.23,2,154.82,Full-time,1,803.1
46,53840.17,0.2092,0.266,1,17,16772.74,156,8322.64,4,397.94,Full-time,1,825.74
40,63940.74,0.3914,0.1215,3,14,17805.76,31,7999.5,1,396.62,Full-time,1,653.04
21,86122.2,0.5406,0.5674,1,15,17054.07,168,29210.61,2,889.67,Unemployed,1,660.97
64,29973.99,0.3538,0.2663,1,8,10773.56,95,3941.97,1,98.63,Full-time,1,731.45
55,32165.51,0.4304,0.6989,0,17,7679.17,122,18005.97,4,703.23,Part-time,1,647.82
44,82481.7,0.4838,0.3086,0,8,28251.93,15,16195.44,1,199.38,Part-time,1,640.21
67,27527.28,0.3832,0.2593,1,7,5345.45,33,12196.31,2,872.01,Self-employed,1,672.71
66,54119.03,0.6955,0.2311,0,16,31672.83,77,22745.73,1,545.37,Full-time,1,647.74
66,71178.16,0.2268,0.1129,0,7,59051.46,99,18585.61,1,1110.85,Full-time,1,836.24
33,79781.72,0.2641,0.0741,4,6,85113.88,95,14061.25,4,359.43,Part-time,1,731.41
62,62082.96,0.3868,0.2913,0,9,8446.48,31,32975.77,0,57.91,Part-time,1,686.97
44,56129.09,0.3041,0.3293,2,10,27271.2,126,1600.86,2,503.06,Full-time,1,731.44
55,96766.57,0.4889,0.3739,4,10,12163.75,43,83150.85,2,253.05,Unemployed,1,545.69
61,75232.81,0.5114,0.3312,0,11,42495.97,41,35022.69,3,479.36,Full-time,1,647.95
28,49456.19,0.4798,0.519,1,8,23745.02,20,56044.58,3,208.08,Full-time,1,567.98
42,67304.02,0.3579,0.2717,1,16,14697.25,158,6158.44,3,378.05,Full-time,1,781.37
27,78623.51,0.3927,0.2702,1,16,9535.01,123,13801.76,1,425.13,Unemployed,1,742.14
34,143373.27,0.2478,0.3132,4,13,13923.09,7,16950.76,1,533.96,Self-employed,1,603.19
40,94263.15,0.612,0.4106,1,7,11248.23,26,9498.06,3,378.84,Self-employed,1,560.42
61,114296.43,0.4318,0.5467,2,3,17729.3,111,15183.65,1,145.34,Unemployed,1,626.29
61,50273.16,0.3927,0.1361,0,1,18380.29,117,16309.4,1,722.14,Self-employed,1,795.67
39,52266.85,0.2817,0.1377,1,14,12232.13,164,4709.0,2,141.05,Full-time,1,842.73
36,59520.67,0.5988,0.1191,0,3,11488.75,172,24535.88,2,114.51,Self-employed,1,783.92
45,62031.17,0.2828,0.3861,1,11,27978.73,156,22874.38,0,284.83,Full-time,1,773.64
63,42040.5,0.5119,0.1924,2,8,29447.04,152,7351.65,3,186.98,Part-time,1,725.0
66,116969.69,0.421,0.3367,1,14,10209.38,95,4334.84,1,499.4,Full-time,1,693.69
31,98470.1,0.4303,0.1751,3,15,17358.26,170,14598.45,1,354.57,Full-time,1,743.8
29,57667.27,0.2231,0.4914,1,2,9848.19,28,6518.31,4,674.6,Full-time,1,658.55
54,88324.23,0.1758,0.4107,0,9,111918.09,108,16789.83,4,523.79,Part-time,1,784.58
35,73152.72,0.5902,0.3325,1,16,9335.36,20,6806.46,4,527.36,Self-employed,1,581.48
30,91484.29,0.6716,0.3927,2,7,21532.31,139,47711.33,3,243.79,Full-time,1,616.18
22,36136.61,0.3528,0.2295,3,14,24625.99,128,7447.72,0,219.95,Self-employed,1,718.45
39,61972.9,0.2695,0.4837,0,13,11319.27,177,6249.05,1,60.2,Self-employed,1,795.72
39,64465.32,0.4382,0.3644,0,15,9875.1,25,13634.85,3,590.76,Self-employed,1,648.27
47,87608.99,0.4045,0.5068,0,2,14829.56,129,3432.91,0,689.36,Part-time,1,709.45
30,49871.41,0.5626,0.1333,2,15,9842.54,13,6400.01,0,508.26,Part-time,1,608.73
54,21483.3,0.2186,0.2282,2,1,20576.22,18,3269.24,3,111.76,Full-time,1,692.37
52,40669.56,0.3594,0.1933,0,2,9948.72,82,16001.43,0,295.21,Self-employed,1,762.19
42,64378.08,0.3082,0.1985,2,4,19983.0,172,29393.48,1,173.76,Full-time,1,801.25
29,68101.05,0.1481,0.0915,2,14,4251.07,35,9272.12,0,408.88,Part-time,0,761.86
44,141165.28,0.1998,0.4216,0,3,10251.06,58,38800.03,6,115.17,Full-time,1,732.99
52,86011.47,0.2555,0.1542,2,12,13439.8,145,6485.54,1,510.37,Full-time,1,805.63
38,68643.97,0.5022,0.2522,1,5,36332.53,177,8987.32,3,668.13,Full-time,1,758.79
33,65213.64,0.3328,0.3979,2,12,4947.16,98,28584.36,0,145.42,Full-time,1,682.35
44,108758.22,0.4658,0.3484,0,12,36707.61,62,24555.43,3,37.54,Full-time,1,674.83
37,50739.01,0.3801,0.3007,1,7,28618.3,154,19690.87,3,235.76,Full-time,1,764.13
39,62123.05,0.5724,0.1876,1,17,5167.38,92,34318.95,1,46.06,Part-time,1,683.05
37,40531.46,0.1096,0.2485,0,5,26282.11,71,12787.89,2,340.09,Full-time,1,814.16
35,125305.21,0.209,0.4978,1,2,9404.67,43,17283.73,2,432.08,Full-time,1,673.68
54,78954.3,0.5347,0.2198,0,11,26899.03,166,7487.6,2,572.73,Part-time,1,772.97
42,48127.76,0.3562,0.2319,1,1,28040.19,81,68674.53,0,269.15,Full-time,1,727.66
42,62849.31,0.4466,0.3604,1,5,31420.32,175,9112.52,0,422.99,Full-time,1,746.75
51,83228.31,0.3623,0.2251,0,9,12088.04,37,11147.52,0,247.07,Part-time,1,715.87
37,59111.25,0.4344,0.2189,0,16,29070.35,100,15965.03,1,436.06,Full-time,1,748.29
25,52025.45,0.4148,0.1925,0,13,52995.97,78,23554.77,3,190.5,Full-time,1,742.44
61,49294.95,0.4286,0.1896,3,11,14707.4,36,23349.84,1,382.63,Part-time,1,629.02
23,77074.89,0.2245,0.3501,2,10,16074.96,176,1335.7,3,438.22,Full-time,1,791.79
47,56323.98,0.1788,0.47,3,7,29651.87,12,59992.01,2,454.25,Full-time,1,613.86
33,53949.79,0.1998,0.2922,1,15,2458.6,6,52489.13,2,277.62,Part-time,1,697.01
31,36270.94,0.4975,0.3135,2,1,9071.82,165,38735.87,1,722.38,Full-time,1,709.88
22,68523.93,0.5036,0.249,2,3,36498.07,47,15131.79,1,190.18,Full-time,1,625.84
63,60989.04,0.577,0.3681,1,3,20083.1,93,38582.13,4,167.91,Unemployed,1,637.38
41,57254.31,0.3461,0.4474,3,11,15508.77,21,16693.29,4,267.55,Full-time,1,576.82
37,72362.74,0.4843,0.2998,1,5,9328.95,38,16517.25,1,267.05,Full-time,1,636.43
55,92651.56,0.7145,0.217,0,2,18372.63,150,24184.23,0,125.44,Full-time,1,706.4
22,90735.55,0.6283,0.3603,3,3,12436.3,69,21203.15,2,270.5,Unemployed,1,553.93
47,84857.43,0.2583,0.2029,0,12,5309.2,151,31901.58,0,816.64,Self-employed,1,847.62
44,59379.15,0.2777,0.2503,0,10,44883.93,167,2145.31,1,67.29,Full-time,1,843.28
47,51269.47,0.2974,0.1248,0,10,11087.65,175,12388.86,1,63.46,Full-time,1,850.0
26,41366.97,0.1999,0.1163,3,13,14908.99,173,4732.48,2,357.11,Full-time,1,830.12
65,50669.51,0.3313,0.2788,1,9,5176.09,76,29475.3,2,173.75,Full-time,1,719.24
32,66758.88,0.2872,0.1727,1,16,12399.52,39,6152.35,2,379.08,Full-time,1,728.17
52,46451.83,0.278,0.1358,0,10,36466.81,137,10503.92,1,588.23,Full-time,1,846.82
56,69094.18,0.7397,0.338,0,11,34601.82,92,29608.54,0,615.76,Full-time,1,620.26
37,42853.58,0.3057,0.1806,0,6,18355.56,29,40621.38,2,464.34,Full-time,1,737.31
27,31336.96,0.7005,0.2521,3,10,11644.92,145,28295.74,2,301.9,Full-time,1,622.66
34,95676.96,0.3894,0.159,3,4,18362.7,155,25338.43,2,303.98,Full-time,1,747.6
58,53450.62,0.3907,0.3347,1,5,25693.03,130,4869.8,0,125.02,Part-time,1,732.45
63,45403.06,0.3931,0.3501,2,17,6324.08,86,5627.58,4,311.51,Full-time,1,666.21
65,40447.85,0.3429,0.3921,0,15,21491.71,119,4275.55,1,365.55,Full-time,1,748.27
31,80046.76,0.2573,0.1252,1,7,30839.43,27,5444.74,1,41.21,Part-time,1,739.01
49,122848.66,0.2542,0.272,3,6,17288.63,149,15282.43,2,228.69,Full-time,1,754.91
28,55194.4,0.2384,0.5091,2,11,17789.53,162,31404.28,0,580.56,Part-time,1,736.2
54,60053.82,0.6241,0.2407,1,12,10845.77,147,31308.63,2,216.25,Self-employed,1,700.1
40,107176.72,0.236,0.3445,2,1,22203.95,81,2768.82,1,155.8,Self-employed,1,710.58
54,29298.73,0.5966,0.2041,2,13,55590.93,110,12953.35,1,1042.79,Full-time,1,661.66
53,160346.26,0.5851,0.2878,0,1,48262.99,6,10583.81,4,537.31,Full-time,1,607.52
67,198758.37,0.3925,0.1361,1,1,12053.06,89,1863.75,2,269.51,Self-employed,1,747.39
43,20000.0,0.2145,0.3523,0,9,13874.63,107,27048.73,1,245.31,Part-time,1,786.74
37,63330.58,0.2628,0.1566,1,12,46904.9,147,26415.09,0,779.68,Full-time,1,829.51
45,47880.99,0.3168,0.5934,0,6,27350.73,162,7970.18,1,855.93,Unemployed,1,741.61
28,58738.62,0.4735,0.1239,3,16,26967.88,138,10269.17,4,503.76,Part-time,1,716.98
26,54815.41,0.4441,0.343,0,8,5085.9,32,15118.4,2,410.34,Full-time,1,657.69
45,95348.28,0.1281,0.3741,0,12,34213.37,37,18991.05,3,173.99,Full-time,1,748.88
59,62902.65,0.3081,0.0543,0,9,14819.08,158,7697.12,1,151.47,Unemployed,0,850.0
46,43918.54,0.2846,0.5356,2,9,21235.68,92,6436.89,0,571.27,Full-time,1,657.39
57,61237.6,0.2757,0.3201,2,5,11005.95,145,5308.25,0,303.01,Full-time,1,758.1
29,83420.8,0.551,0.3604,0,7,57223.38,107,47362.54,3,597.12,Full-time,1,683.77
42,38844.64,0.3651,0.2793,1,7,9113.75,10,37670.59,2,413.11,Full-time,1,653.98
49,31545.77,0.1961,0.3944,2,3,70739.82,173,5278.88,1,489.27,Self-employed,1,786.74
37,162224.14,0.4748,0.2827,1,13,18399.25,158,6238.97,2,420.82,Self-employed,1,743.55
21,49558.45,0.3434,0.1851,1,4,16040.09,87,5423.45,2,621.96,Self-employed,1,748.2
24,62205.03,0.5704,0.3226,0,1,9719.19,50,3781.03,3,437.58,Unemployed,1,639.9
64,55325.66,0.3966,0.2562,4,16,12507.56,51,70150.38,2,113.96,Self-employed,1,609.47
49,84680.4,0.3741,0.1414,1,12,15641.51,146,7156.7,2,539.11,Full-time,1,799.09
33,146936.45,0.2319,0.1261,2,7,19817.98,36,25479.39,0,242.34,Full-time,1,728.91
33,85902.67,0.5369,0.1911,2,13,26308.02,107,10018.44,4,757.99,Full-time,1,680.32
22,33414.18,0.4183,0.16,0,3,15583.74,167,11085.75,1,402.52,Full-time,1,823.68
65,35494.91,0.298,0.1521,0,7,26293.2,95,10450.36,2,769.5,Full-time,1,801.74
26,55296.55,0.3875,0.273,1,7,41271.92,100,18258.27,1,698.61,Self-employed,1,723.83
56,58647.2,0.1273,0.3227,3,8,37839.37,81,11417.23,1,521.81,Full-time,1,723.64
32,30489.02,0.3332,0.4134,2,8,27964.44,47,25174.96,3,464.72,Self-employed,1,635.86
36,95674.15,0.4728,0.4041,1,8,25596.68,49,35673.53,1,242.88,Full-time,1,622.97
33,40585.08,0.3824,0.2619,0,6,8585.33,77,7885.05,2,617.87,Full-time,1,733.97
59,129571.19,0.3852,0.595,1,7,20873.86,84,15891.97,1,244.54,Full-time,1,630.69
22,150134.17,0.4105,0.1793,3,1,8439.56,8,3332.21,1,367.62,Full-time,1,613.69
37,59176.86,0.4825,0.3381,2,1,36749.91,151,8571.94,2,376.09,Full-time,1,696.56
34,80622.87,0.4224,0.1767,2,7,22070.72,3,13568.39,2,380.59,Part-time,1,631.6
33,38010.73,0.4056,0.2401,1,12,39766.82,44,11280.52,1,183.06,Part-time,1,679.96
30,87610.34,0.3458,0.3888,1,16,41056.47,63,12178.76,3,200.5,Self-employed,1,676.56
63,52881.74,0.2774,0.4294,0,16,24558.38,168,20725.89,2,103.38,Self-employed,1,799.43
38,40568.38,0.557,0.3628,0,5,11232.5,128,24749.78,1,555.68,Full-time,1,698.87
40,58092.93,0.3154,0.2295,1,10,3752.66,31,2192.76,3,196.09,Full-time,1,698.84
39,53659.48,0.2535,0.1953,2,7,26369.88,132,15608.11,1,225.15,Full-time,1,785.12
67,57163.92,0.2823,0.3176,0,2,16032.0,91,10223.37,2,296.04,Unemployed,1,761.74
36,101453.51,0.2547,0.392,3,13,31578.83,3,8870.53,2,178.37,Full-time,1,603.09
37,46472.29,0.3598,0.2424,0,1,29401.29,76,43764.01,3,650.08,Self-employed,1,744.79
36,144460.35,0.2243,0.325,0,3,27415.85,123,3001.17,3,1071.66,Unemployed,1,803.96
36,36450.96,0.3298,0.1883,1,15,21439.15,89,12769.29,5,59.61,Part-time,1,753.15
25,136891.46,0.5698,0.428,1,15,5647.15,137,45395.02,2,477.76,Full-time,1,661.23
49,41880.27,0.4015,0.236,0,11,43680.64,178,14202.65,1,132.4,Self-employed,1,818.88
22,66141.0,0.3427,0.3414,2,10,7480.91,43,5958.65,1,418.72,Part-time,1,647.67
31,53072.37,0.165,0.4446,1,13,11463.42,106,11115.25,1,551.65,Unemployed,1,752.68
30,56688.24,0.3887,0.3251,0,10,14309.35,30,60201.59,2,78.95,Part-time,1,677.12
34,94903.02,0.1104,0.3732,1,13,18266.95,74,36175.59,2,537.12,Unemployed,1,760.25
56,129952.21,0.4792,0.4015,0,3,14423.56,127,8601.48,3,884.03,Full-time,1,711.7
49,113067.03,0.1599,0.4281,3,17,12221.57,87,49249.15,1,706.62,Unemployed,1,692.5
67,55150.14,0.1567,0.3784,0,2,31627.96,103,22963.63,1,103.26,Full-time,1,794.22
37,71891.61,0.416,0.2699,1,13,7100.24,87,1539.2,2,981.63,Full-time,1,705.22
64,46539.88,0.3496,0.4545,0,15,13492.97,73,12207.1,2,1046.75,Full-time,1,692.33
23,42353.33,0.506,0.3027,1,1,4156.2,134,63033.51,0,297.58,Full-time,1,709.19
44,39504.29,0.4876,0.2425,1,4,8763.52,105,11693.62,5,109.01,Self-employed,1,705.6
58,54344.14,0.3161,0.294,0,5,6037.98,51,48657.07,0,550.2,Self-employed,1,724.17
45,74037.17,0.3514,0.46,1,8,30146.12,146,3946.86,1,457.71,Self-employed,1,726.25
64,27992.26,0.3166,0.3945,1,3,20552.86,135,4391.6,2,700.62,Self-employed,1,743.9
35,64805.18,0.5492,0.4139,0,9,10237.32,19,34985.37,1,253.97,Full-time,1,597.6
22,130902.93,0.4113,0.3729,4,17,2000.0,116,27564.74,1,428.68,Self-employed,1,630.05
57,109629.3,0.303,0.3831,2,1,6197.63,93,13066.37,1,466.03,Part-time,1,690.82
24,50851.62,0.3121,0.3309,2,16,8355.64,113,27960.21,1,58.85,Part-time,1,717.81
56,35291.84,0.1348,0.3357,2,12,14011.31,51,8072.66,0,366.04,Full-time,1,718.14
55,81383.16,0.5968,0.2234,0,8,30652.86,17,5128.71,3,269.7,Full-time,1,629.28
60,23322.11,0.6406,0.5664,1,10,6587.41,53,18558.6,1,628.8,Full-time,1,535.39
43,109050.83,0.6416,0.2078,1,3,7005.59,94,10468.48,4,138.15,Self-employed,1,658.9
63,60107.24,0.2099,0.2367,0,16,5579.42,139,19037.79,2,353.56,Full-time,1,843.69
28,150856.62,0.4459,0.435,2,1,18068.95,61,15922.12,2,277.79,Full-time,1,608.31
41,30420.3,0.4642,0.3639,2,3,3950.44,117,10047.93,3,746.97,Self-employed,1,667.26
26,100024.04,0.4821,0.2317,1,13,5241.56,124,66276.06,3,249.5,Full-time,1,725.78
57,63244.98,0.3107,0.2799,2,3,25083.65,160,5530.05,1,151.72,Full-time,1,770.15
54,57012.58,0.3967,0.3534,1,2,52407.88,138,15215.84,0,712.95,Part-time,1,732.64
58,35723.73,0.3908,0.5033,1,5,18856.14,67,12341.8,3,453.03,Full-time,1,637.77
56,86516.17,0.4988,0.3762,2,10,14475.17,82,17348.18,3,766.31,Part-time,1,624.64
35,89703.21,0.5256,0.4682,1,6,82836.31,92,13900.2,3,607.6,Self-employed,1,626.94
24,147754.52,0.2682,0.3155,0,15,12517.51,59,33448.61,1,293.12,Full-time,1,739.83
64,104153.66,0.227,0.1691,2,17,12546.65,28,17426.7,1,343.12,Part-time,1,712.96
44,50652.66,0.4479,0.2197,1,8,12388.3,102,7684.31,2,1290.72,Full-time,1,720.7
25,42119.32,0.1281,0.2286,2,10,51557.77,153,5581.48,2,379.04,Full-time,1,831.92
64,35745.47,0.5254,0.2801,2,11,26298.71,86,6946.71,2,1281.49,Full-time,1,644.02
67,128405.81,0.4602,0.2013,2,5,26104.47,112,6692.39,7,452.67,Unemployed,1,704.95
41,46621.71,0.5702,0.1644,2,9,22665.37,115,23784.98,2,219.23,Full-time,1,683.67
57,128811.25,0.3332,0.2792,5,4,13099.59,164,12454.01,3,304.01,Self-employed,1,691.91
22,83807.89,0.3356,0.4127,1,17,14382.61,105,18697.77,3,202.23,Full-time,1,708.64
25,76761.33,0.3171,0.0703,2,9,9180.11,114,4142.42,4,494.53,Full-time,1,782.3
33,57636.38,0.3565,0.6827,1,8,13666.58,164,10213.76,1,454.76,Self-employed,1,684.04
51,89081.13,0.2656,0.2773,1,4,21978.4,26,20144.1,0,312.21,Self-employed,1,697.66
27,65712.09,0.3229,0.2103,2,3,15727.62,29,32338.11,1,223.69,Unemployed,1,674.72
22,56041.85,0.5503,0.0534,1,2,31776.17,102,3779.91,1,345.36,Self-employed,1,731.56
52,90508.78,0.6091,0.4002,2,6,21671.75,155,50652.38,2,1194.55,Self-employed,1,646.39
57,62020.02,0.2151,0.2218,0,11,20596.48,171,45471.29,1,99.4,Full-time,1,850.0
55,46200.66,0.1965,0.2214,1,16,9823.17,75,31731.57,1,787.04,Full-time,1,773.2
58,86675.11,0.6695,0.2703,0,12,7642.29,32,39167.66,4,759.04,Part-time,1,608.24
58,64293.03,0.3187,0.2745,1,3,8197.56,127,9685.91,4,310.08,Part-time,1,766.6
49,82455.13,0.1655,0.3092,1,2,38618.96,61,6781.8,2,249.8,Part-time,1,748.88
45,53947.31,0.4249,0.159,1,9,5382.98,36,14359.59,1,404.26,Part-time,1,687.78
61,38403.17,0.2933,0.5715,1,9,20597.45,117,17255.66,3,233.79,Full-time,1,691.64
37,144463.66,0.2034,0.1638,2,2,20605.37,147,7852.53,1,257.16,Unemployed,1,820.53
25,132717.11,0.3676,0.2547,0,10,11170.4,103,22045.81,0,362.65,Full-time,1,761.88
56,98489.3,0.3321,0.2821,1,2,17586.15,62,44272.72,1,327.47,Self-employed,1,706.51
33,55574.8,0.38,0.2017,0,11,20330.22,35,28597.93,0,565.1,Self-employed,1,714.74
67,57806.52,0.2602,0.1489,2,17,8033.68,167,13906.94,2,248.63,Full-time,1,823.88
40,123259.52,0.5548,0.2009,0,1,10377.49,31,1678.45,2,48.26,Full-time,1,659.17
61,56431.14,0.4644,0.2989,2,5,16418.04,117,3620.84,2,616.34,Full-time,1,683.46
22,49779.06,0.3656,0.1328,4,14,16775.82,29,12333.6,0,509.67,Full-time,1,631.29
51,153661.22,0.3889,0.1237,1,13,6665.2,90,23058.43,0,238.61,Full-time,1,752.41
42,64766.58,0.3778,0.3244,2,9,18075.39,97,3988.62,1,880.12,Full-time,1,686.39
42,146648.14,0.3997,0.4825,0,16,18560.92,149,14494.25,2,796.74,Self-employed,1,733.63
33,35267.73,0.3193,0.1215,0,8,34236.9,164,24456.56,0,162.07,Full-time,1,850.0
66,83548.55,0.4275,0.3898,0,12,16753.3,158,12642.97,4,772.45,Full-time,1,755.97
39,168045.02,0.4255,0.3427,1,8,12824.68,91,7879.12,2,143.3,Full-time,1,687.51
60,67063.01,0.2526,0.2553,0,17,29103.25,94,3788.83,4,492.69,Full-time,1,788.73
40,58758.9,0.4885,0.3953,3,8,37087.56,75,25762.25,1,562.86,Self-employed,1,592.12
23,39124.79,0.2934,0.3733,1,2,6450.5,40,7659.61,2,201.2,Unemployed,1,676.99
62,107694.56,0.2192,0.1915,1,15,11773.31,40,54142.04,3,685.01,Full-time,1,744.7
29,46790.82,0.6182,0.2137,2,7,3864.82,30,15529.61,0,707.7,Self-employed,1,586.12
33,63407.42,0.3089,0.3491,0,12,8656.45,159,18285.44,0,83.06,Self-employed,1,802.56
61,37967.05,0.38,0.2613,1,7,47946.12,131,27112.67,4,320.66,Full-time,1,754.84
63,133332.67,0.5239,0.2821,1,5,7991.24,177,9801.14,4,147.81,Full-time,1,744.8
64,111268.16,0.2676,0.4946,0,5,23460.3,60,19918.7,2,422.22,Full-time,1,696.07
41,65237.31,0.2881,0.4059,4,1,22557.2,128,7717.72,4,551.42,Full-time,1,668.76
56,39365.02,0.364,0.1004,0,2,11246.66,9,6764.8,5,754.57,Self-employed,1,723.2
36,132079.35,0.3722,0.1105,1,7,12312.29,94,6156.59,1,929.79,Full-time,1,764.05
55,56124.67,0.2372,0.3567,2,14,44843.88,73,8814.62,2,638.31,Full-time,1,700.5
44,40241.65,0.3759,0.3196,2,4,32750.13,164,76857.64,3,346.21,Part-time,1,744.0
23,29942.88,0.519,0.6913,1,12,81008.29,81,6196.89,2,515.88,Full-time,1,563.97
40,49479.6,0.3955,0.2086,3,11,2829.25,95,22510.01,5,777.87,Full-time,1,683.37
42,34386.28,0.3216,0.1976,1,12,24587.99,157,11015.56,3,339.7,Self-employed,1,809.95
33,49997.62,0.2169,0.4293,1,11,3187.03,64,5086.71,3,480.17,Full-time,1,705.94
38,92501.85,0.5361,0.4666,2,15,16431.18,164,26179.26,4,210.28,Full-time,1,659.19
44,55886.04,0.4728,0.2275,1,6,14446.97,36,8708.72,2,705.88,Self-employed,1,656.28
23,77657.39,0.6555,0.2536,0,12,7558.0,152,9142.14,3,409.6,Full-time,1,716.62
28,47786.55,0.4439,0.2769,2,15,11035.29,27,33543.52,2,90.65,Full-time,1,620.1
57,68140.44,0.3114,0.2728,3,12,13662.36,101,10691.48,2,120.8,Self-employed,1,697.55
37,157063.49,0.2905,0.1871,1,17,22876.6,82,16160.24,2,254.04,Full-time,1,759.41
49,56567.01,0.1241,0.1439,3,14,7548.95,24,13048.05,2,252.77,Part-time,1,721.8
47,78668.12,0.2936,0.4516,2,8,10049.4,71,12334.45,2,85.29,Part-time,1,658.19
46,32712.51,0.5068,0.2149,1,14,24225.57,23,4351.62,3,319.38,Full-time,1,638.4
40,131143.54,0.2948,0.4309,2,9,27855.05,39,27701.61,1,728.55,Full-time,1,636.33
43,53383.5,0.4516,0.1591,3,16,106099.14,132,16134.08,0,152.07,Unemployed,1,709.74
59,106163.98,0.3145,0.21,0,2,18929.13,92,26681.28,3,373.14,Self-employed,1,779.82
66,62603.02,0.5084,0.343,1,17,26212.54,121,14735.66,3,446.02,Self-employed,1,687.56
33,87134.72,0.2732,0.2704,2,15,14380.28,131,32784.58,1,652.73,Full-time,1,759.61
52,89496.57,0.5304,0.224,2,6,44906.5,128,15197.29,3,284.12,Part-time,1,691.55
66,53981.78,0.444,0.4699,0,3,8757.8,112,42889.17,0,306.61,Full-time,1,692.66
21,108159.03,0.2846,0.1493,2,10,16051.71,97,6187.57,0,675.36,Full-time,1,758.13
57,47026.04,0.2679,0.2662,0,11,20054.19,139,6822.59,1,380.67,Unemployed,1,818.91
44,93907.96,0.4639,0.3189,3,7,23679.43,158,61023.97,1,113.98,Part-time,1,687.77
66,55514.95,0.5692,0.3587,2,11,32392.44,146,26983.88,2,340.12,Full-time,1,661.23
48,77443.28,0.2956,0.4234,2,10,14587.26,79,65234.23,0,550.11,Part-time,1,671.3
60,53750.23,0.4546,0.2318,1,6,31419.46,27,22493.62,2,158.61,Unemployed,1,653.17
28,67676.16,0.4137,0.2694,2,9,6248.6,61,10547.45,1,101.13,Part-time,1,659.37
27,40797.98,0.2805,0.2525,5,2,20063.34,178,65330.56,0,221.86,Part-time,1,726.06
64,73968.95,0.7069,0.4404,5,10,4486.79,125,2847.7,1,413.68,Part-time,1,507.0
45,67500.11,0.3629,0.2018,0,12,14356.4,31,26367.95,2,607.59,Self-employed,1,716.51
47,51892.57,0.5398,0.4248,1,17,96816.21,68,1542.38,1,278.25,Unemployed,1,613.53
28,64552.71,0.5026,0.163,1,6,20261.0,133,48064.92,0,675.18,Full-time,1,744.3
31,70284.18,0.5825,0.1535,4,2,12042.56,167,5577.55,1,361.26,Full-time,1,676.04
59,50143.26,0.5219,0.1885,3,3,24110.46,103,10298.28,2,516.54,Part-time,1,657.14
35,62446.07,0.1632,0.3756,2,15,16267.17,158,5872.61,0,644.48,Full-time,1,788.81
48,42087.31,0.2719,0.2289,0,16,7651.44,94,22099.92,2,239.16,Self-employed,1,789.54
35,190152.16,0.1848,0.161,3,14,4622.97,143,11417.85,1,301.78,Full-time,1,798.48
33,106574.91,0.351,0.2112,0,9,16669.19,162,43251.86,1,487.6,Self-employed,1,826.9
28,74823.88,0.3345,0.2173,4,17,14674.01,106,7629.9,1,286.0,Self-employed,1,683.66
64,112134.11,0.5594,0.3237,1,12,14077.63,142,4896.61,2,363.13,Full-time,1,694.59
65,27155.54,0.4429,0.298,1,4,30355.38,37,8953.32,1,163.61,Unemployed,1,648.46
26,20932.2,0.5552,0.3955,2,6,44554.99,13,53757.5,2,518.52,Full-time,1,545.4
37,55288.43,0.2666,0.3886,0,17,28320.29,89,32421.43,1,425.17,Full-time,1,747.04
47,35583.81,0.3358,0.2173,1,3,13481.58,114,35711.2,1,348.29,Full-time,1,764.94
39,59487.86,0.21,0.0728,2,13,18731.35,58,8362.94,1,190.35,Full-time,1,767.13
54,72587.32,0.1939,0.243,1,1,37163.76,90,4351.41,3,632.69,Self-employed,1,781.08
33,100126.19,0.3684,0.3534,2,12,31824.98,80,44728.13,4,186.55,Full-time,1,667.8
23,39647.42,0.5389,0.2601,2,6,25758.48,76,4142.68,4,771.38,Full-time,1,636.64
36,79208.1,0.4005,0.1935,2,1,12260.36,137,13429.12,1,125.15,Self-employed,1,745.64
49,66601.03,0.3102,0.2887,0,1,37268.68,8,7590.32,1,99.77,Full-time,1,691.43
29,77371.92,0.3668,0.389,0,4,46245.61,38,14243.97,2,444.35,Part-time,1,674.38
59,52370.7,0.3663,0.4031,4,17,32016.33,158,3124.95,0,149.75,Part-time,1,671.0
21,123304.33,0.2804,0.3959,1,17,141528.3,161,27531.68,2,306.2,Full-time,1,776.07
24,63159.66,0.2563,0.2916,0,4,30462.35,60,42827.2,0,572.88,Self-employed,1,750.21
44,147028.54,0.138,0.2201,1,6,40261.57,85,32467.77,2,141.79,Unemployed,1,799.41
45,46366.16,0.2258,0.3822,3,3,28239.84,179,5188.31,1,466.84,Full-time,1,760.88
34,92436.05,0.496,0.3129,1,9,16469.8,83,19324.15,3,492.78,Self-employed,1,667.14
33,64418.05,0.2302,0.466,2,14,7916.9,147,11549.58,3,452.66,Full-time,1,736.94
24,57097.52,0.351,0.4527,3,10,10525.01,22,13352.28,3,717.46,Full-time,1,574.86
52,87951.6,0.2184,0.2596,1,14,10601.6,145,54746.41,1,205.37,Part-time,1,815.41
38,57836.3,0.2122,0.3885,2,17,7736.99,93,9229.04,2,146.33,Part-time,1,716.72
26,20000.0,0.4599,0.1268,0,17,14755.15,107,23799.57,3,83.92,Unemployed,1,769.5
39,20000.0,0.1984,0.1627,1,6,18074.61,60,3031.12,2,507.83,Full-time,1,774.8
65,117311.72,0.274,0.3915,1,5,41521.1,149,14202.47,2,336.16,Part-time,1,769.09
33,115106.87,0.1878,0.4255,1,9,7757.01,55,29475.26,0,661.05,Full-time,1,708.12
63,154709.34,0.3653,0.1724,0,1,33669.25,47,11758.2,2,172.52,Full-time,1,736.48
33,65651.27,0.3139,0.0602,1,8,21757.32,75,22529.68,1,197.94,Self-employed,1,778.28
29,36986.72,0.459,0.6586,0,13,23472.04,107,6707.74,0,188.95,Full-time,1,636.82
33,54785.85,0.4593,0.1899,0,4,16859.42,9,8988.5,2,295.3,Self-employed,1,672.24
36,66512.22,0.5639,0.2489,0,14,77989.69,106,11914.72,1,141.74,Unemployed,1,706.94
26,42059.17,0.2877,0.3012,1,15,10400.73,51,8424.37,3,219.64,Part-time,1,705.89
48,138948.5,0.394,0.3131,1,6,12199.56,79,28670.56,0,332.77,Full-time,1,694.36
36,181276.05,0.2303,0.3897,1,6,19582.89,42,33831.99,1,386.11,Full-time,1,693.48
54,82061.67,0.3119,0.4903,1,16,23787.45,103,23167.78,1,357.42,Full-time,1,694.69
44,65848.46,0.2339,0.4323,1,14,21108.68,17,1553.32,4,137.63,Full-time,1,660.92
41,36947.93,0.3406,0.13,0,14,17414.23,136,10194.69,1,365.75,Part-time,1,828.65
43,132706.51,0.6049,0.0788,4,6,26068.8,46,27331.17,2,271.38,Full-time,1,587.16
28,68482.81,0.3954,0.1378,2,7,27477.74,36,11625.41,4,570.91,Full-time,1,676.93
54,58097.39,0.4419,0.3078,0,12,17552.89,6,11055.85,1,685.22,Part-time,1,645.48
25,82168.59,0.1399,0.3216,0,13,65232.87,175,29581.6,0,661.85,Self-employed,1,850.0
54,50839.55,0.5067,0.1586,2,5,24566.58,129,30900.83,0,283.86,Part-time,1,715.84
67,70692.43,0.2106,0.2759,2,1,14870.26,86,22220.03,1,281.68,Part-time,1,739.51
56,34575.13,0.5814,0.3286,0,1,43062.88,57,3770.01,5,457.02,Full-time,1,640.93
42,107924.72,0.2992,0.173,1,6,4356.87,125,5160.91,0,180.04,Self-employed,1,796.16
35,63134.02,0.3691,0.4826,0,8,8203.77,85,18662.8,2,409.95,Full-time,1,689.45
62,111464.38,0.403,0.3915,1,3,15634.63,163,2279.76,3,356.16,Self-employed,1,742.06
33,60444.97,0.5147,0.1418,1,1,7906.58,133,53842.68,2,682.18,Full-time,1,745.97
43,62237.32,0.515,0.2043,2,6,31644.45,174,14998.72,3,326.6,Full-time,1,739.42
57,38347.98,0.2994,0.4767,0,15,30899.07,156,7343.38,0,397.15,Unemployed,1,771.01
64,93142.95,0.3359,0.2526,0,4,56487.47,106,8503.07,1,596.34,Full-time,1,774.41
64,44617.08,0.3135,0.4842,0,12,12036.11,7,37271.07,0,329.57,Part-time,1,640.73
25,53162.57,0.2344,0.5153,1,13,26829.27,172,4579.31,3,211.55,Self-employed,1,769.19
63,66202.35,0.5529,0.2975,2,11,44170.68,46,2605.69,3,460.34,Full-time,1,598.09
26,69881.13,0.6623,0.2794,1,15,20206.85,104,5742.99,0,163.68,Full-time,1,643.13
48,30707.32,0.4718,0.1022,2,5,35958.44,138,17172.2,2,379.7,Full-time,1,747.91
64,59643.32,0.4563,0.2274,0,4,16813.92,48,52142.16,3,221.19,Self-employed,1,696.26
51,94641.71,0.1808,0.1658,0,3,45265.47,139,37596.58,1,103.18,Part-time,1,850.0
65,55812.21,0.1949,0.2531,1,8,10585.97,100,9219.52,3,442.15,Full-time,1,786.59
37,59806.56,0.3998,0.3678,1,9,6087.13,166,16994.34,1,360.53,Self-employed,1,751.44
35,71188.23,0.5522,0.2023,1,11,13832.57,23,17957.51,2,718.1,Full-time,1,627.93
36,62524.75,0.2296,0.1459,0,16,16958.03,52,16129.23,2,119.37,Full-time,1,787.98
37,41617.17,0.6426,0.3041,0,3,24496.59,131,2504.97,1,194.94,Self-employed,1,690.36
53,65097.68,0.2121,0.2758,3,11,24728.59,160,10232.03,2,645.31,Full-time,1,775.75
42,103500.62,0.2596,0.2482,1,7,10975.38,44,26151.03,3,693.81,Full-time,1,721.74
55,41232.04,0.4965,0.4702,2,12,8964.5,130,65240.36,1,499.87,Part-time,1,641.83
40,55909.14,0.2858,0.203,1,4,56303.09,76,18733.5,5,310.81,Unemployed,1,751.84
35,35534.73,0.1516,0.3515,0,1,16376.45,156,33825.64,3,575.85,Full-time,1,846.64
29,101075.38,0.5768,0.303,1,10,12925.95,69,28293.4,3,270.52,Part-time,1,633.71
46,63477.37,0.1135,0.3263,2,6,22544.35,171,9672.73,1,44.74,Unemployed,1,826.88
63,45134.86,0.4553,0.536,0,16,9146.66,44,4292.96,3,679.97,Full-time,1,616.08
61,68976.39,0.4032,0.3612,0,13,10933.44,178,34958.98,0,257.6,Self-employed,1,787.07
32,38498.71,0.5733,0.2411,3,8,31392.15,130,64510.58,1,1152.18,Self-employed,1,651.07
43,41561.4,0.5956,0.2664,1,7,8864.91,41,9330.73,2,149.05,Self-employed,1,613.89
54,34301.35,0.3591,0.2833,3,12,7112.04,59,36784.13,0,661.96,Self-employed,1,645.61
49,40943.54,0.6343,0.1744,2,8,14059.61,14,15181.61,3,383.5,Full-time,1,577.78
24,121881.18,0.2847,0.3976,0,13,21619.0,169,4134.72,8,607.58,Full-time,1,806.02
48,47576.62,0.3187,0.369,0,13,47206.74,30,13902.44,0,208.69,Full-time,1,687.14
22,81617.69,0.4594,0.2395,2,17,22887.75,4,8241.35,1,1044.11,Full-time,1,605.64
26,45418.03,0.305,0.2035,1,6,25881.42,107,19464.97,2,919.58,Full-time,1,771.79
51,93133.59,0.3716,0.3051,0,11,8814.31,83,18759.91,2,262.64,Full-time,1,731.41
25,41700.28,0.3963,0.2154,2,9,20553.33,122,7721.04,2,280.76,Full-time,1,728.93
36,67349.62,0.3343,0.3523,0,4,8237.98,85,4394.86,5,395.83,Full-time,1,732.47
48,67763.78,0.4038,0.1652,1,4,34227.73,40,9050.63,1,183.84,Full-time,1,695.89
51,188624.28,0.549,0.3996,3,1,19525.85,106,49877.28,3,205.11,Self-employed,1,598.73
41,87876.82,0.2183,0.2259,0,6,17391.55,154,4925.91,4,622.84,Self-employed,1,850.0
25,50675.26,0.391,0.4878,0,3,25692.7,24,24733.67,1,45.11,Part-time,1,630.75
58,90063.66,0.2887,0.2307,2,4,12791.74,51,22220.1,5,188.29,Full-time,1,698.22
65,173195.88,0.4944,0.2998,1,3,12842.16,155,8358.47,0,818.1,Full-time,1,730.9
62,31782.27,0.4154,0.1484,1,1,9268.28,165,6525.43,2,745.89,Part-time,1,800.78
56,45291.88,0.6029,0.2471,1,9,62740.53,42,22133.61,2,316.85,Full-time,1,617.36
39,59480.04,0.2483,0.2991,2,16,15375.04,146,13045.39,1,90.24,Self-employed,1,772.4
62,54847.41,0.1861,0.3338,2,8,14455.02,70,8709.01,5,713.68,Self-employed,1,719.05
43,56968.83,0.2196,0.4736,2,9,29308.08,129,19947.86,0,241.89,Part-time,1,723.22
27,36794.2,0.7017,0.127,5,11,18181.67,102,53216.24,1,551.84,Full-time,1,567.74
60,124465.05,0.3805,0.4567,1,10,3550.44,76,38319.45,4,464.34,Full-time,1,660.01
36,34885.49,0.3736,0.3386,0,2,74304.94,3,14901.64,1,551.25,Full-time,1,655.77
65,60470.1,0.3069,0.1282,1,8,12890.38,67,755.06,2,501.61,Full-time,1,756.71
38,105939.53,0.5198,0.5212,1,14,10018.62,113,10905.46,2,522.22,Self-employed,1,632.93
61,65278.42,0.2338,0.3141,2,4,16092.85,138,5692.11,2,212.14,Full-time,1,766.34
46,42585.65,0.3407,0.2599,0,2,12565.54,39,11237.56,2,390.94,Self-employed,1,715.32
42,36065.64,0.3997,0.4819,1,11,12735.39,37,9928.34,2,518.38,Self-employed,1,615.45
34,59664.97,0.5014,0.0968,0,12,19562.8,137,10214.32,1,468.87,Self-employed,1,789.55
60,47067.44,0.4127,0.4116,0,13,4904.68,47,33355.49,3,293.65,Self-employed,1,662.46
23,72573.42,0.5782,0.1273,1,12,30162.62,53,11008.64,0,33.9,Full-time,1,663.88
43,35219.21,0.2196,0.3019,0,6,35168.44,76,10608.98,1,178.08,Part-time,1,771.98
38,95403.07,0.2912,0.3216,0,10,5526.65,109,20032.37,0,84.44,Full-time,1,773.07
46,69702.91,0.5299,0.2184,1,15,24807.47,61,5437.74,2,472.88,Full-time,1,662.26
32,72072.39,0.3487,0.1503,0,3,9905.08,91,10025.86,0,226.38,Unemployed,1,783.65
52,126561.62,0.483,0.2121,0,12,13273.41,173,4168.38,0,138.38,Unemployed,1,796.24
39,54338.7,0.352,0.3465,0,11,23068.15,158,22681.07,1,240.91,Full-time,1,789.44
29,47733.2,0.39,0.4235,4,5,33073.56,85,16265.57,1,249.92,Self-employed,1,597.96
30,51715.17,0.1764,0.1583,1,16,22736.9,66,77525.88,3,302.99,Unemployed,1,787.5
53,60679.61,0.4521,0.1597,4,3,6819.64,72,3332.15,2,406.4,Unemployed,1,634.45
33,63517.19,0.4069,0.2834,1,14,18861.84,91,30472.45,2,356.16,Full-time,1,707.91
35,45532.7,0.1908,0.1746,0,10,25402.79,73,3009.64,0,427.95,Full-time,1,809.94
50,26625.15,0.3364,0.1603,2,3,10499.81,97,5730.52,0,465.41,Full-time,1,739.84
36,51409.69,0.2542,0.1172,2,8,9975.84,102,2156.32,2,53.45,Full-time,1,779.44
39,77801.93,0.6273,0.3862,1,6,17154.1,22,14167.06,2,931.61,Full-time,1,558.59
32,70355.5,0.2919,0.4768,1,8,26944.7,108,16844.51,3,414.02,Full-time,1,708.23
37,113527.4,0.1539,0.2375,1,14,12128.26,99,10159.17,1,947.42,Self-employed,1,801.96
53,159527.08,0.5196,0.463,2,11,21339.22,166,2085.44,0,198.8,Full-time,1,666.7
46,93125.21,0.4505,0.2181,1,4,7462.28,89,8496.03,2,1521.58,Unemployed,1,709.49
67,123270.24,0.3028,0.383,3,13,21792.89,77,14910.6,3,207.14,Part-time,1,652.58
57,93437.54,0.3556,0.3015,1,13,5039.24,33,6140.07,2,164.18,Full-time,1,670.44
21,142836.32,0.4077,0.2405,2,2,22401.24,26,13042.94,1,207.51,Unemployed,1,639.23
38,152189.87,0.4319,0.1803,1,16,33422.34,113,33476.85,0,200.06,Full-time,1,744.52
34,101521.34,0.3185,0.2539,2,1,16045.32,75,8202.6,1,189.82,Self-employed,1,703.48
48,90932.35,0.4032,0.1471,0,5,26640.02,93,5302.65,1,242.75,Self-employed,1,769.76
33,60333.67,0.4758,0.1197,0,5,21412.01,51,12472.06,3,362.49,Full-time,1,719.84
66,64951.64,0.1734,0.2459,3,2,6877.5,27,62518.8,2,189.15,Self-employed,1,684.0
35,56838.73,0.2085,0.3578,2,12,7889.18,174,20523.36,1,363.18,Self-employed,1,793.0
45,87514.8,0.2684,0.31,1,8,13996.58,114,3703.53,2,264.7,Self-employed,1,761.98
26,47850.81,0.2029,0.2322,1,14,16252.43,100,42299.79,3,96.99,Self-employed,1,789.41
63,60718.41,0.6407,0.3666,0,6,10427.68,86,9395.55,3,341.31,Full-time,1,637.81
63,22929.36,0.202,0.4794,1,15,7675.85,10,10952.4,4,65.38,Self-employed,1,652.88
58,143686.69,0.4902,0.3105,4,9,2442.02,163,4466.95,0,180.83,Full-time,1,661.15
37,59921.25,0.181,0.2286,1,1,58191.98,112,15154.92,0,205.53,Part-time,1,806.88
23,81227.67,0.2503,0.3524,2,6,59474.16,98,2537.59,1,470.21,Self-employed,1,718.48
54,127516.88,0.4625,0.1708,1,7,9981.92,174,5127.66,1,705.08,Part-time,1,788.55
41,75745.33,0.5464,0.4984,0,9,6579.34,46,22398.63,2,150.55,Self-employed,1,599.81
67,126747.81,0.195,0.1667,1,12,49935.81,38,14878.63,1,60.62,Full-time,1,756.49
53,37843.63,0.4429,0.1552,1,3,4089.58,134,7039.46,1,266.8,Full-time,1,765.0
46,194622.97,0.1493,0.2779,0,14,37031.09,161,11328.6,3,272.26,Part-time,1,850.0
67,107925.84,0.1991,0.2798,4,3,28162.26,78,24164.27,1,520.15,Full-time,1,685.32
58,72703.23,0.4976,0.2843,1,17,14118.99,31,18498.89,0,1036.77,Full-time,1,630.48
42,125653.79,0.6201,0.3062,3,7,47816.16,150,23454.34,0,349.4,Full-time,1,637.42
21,39109.25,0.5308,0.369,2,16,11363.62,31,4866.73,2,1003.64,Full-time,1,574.34
25,58111.76,0.513,0.2136,2,2,32479.08,82,7321.35,4,241.54,Unemployed,1,661.03
41,126742.49,0.3959,0.2266,3,4,15142.12,74,69222.41,2,550.0,Part-time,1,661.25
47,28561.73,0.2955,0.1795,0,17,7695.17,40,9535.99,3,259.08,Full-time,1,749.81
22,85153.09,0.5674,0.1698,1,3,75359.55,171,9039.38,2,710.53,Unemployed,1,754.83
26,84076.24,0.4099,0.3257,0,6,10982.59,91,14828.78,1,150.69,Unemployed,1,721.44
54,160516.44,0.2577,0.4539,2,10,13353.11,111,16114.33,2,449.21,Self-employed,1,701.72
56,32456.96,0.1871,0.5047,1,4,31868.41,21,5722.5,2,561.2,Self-employed,1,660.2
22,136534.69,0.2534,0.473,2,6,42968.13,150,1610.25,2,207.26,Full-time,1,730.73
44,51443.44,0.3351,0.1368,0,12,7164.41,72,10163.83,0,474.33,Part-time,1,775.27
24,54113.87,0.2985,0.2612,3,9,49443.88,24,13142.39,5,135.22,Full-time,1,640.15
55,38181.18,0.4859,0.1793,2,8,17954.45,103,2969.51,0,840.13,Part-time,1,695.24
60,40557.12,0.2039,0.1662,0,12,16957.64,108,16758.65,0,353.63,Self-employed,1,837.28
61,79346.93,0.3839,0.2414,1,17,16039.28,112,17768.86,2,300.61,Full-time,1,742.81
49,40112.79,0.1352,0.1882,0,15,17823.9,141,30539.32,2,572.33,Full-time,0,850.0
50,92330.33,0.2639,0.3836,1,1,6053.98,69,5254.79,3,466.56,Self-employed,1,707.43
64,49102.5,0.5672,0.2683,1,11,23970.96,61,18256.37,1,286.78,Full-time,1,638.6
49,38335.62,0.2452,0.2601,1,9,20805.05,30,21352.49,1,680.81,Full-time,1,711.42
41,52181.63,0.4525,0.668,3,8,13945.05,174,46914.64,0,133.47,Self-employed,1,617.25
56,76996.73,0.1734,0.3319,5,4,20826.37,59,27558.06,2,489.27,Self-employed,1,639.17
48,58407.0,0.257,0.4317,0,5,15621.74,172,32785.95,1,92.8,Full-time,1,808.31
60,67197.72,0.3625,0.3201,1,12,17122.67,93,15206.64,4,163.22,Unemployed,1,713.72
45,90517.04,0.5055,0.2961,1,17,24157.27,170,9099.38,2,491.34,Full-time,1,740.99
61,107698.36,0.3818,0.3367,1,10,15395.87,99,39312.34,3,189.83,Full-time,1,708.79
23,57552.75,0.3886,0.1639,1,4,10465.93,169,4542.19,0,580.18,Full-time,1,808.28
22,41361.26,0.2131,0.2203,3,5,30674.67,151,48860.36,3,694.49,Full-time,1,781.83
25,68476.27,0.3528,0.4316,0,4,8496.92,13,26185.73,2,337.06,Part-time,1,647.09
47,81780.35,0.3651,0.5763,0,9,37648.58,12,10038.3,0,748.68,Full-time,1,606.4
54,34292.21,0.3206,0.0997,0,13,14177.43,30,3460.11,3,264.33,Full-time,1,753.9
31,44321.55,0.5444,0.2913,1,14,33290.51,97,12584.32,0,691.91,Full-time,1,669.69
28,47875.82,0.2189,0.227,0,11,49339.94,30,7786.78,2,412.7,Full-time,1,752.58
61,60263.39,0.1784,0.1135,3,17,17300.11,35,3480.11,2,462.07,Full-time,1,722.27
56,46982.7,0.3727,0.2127,2,16,33205.39,44,8218.94,1,333.23,Full-time,1,671.68
51,90959.38,0.462,0.0847,1,4,28035.72,159,28784.55,1,398.77,Self-employed,1,797.72
43,32134.65,0.3761,0.4518,0,16,20495.52,56,13247.42,3,238.73,Full-time,1,670.89
40,32504.26,0.4515,0.1776,1,1,27498.82,124,10881.98,1,1047.06,Full-time,1,748.48
21,56939.81,0.5964,0.163,2,13,14825.29,66,3522.71,1,340.25,Full-time,1,635.33
29,61142.12,0.2656,0.2828,1,10,56915.62,50,11440.62,0,42.36,Full-time,1,716.29
63,34386.19,0.1974,0.1762,3,1,19129.66,27,50901.13,3,212.68,Full-time,1,694.23
36,50360.53,0.4942,0.2367,2,6,10815.73,105,13794.37,0,486.41,Self-employed,1,680.06
54,55244.84,0.2903,0.2741,3,15,13309.09,101,9825.23,2,368.11,Self-employed,1,703.55
54,55437.74,0.3525,0.1222,0,13,33565.52,156,25224.84,1,496.35,Full-time,1,843.7
35,70851.87,0.4171,0.3362,0,10,9468.46,152,39167.66,0,565.86,Full-time,1,767.49
30,49133.16,0.421,0.1837,0,14,67805.36,28,43191.34,1,1335.56,Part-time,1,701.11
53,128672.58,0.7352,0.3412,1,4,44977.95,102,17903.05,0,523.69,Self-employed,1,604.14
25,82428.96,0.41,0.2182,0,4,7617.34,59,3308.67,2,460.36,Full-time,1,721.62
44,46018.51,0.1833,0.1202,0,11,30987.24,111,31046.03,5,499.81,Full-time,0,850.0
62,69046.13,0.6781,0.0999,0,8,9159.61,87,9570.09,0,746.53,Self-employed,1,694.09
54,69968.95,0.5535,0.2942,1,4,10061.98,66,8539.65,1,427.69,Self-employed,1,640.4
56,114304.89,0.3915,0.5119,1,1,12987.49,47,5837.76,0,405.92,Part-time,1,618.74
24,50505.01,0.449,0.1744,0,8,10725.31,88,21183.8,2,478.23,Part-time,1,745.03
30,93461.27,0.2699,0.1442,1,13,29965.77,26,30136.02,1,235.48,Self-employed,1,729.65
33,67429.27,0.4613,0.3833,2,7,21536.86,87,7573.63,1,668.57,Part-time,1,638.29
34,129470.06,0.2254,0.4783,5,10,24242.34,36,23072.4,0,392.07,Part-time,1,567.8
30,118290.79,0.3355,0.3123,0,4,18071.78,36,34009.06,1,450.41,Unemployed,1,701.28
66,72304.43,0.2687,0.1552,2,17,12462.62,61,18235.72,2,101.27,Full-time,1,731.42
28,58804.45,0.3745,0.1383,0,14,12525.87,142,13366.03,3,143.88,Part-time,1,821.41
54,83114.35,0.3923,0.5287,0,6,39102.71,137,11736.72,2,739.62,Self-employed,1,714.3
48,61010.27,0.1717,0.5123,2,9,14126.68,168,7648.15,2,106.94,Full-time,1,760.42
49,140946.86,0.4245,0.3788,0,12,47904.69,176,25513.62,1,436.75,Unemployed,1,774.62
31,68549.51,0.1829,0.0744,2,3,11558.49,39,35191.13,1,375.28,Full-time,1,759.03
35,55130.63,0.4664,0.4242,1,10,18623.69,41,14940.7,1,226.36,Self-employed,1,613.2
49,53807.77,0.4116,0.389,1,5,22394.54,171,9153.84,2,393.0,Part-time,1,746.77
35,38335.59,0.2506,0.1519,1,10,41247.99,146,20292.7,1,207.32,Part-time,1,833.51
53,85003.83,0.1751,0.2456,2,9,35544.99,117,6200.42,0,266.59,Unemployed,1,783.57
22,45752.19,0.4444,0.3574,1,8,22363.28,81,38903.9,1,332.95,Full-time,1,669.83
24,108463.25,0.5016,0.3502,3,11,19001.52,47,35247.95,3,1110.02,Full-time,1,576.14
55,36981.73,0.261,0.2921,0,7,9546.24,23,20382.22,2,292.7,Part-time,1,717.84
49,70070.6,0.1028,0.4077,0,14,15760.96,163,9283.85,1,586.54,Unemployed,1,850.0
23,111034.99,0.4091,0.0889,4,4,87895.59,108,11352.28,4,1464.84,Unemployed,1,695.04
63,25121.74,0.2203,0.6043,1,1,9219.32,11,3043.83,0,755.25,Unemployed,1,617.0
21,164098.07,0.1496,0.3111,2,12,12163.79,72,6966.5,3,122.31,Self-employed,1,737.34
65,54645.47,0.2749,0.2039,1,11,6853.47,137,24949.65,2,186.68,Full-time,1,805.72
55,70508.81,0.307,0.3367,1,12,10688.35,57,6924.24,0,746.96,Full-time,1,696.22
67,85575.32,0.1411,0.4644,1,7,7877.78,166,101618.86,0,56.74,Unemployed,1,804.9
65,91744.06,0.5474,0.2556,0,12,7645.86,68,8760.59,0,109.71,Full-time,1,678.55
35,74850.48,0.3336,0.3133,1,1,22606.32,147,6072.05,1,744.09,Full-time,1,769.09
56,103654.97,0.2588,0.142,2,17,30070.8,93,17792.66,1,499.93,Part-time,1,764.36
30,83581.86,0.3728,0.4522,3,16,23083.41,146,18483.52,1,52.11,Part-time,1,671.78
43,146151.13,0.4294,0.4183,0,6,8820.42,91,42635.96,2,233.92,Part-time,1,692.44
32,83704.45,0.1339,0.4919,1,6,5547.83,121,10744.91,0,374.97,Full-time,1,762.69
43,160185.21,0.2571,0.4525,0,3,4309.28,73,6278.16,0,277.26,Self-employed,1,720.58
62,99258.76,0.3565,0.2508,1,17,7682.67,41,8138.48,1,553.82,Part-time,1,689.52
41,29360.7,0.3947,0.5034,1,2,8793.92,22,37152.66,1,736.24,Self-employed,1,599.07
25,214270.86,0.2663,0.3723,1,15,13079.58,87,53900.88,5,291.46,Self-employed,1,724.54
36,51100.27,0.3974,0.5848,1,3,21667.79,94,8047.16,0,154.57,Self-employed,1,637.91
57,129702.0,0.5206,0.3129,0,17,13756.39,119,11761.39,4,205.47,Part-time,1,714.76
45,66973.82,0.4665,0.2589,1,5,54672.21,162,43283.93,1,475.37,Full-time,1,755.32
47,106669.51,0.3695,0.4834,1,8,90645.48,177,24960.6,3,704.16,Full-time,1,740.8
41,48541.99,0.3407,0.4276,1,2,16739.07,73,8101.18,2,350.93,Full-time,1,676.72
34,87691.92,0.2728,0.1198,1,6,4722.73,14,4871.1,3,832.3,Full-time,1,724.88
49,59045.54,0.5445,0.3852,0,17,12384.38,98,7516.75,3,374.43,Full-time,1,672.02
50,134665.8,0.4458,0.2623,2,11,14961.77,161,26892.5,1,121.01,Full-time,1,734.85
63,80611.83,0.2189,0.3724,3,6,29149.2,115,3672.16,2,424.56,Full-time,1,712.06
50,100828.28,0.4236,0.3954,2,16,7077.86,98,15519.76,1,1088.82,Self-employed,1,655.74
67,24988.36,0.3626,0.1535,1,16,5789.76,78,9568.49,4,457.77,Part-time,1,742.84
59,63671.5,0.4299,0.5338,2,7,21664.47,166,7008.35,1,582.23,Self-employed,1,675.91
24,79598.32,0.3397,0.3262,2,7,12298.35,143,8631.9,0,109.05,Full-time,1,735.71
39,73176.29,0.1891,0.3186,1,15,12163.19,152,27471.01,3,433.49,Self-employed,1,815.29
39,101978.85,0.2827,0.1789,1,10,9742.02,8,20531.95,2,275.57,Full-time,1,702.13
21,56125.36,0.3544,0.2759,3,5,13593.56,52,31470.92,3,489.73,Full-time,1,643.04
29,67639.96,0.3009,0.5047,0,11,20730.49,23,6539.46,0,162.04,Full-time,1,652.72
56,112594.94,0.4208,0.2898,1,7,3353.66,100,3134.46,4,977.71,Self-employed,1,709.64
37,23732.24,0.3087,0.5735,5,7,18241.47,7,15264.05,2,469.09,Full-time,1,494.85
27,86267.46,0.3659,0.2702,1,12,29182.36,151,12907.83,2,480.66,Part-time,1,773.51
34,56939.91,0.4055,0.1369,2,7,24661.78,169,8605.13,1,792.51,Full-time,1,784.96
33,43890.66,0.2402,0.3534,1,9,78830.79,149,2425.86,0,465.95,Full-time,1,788.76
29,76991.08,0.2387,0.3172,2,12,13276.46,20,27150.28,0,121.89,Unemployed,1,665.76
25,114961.56,0.2868,0.1535,2,16,16898.16,93,1062.51,3,80.65,Unemployed,1,753.08
56,105621.24,0.2097,0.1117,4,16,43979.87,146,23891.63,3,1296.66,Full-time,1,780.83
59,62267.76,0.4497,0.1354,1,16,18728.96,75,22984.67,1,465.66,Unemployed,1,718.74
44,98133.44,0.5425,0.2934,2,13,51732.37,19,21796.08,1,339.42,Full-time,1,579.73
49,97795.18,0.2299,0.2726,0,8,31945.76,136,12332.41,3,314.73,Full-time,1,826.21
64,63619.98,0.5762,0.3236,1,8,19944.2,80,1887.02,1,233.03,Full-time,1,637.91
60,48441.58,0.4822,0.1454,1,2,17889.48,154,3330.14,4,495.58,Part-time,1,772.32
22,49719.11,0.3713,0.3494,1,14,15301.37,99,6408.57,0,391.52,Full-time,1,708.76
65,96474.5,0.2462,0.1082,1,16,17600.81,67,62735.97,0,335.87,Full-time,1,779.92
24,64927.98,0.3418,0.2103,3,11,9977.96,142,29353.9,4,191.28,Full-time,1,738.22
22,41324.8,0.3821,0.3391,1,16,28974.8,136,11164.33,1,400.29,Unemployed,1,738.93
39,31002.15,0.2206,0.3996,4,9,68872.52,30,7734.42,1,338.13,Full-time,1,608.92
56,96213.42,0.4304,0.1174,2,2,5073.16,48,14581.44,1,524.79,Full-time,1,681.53
24,51738.1,0.2028,0.2749,2,16,41158.83,118,26752.07,2,273.75,Full-time,1,768.77
34,76778.08,0.4392,0.2099,4,7,21362.79,167,16820.24,1,224.62,Full-time,1,704.93
33,115597.33,0.6254,0.1902,0,9,37462.59,156,3994.09,4,232.47,Full-time,1,744.83
39,36716.59,0.3561,0.1748,0,11,11957.05,32,44122.25,0,178.24,Full-time,1,726.14
67,64840.66,0.292,0.3494,0,8,15883.65,170,19613.42,2,110.45,Full-time,1,816.72
36,61278.7,0.5121,0.2537,3,8,43733.61,86,8474.05,1,302.24,Full-time,1,629.61
30,78502.39,0.5539,0.306,2,12,17422.1,177,17585.07,2,140.9,Full-time,1,704.83
26,115568.88,0.4165,0.3406,0,6,32128.44,44,36573.15,2,780.82,Full-time,1,676.57
30,36378.99,0.3249,0.386,1,8,11945.25,167,18081.36,1,543.63,Full-time,1,770.2
27,85511.75,0.5809,0.2604,2,3,15696.23,102,18961.77,1,233.27,Part-time,1,645.63
47,105259.68,0.2174,0.3127,0,5,25758.63,64,47977.69,1,452.64,Self-employed,1,759.94
40,60847.76,0.4828,0.3449,1,13,23939.08,63,7671.11,1,552.45,Full-time,1,646.43
44,62202.4,0.4447,0.3375,1,9,32170.94,37,5781.59,6,281.92,Self-employed,1,638.05
60,79881.71,0.2768,0.3678,0,7,14204.68,178,8963.47,2,225.23,Full-time,1,823.34
48,77278.24,0.2667,0.2518,2,16,18033.49,77,27340.3,1,51.16,Full-time,1,721.21
28,85996.22,0.1835,0.2942,0,4,35539.89,117,30163.73,0,611.2,Part-time,1,818.9
38,85184.62,0.2546,0.0701,1,9,49505.28,40,15325.45,1,230.61,Self-employed,1,764.43
35,42536.27,0.2371,0.1756,0,2,10023.59,59,6502.88,3,921.58,Part-time,1,784.14
59,103323.48,0.1832,0.166,3,17,41424.14,167,60665.19,1,591.56,Full-time,1,817.71
35,111865.49,0.3749,0.3503,4,15,10529.33,10,4978.54,0,357.61,Full-time,1,558.29
27,71950.76,0.3181,0.3151,0,14,20857.1,84,9051.0,1,403.74,Full-time,1,745.8
55,33780.2,0.5565,0.4656,3,5,21972.15,105,7341.98,3,234.37,Self-employed,1,579.15
41,62841.09,0.3634,0.3416,1,9,12821.63,57,32926.35,0,390.18,Self-employed,1,678.08
25,72220.75,0.4725,0.3101,2,8,15926.08,103,11492.52,1,378.91,Self-employed,1,666.56
53,39534.54,0.3833,0.2828,0,6,5226.87,165,54094.36,2,144.25,Self-employed,1,801.81
30,56271.19,0.5055,0.2622,1,1,29951.61,65,26387.5,2,184.97,Unemployed,1,661.97
61,35093.94,0.4338,0.1768,1,11,14848.97,55,6055.82,4,296.28,Unemployed,1,696.49
60,86966.78,0.28,0.1265,0,1,17512.91,46,10205.68,2,905.54,Self-employed,1,772.71
38,71302.02,0.4049,0.2861,1,17,12080.52,90,8486.1,0,126.4,Full-time,1,707.0
47,31552.17,0.2767,0.473,1,3,30020.47,159,43317.76,1,91.68,Self-employed,1,756.24
47,77509.76,0.1372,0.3698,4,8,20531.29,84,27424.82,2,170.07,Unemployed,1,686.39
51,64509.71,0.2307,0.338,3,6,8067.4,121,3469.43,3,783.74,Full-time,1,722.12
24,83482.01,0.3596,0.532,2,4,16668.68,151,20875.12,3,86.96,Full-time,1,684.95
36,55481.8,0.5554,0.315,1,17,8738.22,24,12665.19,0,376.92,Part-time,1,599.63
29,46135.33,0.338,0.2432,0,3,18292.51,88,4518.74,2,127.99,Part-time,1,761.13
53,46775.74,0.5149,0.4202,1,14,29083.86,179,6615.66,2,350.28,Full-time,1,714.65
24,51938.9,0.3718,0.2339,1,9,20637.61,65,11118.84,0,721.81,Full-time,1,709.15
45,66734.1,0.3739,0.1734,1,12,24441.75,53,2035.78,2,324.05,Full-time,1,713.65
55,70726.9,0.3201,0.2642,3,8,37796.66,25,16125.07,0,603.3,Part-time,1,633.75
65,60728.97,0.4591,0.18,1,1,10167.33,32,14360.19,3,265.88,Self-employed,1,668.94
34,54693.83,0.371,0.3836,0,9,13265.92,98,10763.76,2,126.23,Full-time,1,724.47
21,56492.8,0.2175,0.125,1,1,5115.99,139,13775.92,1,803.77,Full-time,1,844.33
55,204531.27,0.6815,0.3793,2,9,13826.69,120,11025.44,0,482.85,Full-time,1,600.72
21,46778.25,0.2063,0.3906,1,10,11739.17,101,5139.09,1,453.71,Full-time,1,749.63
24,51478.14,0.25,0.3441,0,10,28504.23,48,7750.56,3,322.72,Full-time,1,728.98
67,250000.0,0.3987,0.4374,1,13,24907.98,94,6901.72,1,599.27,Full-time,1,674.37
61,79973.93,0.2965,0.3491,1,6,51565.55,120,22818.75,2,346.29,Self-employed,1,748.78
54,35561.14,0.5639,0.1434,0,17,12695.58,42,5400.97,0,111.07,Full-time,1,679.98
60,96684.58,0.4231,0.4739,1,9,23804.32,84,8352.34,0,314.98,Part-time,1,649.6
24,43935.7,0.3416,0.2484,1,12,30279.41,107,13664.85,1,553.59,Part-time,1,749.59
25,99615.96,0.3515,0.4877,2,8,89672.16,10,3657.36,0,471.59,Full-time,1,580.96
35,60178.29,0.1715,0.3221,2,7,24462.43,120,9069.13,0,105.51,Full-time,1,768.02
22,54289.81,0.69,0.5452,0,9,17437.27,10,13622.68,1,95.73,Full-time,1,515.03
62,136506.05,0.3963,0.3401,2,15,19691.55,80,15232.8,3,392.64,Part-time,1,662.75
23,85381.15,0.1937,0.2529,1,8,24977.08,13,17805.62,0,340.09,Full-time,1,714.5
46,102523.29,0.4902,0.1585,2,2,47163.06,49,6923.95,2,246.42,Part-time,1,654.15
61,80475.97,0.3223,0.1408,1,12,13388.49,76,5223.03,1,677.68,Part-time,1,756.44
55,54176.36,0.2611,0.5145,2,6,10963.79,30,8888.86,1,351.54,Part-time,1,618.04
32,87125.9,0.1971,0.3591,1,13,113021.79,148,15605.99,1,398.31,Part-time,1,799.43
43,114022.03,0.1489,0.2379,4,15,8194.58,158,10337.36,1,153.58,Full-time,1,777.52
46,70307.38,0.2218,0.2066,3,7,32824.98,60,5121.53,2,479.64,Full-time,1,706.81
57,148856.67,0.2796,0.5661,1,16,24133.77,102,86952.42,3,306.45,Part-time,1,684.6
41,97024.54,0.2506,0.3663,2,13,22592.74,114,6759.92,6,206.87,Unemployed,1,728.24
34,72794.24,0.313,0.4146,1,12,7636.26,87,4286.94,1,480.21,Part-time,1,699.95
58,74099.86,0.4672,0.1436,2,16,120132.38,152,7338.74,2,662.22,Self-employed,1,750.61
62,70386.5,0.2233,0.1589,4,15,20404.79,157,27828.65,1,224.52,Full-time,1,774.12
43,37682.18,0.3757,0.1047,0,14,12574.22,102,21678.14,2,452.86,Full-time,1,796.12
22,63542.71,0.1762,0.4386,1,17,7109.76,124,60874.94,1,265.25,Part-time,1,765.82
44,73096.37,0.3895,0.4562,2,14,4413.43,166,5653.88,0,409.61,Full-time,1,707.43
62,54872.18,0.3263,0.3606,2,15,29522.33,156,10331.73,0,116.07,Part-time,1,741.96
67,77030.34,0.2055,0.2232,3,13,10033.32,57,31604.81,5,119.81,Full-time,1,705.05
39,66808.69,0.2644,0.4427,1,8,14947.83,168,5475.14,5,420.7,Full-time,1,775.0
28,93728.85,0.5414,0.1671,1,7,11829.09,93,35794.94,2,201.12,Self-employed,1,698.3
47,89178.97,0.5083,0.2403,1,14,26277.49,169,13759.38,1,472.05,Full-time,1,753.27
60,71340.47,0.3507,0.4199,2,17,23686.87,99,6776.56,2,352.43,Unemployed,1,672.32
65,35766.04,0.2167,0.4235,6,10,30529.49,176,3106.94,2,163.33,Part-time,1,675.78
23,148126.99,0.5007,0.2226,1,4,31355.91,33,20825.8,1,323.58,Self-employed,1,646.64
34,62078.13,0.3675,0.1333,2,14,10925.02,140,46858.2,1,299.16,Full-time,1,773.09
43,63805.91,0.5346,0.3286,1,5,7025.75,91,17837.09,2,538.59,Full-time,1,658.3
25,56719.06,0.3583,0.2929,1,13,16253.6,27,18715.22,5,388.52,Full-time,1,666.78
62,53115.01,0.171,0.2386,2,4,25903.67,118,16715.11,0,274.79,Self-employed,1,787.38
26,132564.7,0.3328,0.1542,2,15,19453.58,100,29259.72,0,453.18,Full-time,1,744.94
52,123465.86,0.2573,0.2389,0,9,4873.12,20,37893.61,1,503.62,Full-time,1,729.75
64,80819.78,0.4176,0.2581,1,7,18774.21,29,1150.76,3,151.78,Full-time,1,659.36
53,63046.32,0.1323,0.2971,2,13,8951.69,116,10178.83,1,413.36,Self-employed,1,782.7
56,87430.82,0.5338,0.4964,1,13,18315.32,173,7898.18,1,103.72,Full-time,1,684.93
33,68405.51,0.4022,0.343,4,5,35424.73,95,15684.34,2,168.76,Full-time,1,622.76
59,60742.55,0.3316,0.1009,2,2,3148.47,70,9537.98,5,265.77,Full-time,1,733.63
40,77045.21,0.1019,0.3712,3,17,51791.47,68,19505.37,1,46.09,Full-time,1,708.3
23,54256.55,0.5121,0.3192,2,17,8671.29,132,17744.37,1,652.88,Full-time,1,676.57
38,74125.8,0.3227,0.1207,3,12,36211.62,70,2621.09,2,516.02,Self-employed,1,706.35
37,72540.44,0.3363,0.2886,1,2,32491.19,98,2100.47,0,408.72,Full-time,1,733.63
45,86796.47,0.3813,0.1725,2,16,14605.81,154,25409.13,2,135.82,Full-time,1,770.82
33,50080.57,0.2788,0.3406,1,8,24788.08,141,6591.79,1,684.45,Unemployed,1,773.71
42,91086.18,0.3917,0.3903,1,11,11036.53,173,57577.33,4,575.9,Part-time,1,754.08
41,44009.46,0.472,0.1594,0,12,5387.68,131,27570.8,3,270.96,Part-time,1,777.72
36,51141.16,0.2701,0.4994,1,10,39991.3,65,2923.45,4,264.62,Full-time,1,673.29
53,52155.44,0.4514,0.2777,3,4,11178.89,18,6783.5,1,512.04,Part-time,1,585.16
35,40846.51,0.6594,0.2596,4,17,63611.1,84,16378.57,1,272.67,Full-time,1,557.28
56,104511.04,0.4577,0.1443,1,9,33460.3,65,9142.51,1,79.31,Full-time,1,705.78
32,42784.3,0.3534,0.1968,1,17,9984.36,88,11530.6,1,718.06,Full-time,1,743.11
61,48314.53,0.5817,0.2062,1,3,27227.66,169,5209.27,3,324.91,Full-time,1,739.77
38,116416.96,0.4029,0.0574,0,12,26095.4,118,17919.64,0,367.33,Full-time,1,813.11
22,51186.84,0.3789,0.367,5,4,60220.93,30,13584.24,6,205.6,Part-time,1,544.58
28,60799.44,0.3011,0.1242,1,2,12806.85,45,25395.34,2,474.1,Self-employed,1,741.12
58,41964.82,0.2694,0.1735,1,15,15327.62,34,12822.29,2,392.02,Full-time,1,729.14
61,96261.92,0.3028,0.458,2,3,24423.5,66,7828.84,1,369.33,Full-time,1,649.66
30,96860.91,0.5765,0.4076,1,1,18264.47,173,15010.07,1,266.48,Full-time,1,694.32
49,92274.74,0.3309,0.0802,2,1,6814.55,27,18186.95,2,281.84,Full-time,1,703.18
47,84279.04,0.3761,0.395,1,7,36694.68,129,13381.74,1,331.74,Full-time,1,720.92
27,68399.11,0.3059,0.1479,0,3,55200.5,4,37947.1,1,700.38,Full-time,1,724.59
42,52262.3,0.4285,0.3601,0,2,20076.96,21,5308.85,2,708.22,Self-employed,1,648.93
53,45856.11,0.5319,0.1826,2,10,7399.32,36,28920.72,3,183.59,Full-time,1,624.78
66,118238.32,0.3763,0.2034,0,4,16660.96,74,4738.62,3,1107.25,Full-time,1,747.93
60,93354.74,0.2477,0.2354,2,8,9542.25,10,23272.48,1,468.3,Full-time,1,675.17
25,48436.7,0.5466,0.2772,1,2,15042.12,11,2329.14,1,510.3,Unemployed,1,600.89
32,67367.93,0.1923,0.2092,1,12,20533.4,45,10361.04,2,309.53,Unemployed,1,752.51
41,57811.8,0.3026,0.3627,1,8,28544.91,144,30051.75,2,356.22,Unemployed,1,763.54
28,39827.19,0.6089,0.2607,1,16,48224.06,66,9392.54,2,635.88,Full-time,1,632.16
47,71678.28,0.2341,0.4493,4,14,27972.53,19,12228.61,2,580.62,Full-time,1,583.28
21,54886.81,0.3502,0.4121,0,7,8599.08,14,16710.15,3,215.91,Full-time,1,653.58
26,43103.46,0.3405,0.0901,4,6,29065.41,15,1832.19,0,295.96,Unemployed,1,637.83
23,34009.34,0.3382,0.4148,3,15,14764.52,172,16978.71,1,227.92,Full-time,1,713.17
34,32737.89,0.1649,0.0699,1,7,15977.55,75,5853.49,0,115.9,Self-employed,0,820.56
56,55986.07,0.1575,0.3324,2,16,17857.5,26,29265.68,5,468.5,Full-time,1,691.32
29,63685.19,0.3693,0.5202,3,2,19822.07,29,12019.81,4,308.04,Full-time,1,558.33
67,44627.91,0.3433,0.7872,0,12,36637.37,154,16428.63,2,544.58,Part-time,1,678.54
33,88683.82,0.3293,0.2387,2,8,25534.27,147,4730.35,2,28.95,Part-time,1,764.04
23,64247.88,0.2073,0.2187,1,15,7864.67,129,25546.52,2,462.06,Full-time,1,815.64
36,85784.91,0.4143,0.5047,1,2,6301.4,95,12591.79,1,204.28,Full-time,1,653.7
56,60942.75,0.1976,0.1046,3,16,28428.29,139,3571.66,0,675.25,Full-time,1,805.4
26,46434.46,0.111,0.2981,0,17,26293.75,90,8314.96,0,257.77,Unemployed,1,817.18
24,69658.01,0.3312,0.3996,0,8,43598.92,42,22638.58,2,778.42,Part-time,1,685.74
60,37488.76,0.3418,0.4107,1,12,16832.58,77,14334.89,0,299.35,Full-time,1,683.95
48,84351.45,0.4902,0.378,3,9,21938.49,169,23362.38,4,238.94,Full-time,1,674.27
37,43402.96,0.3091,0.3134,0,11,25189.96,70,9377.01,2,241.48,Unemployed,1,737.25
56,100027.92,0.4221,0.317,1,9,6074.95,43,35724.5,0,481.12,Full-time,1,654.95
60,56822.91,0.3444,0.2972,1,12,5833.8,111,42287.35,1,388.62,Unemployed,1,739.88
37,106738.81,0.4733,0.3475,3,8,30185.67,6,2873.07,1,277.67,Full-time,1,551.14
47,39927.46,0.2113,0.3641,1,17,23352.49,93,21048.24,3,390.23,Full-time,1,748.08
21,48776.49,0.5463,0.1923,2,17,46291.38,30,46177.92,3,851.56,Part-time,1,613.04
35,78544.51,0.2699,0.1541,2,14,65553.28,5,19158.47,3,494.34,Part-time,1,684.67
48,112052.6,0.169,0.3981,2,2,14613.78,65,12314.74,1,159.22,Full-time,1,703.94
30,140080.71,0.3281,0.3047,2,4,14090.5,128,4135.68,0,266.55,Full-time,1,732.06
67,67414.46,0.4448,0.3703,0,7,6977.17,17,9798.85,2,493.39,Self-employed,1,638.15
66,151294.8,0.2802,0.3195,0,3,25917.03,18,8273.88,1,170.62,Part-time,1,701.06
33,58084.32,0.3483,0.2787,1,16,4269.38,146,26971.52,3,815.61,Unemployed,1,772.5
39,108493.49,0.1674,0.199,1,5,9143.27,165,29754.89,2,663.47,Self-employed,1,850.0
29,43304.79,0.392,0.2023,1,14,22382.97,102,11077.85,1,303.95,Unemployed,1,741.82
44,79944.68,0.1545,0.5332,1,16,11370.67,85,5692.35,1,621.01,Part-time,1,716.18
26,23068.84,0.1175,0.3978,1,5,17446.93,167,2090.5,2,1410.08,Full-time,1,829.47
39,39946.01,0.162,0.525,0,13,15600.96,48,21043.98,2,401.19,Part-time,1,710.15
47,81634.28,0.1584,0.1939,1,12,8280.14,106,19577.1,2,427.36,Full-time,1,817.34
49,36658.57,0.3878,0.1992,0,11,4246.73,13,2162.46,2,163.68,Self-employed,1,694.69
49,80187.85,0.3795,0.2616,1,1,29438.5,14,19858.05,1,221.3,Full-time,1,657.42
31,99499.33,0.1556,0.2178,1,10,15922.79,66,26783.64,1,238.54,Full-time,1,778.87
58,52807.36,0.4854,0.2787,0,10,22872.73,97,1230.05,0,410.66,Full-time,1,715.54
53,42786.21,0.2087,0.5195,1,1,17309.99,3,5416.4,0,364.23,Full-time,1,635.02
56,53456.1,0.1803,0.2303,3,16,17095.44,16,105760.57,0,734.52,Full-time,1,676.67
42,42846.72,0.6501,0.2606,0,13,20220.39,27,13620.52,0,447.17,Full-time,1,612.32
62,63224.93,0.2071,0.3749,0,11,15761.94,169,90154.29,0,472.31,Full-time,1,834.98
39,69282.03,0.3426,0.3584,2,7,14228.8,49,15742.82,1,597.92,Self-employed,1,648.45
58,57658.64,0.3277,0.5433,3,16,8923.85,119,33308.65,1,427.96,Self-employed,1,640.03
30,140570.11,0.4522,0.3789,1,8,102513.88,165,10082.71,1,138.38,Unemployed,1,732.12
32,47871.15,0.3219,0.2119,0,2,36493.06,64,7422.08,1,1235.49,Full-time,1,753.79
45,123765.62,0.2725,0.2718,0,17,51210.95,30,3371.42,3,150.97,Full-time,1,725.3
47,41416.82,0.6592,0.2058,2,10,43841.19,110,20782.19,1,242.54,Part-time,1,642.46
56,68374.14,0.1954,0.3067,0,11,14831.93,61,6383.89,2,220.91,Full-time,1,765.54
34,112690.17,0.3183,0.2943,2,12,15879.42,136,5822.7,2,66.59,Full-time,1,744.27
62,110096.3,0.5028,0.1908,2,3,18069.99,174,3498.71,0,720.02,Unemployed,1,746.46
36,54769.24,0.3934,0.2295,4,1,13975.77,169,13585.11,4,152.19,Self-employed,1,715.44
46,84946.88,0.1747,0.1508,2,8,33340.65,71,25264.08,1,144.8,Unemployed,1,769.06
64,79979.9,0.3646,0.2956,1,15,10204.45,113,10813.39,2,522.16,Full-time,1,735.89
46,51897.58,0.4734,0.5008,5,17,8545.87,82,10043.02,1,584.73,Full-time,1,526.11
53,87306.26,0.2949,0.2768,1,5,7277.36,122,48675.34,3,162.19,Self-employed,1,769.0
63,152989.03,0.1873,0.4293,0,17,14374.15,51,3366.29,1,239.93,Self-employed,1,728.98
66,81819.04,0.485,0.4656,0,15,12960.86,73,61859.66,2,503.55,Full-time,1,648.93
44,85379.42,0.2015,0.2691,1,14,11694.02,23,4220.95,2,352.74,Full-time,1,716.44
40,89542.6,0.4919,0.293,3,5,19122.57,42,12022.86,3,298.47,Full-time,1,589.18
30,34288.34,0.5317,0.2736,0,13,7973.69,42,18221.86,2,134.8,Part-time,1,657.09
46,81397.6,0.2381,0.132,0,17,30320.94,65,30641.51,1,475.6,Self-employed,0,799.74
64,41875.58,0.1377,0.2073,1,10,8367.21,30,3423.47,2,720.42,Self-employed,1,756.86
43,50744.11,0.5374,0.3541,0,16,7935.65,120,15348.59,4,907.45,Part-time,1,700.26
37,175058.21,0.1278,0.1891,0,5,11492.14,175,7907.85,2,711.61,Self-employed,0,850.0
26,59043.65,0.2852,0.308,2,15,16372.33,157,31060.32,3,199.18,Self-employed,1,768.27
39,47425.8,0.1149,0.3072,0,4,32937.82,137,7825.39,4,285.68,Full-time,1,850.0
32,111152.92,0.2054,0.3499,1,12,17115.68,120,2569.08,3,294.08,Self-employed,1,775.9
66,43197.82,0.1684,0.4102,1,7,5864.82,59,18208.92,3,620.51,Unemployed,1,721.1
45,54103.89,0.6043,0.2748,0,7,25368.69,172,12994.68,1,758.98,Full-time,1,743.34
27,116084.48,0.2726,0.3552,1,13,25029.75,103,60347.08,0,180.24,Part-time,1,740.25
24,67456.98,0.3224,0.1635,3,8,12013.01,121,30233.83,1,719.55,Full-time,1,738.24
60,32770.41,0.3212,0.1503,2,15,20324.72,17,6325.29,2,248.16,Full-time,1,680.23
64,84524.38,0.6197,0.2303,0,10,49227.66,114,30517.96,2,380.2,Part-time,1,701.52
56,55358.77,0.1202,0.3553,3,9,9848.41,37,14497.19,1,854.63,Full-time,1,680.95
26,132314.0,0.3657,0.3207,1,5,35325.02,5,24477.78,3,160.43,Full-time,1,639.28
25,50373.27,0.4164,0.2218,1,11,43734.24,167,7010.6,1,613.18,Full-time,1,783.8
30,106197.06,0.509,0.3691,2,5,20395.77,110,9675.24,0,264.92,Self-employed,1,646.69
56,147128.87,0.0882,0.3281,0,13,7629.02,5,23211.53,5,455.67,Full-time,1,745.68
56,45119.76,0.5085,0.4001,2,9,45018.99,15,24841.16,0,292.78,Full-time,1,559.93
60,60660.87,0.4696,0.162,1,10,34241.51,142,2227.62,2,117.18,Self-employed,1,761.95
25,78816.79,0.2303,0.1569,2,9,26472.7,95,21848.33,1,441.79,Unemployed,1,770.85
28,44989.95,0.7454,0.1655,1,1,17384.39,31,6514.77,6,219.85,Part-time,1,585.84
63,74729.69,0.6047,0.1559,0,14,40545.01,106,16306.55,1,116.69,Full-time,1,717.95
64,59801.49,0.3668,0.2353,0,17,9946.28,167,3274.55,1,81.18,Full-time,1,820.3
55,59261.76,0.2884,0.1441,0,13,32859.16,117,28301.96,3,488.31,Full-time,1,824.96
25,67644.56,0.3777,0.4342,4,4,14397.58,151,23725.2,1,51.75,Full-time,1,653.97
24,68327.6,0.2083,0.252,0,11,5577.47,157,6623.97,2,421.59,Unemployed,1,850.0
23,71235.48,0.2779,0.4896,1,3,8926.48,171,18797.95,3,192.93,Full-time,1,761.73
53,50540.39,0.2173,0.2024,2,12,23926.67,86,12947.78,2,482.37,Full-time,1,755.88
60,51543.05,0.1808,0.5307,0,8,21068.52,179,22339.88,0,115.55,Full-time,1,812.25
50,62732.54,0.2674,0.4053,0,15,24594.56,88,4120.42,0,173.36,Full-time,1,741.79
33,64851.74,0.3786,0.1421,3,10,13947.61,62,4766.5,3,362.61,Full-time,1,677.56
56,54312.94,0.2327,0.3845,0,1,20904.45,100,7172.07,2,377.96,Part-time,1,767.4
23,76555.62,0.1699,0.5203,1,15,27940.37,155,12789.74,1,157.49,Self-employed,1,773.12
59,29241.88,0.3109,0.6464,2,10,94085.28,62,53476.64,1,486.13,Full-time,1,596.8
62,47633.43,0.1812,0.1533,1,16,13704.87,88,15467.35,2,265.52,Self-employed,1,805.65
54,58339.37,0.3927,0.147,1,2,36949.77,51,29839.05,1,392.42,Part-time,1,712.94
62,45014.87,0.4935,0.3172,1,5,28356.58,65,6342.79,3,561.57,Unemployed,1,651.82
48,137742.2,0.3452,0.3764,3,2,19650.41,21,8213.02,1,349.23,Part-time,1,594.84
43,66735.2,0.3821,0.4107,2,6,7252.17,155,7521.18,1,435.89,Self-employed,1,711.86
36,71649.85,0.3293,0.1139,0,9,47710.72,151,11287.84,0,354.65,Full-time,1,848.57
64,53238.98,0.6032,0.138,1,12,21465.16,179,23543.69,3,478.23,Self-employed,1,758.71
53,65702.98,0.3735,0.1623,0,7,11924.77,10,10043.88,2,35.86,Full-time,1,705.71
29,38297.35,0.2997,0.0998,1,9,9710.1,14,10328.36,2,345.66,Full-time,1,721.81
65,61302.89,0.2887,0.1026,1,13,21648.72,176,21887.28,1,657.43,Self-employed,1,850.0
23,43405.71,0.3576,0.2164,3,8,9353.29,150,8684.74,2,403.82,Self-employed,1,738.62
48,58405.68,0.4582,0.3103,1,14,12111.48,54,6918.0,3,200.18,Part-time,1,654.96
29,20911.14,0.2883,0.2268,1,2,11920.73,88,10044.95,1,406.95,Self-employed,1,755.14
52,39830.91,0.3308,0.2097,2,14,18626.09,127,63021.83,1,490.22,Self-employed,1,754.17
40,127869.68,0.3394,0.1019,3,14,27456.1,71,28240.12,2,460.25,Full-time,1,706.87
41,96151.37,0.2901,0.4569,1,10,14437.94,132,67040.81,2,206.37,Part-time,1,733.74
52,119798.65,0.4301,0.4706,0,6,15540.3,141,4415.91,4,319.34,Self-employed,1,720.82
56,123559.06,0.3052,0.1722,1,1,19453.56,73,18612.08,0,694.65,Full-time,1,751.22
38,89576.15,0.5091,0.4378,0,17,10678.92,9,9734.43,1,478.08,Full-time,1,595.32
67,53971.37,0.5766,0.526,1,1,11955.36,75,10242.56,2,322.07,Full-time,1,583.02
44,41491.22,0.4423,0.4007,2,2,13002.16,173,3606.29,1,1021.37,Part-time,1,711.3
28,110861.29,0.1691,0.2783,2,4,22062.01,108,40342.79,2,497.8,Unemployed,1,769.7
21,68122.01,0.288,0.6323,0,4,55611.94,21,3364.77,2,361.66,Full-time,1,623.03
30,203274.03,0.2268,0.3873,3,5,7540.28,15,28456.35,1,325.83,Full-time,1,622.64
53,56145.73,0.3397,0.4612,3,4,21320.03,174,9556.98,2,177.12,Full-time,1,702.79
46,160781.75,0.4451,0.2829,1,8,15356.88,6,6158.04,1,283.45,Full-time,1,625.74
36,61663.27,0.3076,0.3585,1,16,16012.95,3,5931.19,1,592.82,Self-employed,1,645.6
43,120719.13,0.4413,0.2717,0,7,12815.33,130,13941.09,2,459.93,Unemployed,1,758.02
60,141989.91,0.2084,0.2314,2,3,40089.58,21,9785.16,3,546.3,Part-time,1,697.13
47,41759.09,0.4103,0.0764,0,3,3300.75,94,13411.14,1,231.51,Part-time,1,786.14
23,53196.66,0.4603,0.1774,0,15,8144.08,24,2470.43,1,494.46,Unemployed,1,687.56
23,41571.05,0.2621,0.1555,1,2,38677.29,179,2309.61,2,315.03,Self-employed,1,850.0
43,38045.0,0.168,0.1918,1,17,40757.02,37,2842.3,2,164.76,Full-time,1,757.48
40,89337.81,0.19,0.3996,1,1,61818.96,55,26422.9,2,704.83,Full-time,1,713.93
60,60567.71,0.2749,0.4201,0,1,22351.4,54,45752.7,1,463.18,Full-time,1,707.5
48,67748.99,0.5115,0.1903,3,2,25274.23,69,10677.63,2,518.13,Self-employed,1,631.47
56,84991.59,0.3031,0.4691,3,16,4894.35,59,25146.33,2,102.78,Self-employed,1,615.96
48,28686.33,0.3236,0.4603,0,1,18070.83,115,17937.79,2,191.38,Full-time,1,733.68
37,118071.39,0.2513,0.1897,0,16,26680.63,78,36081.47,3,177.89,Full-time,1,792.18
51,56551.54,0.5828,0.394,2,1,12816.09,124,37214.5,2,215.48,Self-employed,1,629.99
50,84084.76,0.5127,0.3826,0,13,16906.55,101,4671.49,2,687.99,Part-time,1,684.71
54,87493.59,0.6853,0.1997,0,8,42724.62,71,15736.28,2,187.67,Full-time,1,653.65
29,122621.6,0.4008,0.3548,1,5,49997.51,147,27671.98,3,442.87,Unemployed,1,738.56
51,63121.34,0.3417,0.4395,1,12,21487.25,24,27766.16,1,424.13,Full-time,1,632.62
34,25447.25,0.2448,0.2319,1,13,17403.08,153,25637.49,1,215.21,Full-time,1,821.08
58,67894.3,0.5969,0.4468,3,8,30038.81,15,12992.75,0,726.02,Full-time,1,496.73
58,72425.82,0.1686,0.4859,4,2,13924.43,96,23741.88,3,335.41,Unemployed,1,657.94
50,41547.08,0.5733,0.5714,3,5,37452.85,3,3993.79,2,618.13,Self-employed,1,462.66
65,70712.02,0.2928,0.2499,4,1,12488.61,109,4163.7,6,296.14,Part-time,1,690.52
46,56248.9,0.3905,0.1227,0,11,30485.42,68,48159.93,2,234.64,Full-time,1,758.84
22,36161.88,0.3302,0.1718,0,7,17786.94,24,33696.54,0,94.72,Full-time,1,727.99
49,89515.6,0.3664,0.4658,0,11,11691.43,52,51291.21,3,388.08,Self-employed,1,666.96
57,51345.04,0.5286,0.3225,2,10,23188.89,89,11722.86,2,769.74,Full-time,1,634.96
25,55112.36,0.1229,0.4987,1,13,13703.33,6,5819.57,2,486.71,Full-time,1,668.46
25,53736.06,0.3222,0.4421,0,8,36170.34,81,11397.05,0,481.27,Full-time,1,710.32
33,115377.58,0.2001,0.5988,0,5,8990.97,119,69376.12,1,635.07,Part-time,1,739.44
60,64963.95,0.1978,0.3115,2,11,21105.18,40,6550.3,0,470.69,Part-time,1,696.12
45,68568.94,0.4353,0.5121,1,17,10802.58,65,11528.51,2,181.02,Part-time,1,620.55
66,54269.29,0.3011,0.1578,1,12,41806.05,82,37611.3,1,292.69,Full-time,1,763.55
62,81494.44,0.1658,0.1585,2,3,29740.76,99,14305.52,5,479.42,Full-time,1,793.14
47,121442.13,0.2007,0.4148,2,5,17477.13,112,9607.91,0,702.98,Full-time,1,729.42
52,88569.02,0.3476,0.5084,2,17,17841.78,155,25392.7,2,361.64,Full-time,1,697.79
36,90137.37,0.1617,0.5108,0,13,58634.6,128,8906.8,1,555.68,Full-time,1,780.46
25,86925.23,0.4962,0.2671,2,11,30680.29,67,20044.74,5,221.36,Full-time,1,640.2
39,35556.95,0.6973,0.4648,1,13,10624.82,154,1716.28,2,966.69,Full-time,1,627.94
48,44611.48,0.2271,0.2455,0,5,34693.01,41,3014.92,2,492.63,Full-time,1,754.66
29,60340.31,0.2288,0.3532,0,16,12162.08,143,10952.92,0,440.91,Self-employed,1,812.23
31,47732.18,0.308,0.3065,1,4,20072.38,52,41527.09,2,475.73,Part-time,1,699.31
21,40984.87,0.2081,0.1803,2,17,4151.54,72,11622.69,2,1279.72,Full-time,1,752.5
55,28496.05,0.2011,0.2351,0,4,31903.05,10,12780.66,5,180.47,Part-time,1,739.23
63,36100.49,0.1833,0.1712,1,6,11284.99,160,16519.67,2,165.71,Self-employed,1,850.0
59,58956.99,0.2127,0.1691,1,11,15594.46,42,9415.22,1,299.25,Self-employed,1,753.92
38,64135.81,0.5278,0.13,1,9,6800.92,10,3402.42,1,143.34,Self-employed,1,642.49
48,46310.58,0.3844,0.3757,2,17,20460.83,162,23989.58,1,69.38,Full-time,1,725.76
66,68563.55,0.5025,0.5071,0,15,18945.52,173,16746.5,3,553.94,Full-time,1,716.64
48,54435.67,0.3276,0.4825,2,15,7390.37,25,17878.15,2,477.41,Unemployed,1,601.93
34,108094.17,0.3466,0.1524,0,10,18450.31,153,5180.94,1,672.02,Full-time,1,835.42
36,61529.28,0.3012,0.3934,1,17,14978.51,61,48900.21,1,95.33,Unemployed,1,687.12
55,90522.06,0.3299,0.4068,1,13,42478.82,141,9273.38,1,669.65,Unemployed,1,741.83
41,72507.57,0.3511,0.3466,1,6,10982.52,25,45066.07,1,335.99,Full-time,1,653.85
60,35209.39,0.5027,0.3676,1,11,25217.5,7,2223.42,1,492.84,Full-time,1,588.12
61,63525.95,0.2845,0.3039,0,7,6442.64,13,9297.93,0,677.18,Full-time,1,699.51
22,37947.89,0.3216,0.2744,0,5,19072.4,140,48750.35,2,604.07,Unemployed,1,801.59
54,63028.71,0.3283,0.3148,3,13,23162.91,70,11837.21,3,616.64,Full-time,1,656.14
38,47320.13,0.4832,0.1719,2,7,23985.18,37,1657.17,2,485.44,Full-time,1,642.9
45,78580.85,0.5447,0.1665,3,5,16594.83,148,5908.07,3,641.59,Full-time,1,693.3
33,36168.38,0.3615,0.4693,2,15,60611.42,73,16954.32,3,189.63,Part-time,1,635.06
38,66610.39,0.5325,0.2742,1,6,14010.89,9,45263.99,1,122.88,Full-time,1,604.2
36,85612.54,0.4041,0.4344,1,13,25265.96,150,10461.82,1,109.44,Full-time,1,720.17
23,99550.27,0.2136,0.1952,0,5,14466.93,124,33897.26,1,693.43,Full-time,1,840.45
57,46916.49,0.3196,0.5156,1,7,10031.18,121,18689.03,0,97.03,Full-time,1,701.05
27,66701.85,0.4517,0.489,0,7,7853.0,11,9413.73,0,492.22,Unemployed,1,601.41
38,71888.11,0.2089,0.3643,2,9,9508.23,32,26081.25,1,117.87,Full-time,1,672.92
30,132747.86,0.4116,0.2616,1,14,27529.64,131,30224.23,2,644.29,Full-time,1,745.29
28,33975.72,0.3532,0.072,3,6,45658.5,139,10464.02,2,121.09,Self-employed,1,766.87
38,43914.68,0.5234,0.1098,1,1,27471.1,173,7247.98,3,89.83,Full-time,1,784.7
64,233750.16,0.1887,0.444,1,3,14263.87,149,3379.34,0,125.13,Full-time,1,781.56
65,58518.97,0.2301,0.3909,0,1,11616.67,51,19055.32,3,108.88,Full-time,1,725.74
38,28255.76,0.3982,0.3772,2,16,20231.06,93,8185.51,3,227.07,Self-employed,1,663.74
44,50911.92,0.5111,0.4461,0,1,8699.91,83,20826.07,1,488.92,Full-time,1,654.31
67,20000.0,0.4448,0.2103,0,16,33477.8,74,17134.37,3,913.9,Full-time,1,725.65
32,73748.38,0.528,0.4616,3,11,23356.76,99,18021.65,0,188.29,Self-employed,1,583.7
65,95263.61,0.5112,0.3272,2,1,9159.75,161,11618.91,5,237.47,Part-time,1,699.01
25,43903.61,0.6487,0.5453,0,7,51223.86,43,4517.89,2,812.67,Self-employed,1,554.9
31,53539.46,0.2385,0.3105,2,14,7751.75,100,19967.59,1,351.18,Full-time,1,734.16
36,100272.26,0.5006,0.3795,3,9,18699.11,11,27235.85,0,835.94,Full-time,1,539.11
22,30103.69,0.4322,0.2234,0,14,32326.47,94,96406.8,1,171.63,Full-time,1,742.82
59,36508.23,0.3579,0.162,0,8,30152.74,15,8063.73,1,304.49,Full-time,1,714.63
61,59715.58,0.2347,0.2445,1,7,11643.5,154,5485.0,5,141.05,Full-time,1,821.8
39,47166.98,0.5935,0.1977,1,4,13512.86,68,4952.56,2,302.61,Self-employed,1,654.19
60,57974.58,0.2241,0.1581,1,12,9237.1,41,12803.65,0,325.39,Full-time,1,752.41
57,37470.62,0.4476,0.3901,2,14,21018.36,39,26432.36,1,381.4,Full-time,1,600.7
58,72870.64,0.2174,0.2567,1,12,32018.28,49,28487.76,3,573.4,Full-time,1,736.44
58,61873.37,0.2334,0.4905,1,4,4738.38,93,50693.14,3,782.27,Self-employed,1,709.86
47,84722.44,0.3374,0.4996,0,7,26611.79,63,18538.75,0,145.26,Full-time,1,676.38
26,72415.8,0.5225,0.1161,1,12,12780.1,14,4819.47,2,440.85,Part-time,1,650.89
64,72621.08,0.4983,0.4934,0,4,16897.31,38,16380.36,2,604.98,Full-time,1,608.83
49,34515.43,0.1356,0.504,0,13,8557.98,124,2243.37,1,305.65,Full-time,1,786.65
63,82591.84,0.5369,0.2639,2,16,11694.18,58,9952.93,2,136.84,Unemployed,1,621.29
66,57017.31,0.4824,0.3345,3,5,72738.46,30,9312.73,0,618.6,Self-employed,1,571.66
29,61391.75,0.2942,0.3661,0,7,14231.02,110,19753.72,3,249.73,Full-time,1,761.88
39,106055.62,0.3376,0.3041,0,13,17896.84,8,19416.07,0,804.5,Full-time,1,679.36
30,47870.47,0.2636,0.0775,1,13,9505.27,114,7126.1,2,108.84,Full-time,1,821.54
23,121544.16,0.5178,0.301,3,4,109973.51,47,7308.15,1,477.94,Full-time,1,583.58
66,126755.32,0.2477,0.1335,1,9,24987.53,94,14112.07,6,869.25,Full-time,1,795.65
64,92851.15,0.4045,0.4661,1,9,17764.34,124,20029.6,2,181.86,Full-time,1,690.46
64,42562.15,0.4808,0.3949,3,15,34346.5,81,24967.09,1,517.56,Full-time,1,599.54
62,24739.79,0.4978,0.4605,0,13,23120.72,23,8840.8,3,142.39,Part-time,1,604.7
51,107524.68,0.4276,0.3326,0,3,15986.92,129,12813.1,1,238.27,Full-time,1,746.07
45,69572.4,0.6986,0.4187,1,3,16484.88,140,5511.07,2,307.31,Full-time,1,627.41
67,47318.71,0.43,0.2689,1,16,6139.73,51,5572.79,1,429.45,Part-time,1,671.28
46,112207.27,0.3374,0.2266,1,12,13962.23,113,2583.41,1,532.15,Self-employed,1,761.3
51,44904.73,0.2887,0.1982,1,15,12660.92,8,7802.73,0,197.78,Full-time,1,695.51
30,54673.27,0.3198,0.1956,2,3,22578.18,57,39617.44,1,1064.65,Unemployed,1,702.66
56,83801.04,0.5165,0.1558,0,9,15549.51,151,44551.03,1,115.55,Full-time,1,781.93
59,40089.86,0.2065,0.4966,0,2,29145.51,19,21639.68,3,589.31,Full-time,1,679.73
52,62990.15,0.2778,0.2127,1,9,19337.59,62,31406.21,2,208.57,Full-time,1,740.15
44,108024.33,0.4827,0.2172,1,6,10007.95,164,26595.75,2,850.03,Self-employed,1,762.56
